Date,AMZN_Open,AMZN_High,AMZN_Low,AMZN_Close,AMZN_Volume,AMZN_Return,GOOG_Open,GOOG_High,GOOG_Low,GOOG_Close,GOOG_Volume,GOOG_Return,META_Open,META_High,META_Low,META_Close,META_Volume,META_Return,TSLA_Open,TSLA_High,TSLA_Low,TSLA_Close,TSLA_Volume,TSLA_Return
2022/6/9,119.99,121.3,116.1,116.15,67029842.000000,-0.032003,115.1215,117.13,113.647,113.698,1157080,-0.012365,190.705,195.875,180.105,180.425,23501579.000000,-0.053905,249.34,255.5467,239.3267,239.7067,32163769.000000,-0.038635
2022/6/10,113.42,114.5,109.05,109.65,87412245.000000,-0.033239,111.5615,112.277,109.641,110.2075,1567487,-0.012137,179.465,179.525,171.445,171.995,27478354.000000,-0.041624,235.1567,239.5,227.9133,232.23,32696966.000000,-0.012446
2022/6/13,104.19,106.54,101.86,103.67,99277742.000000,-0.004991,106.226,107.9985,105.368,105.6565,1837810,-0.005361,167.015,169.005,160.455,160.685,31749304.000000,-0.037901,223.1667,226.6333,214.6833,215.7367,34255754.000000,-0.033293
2022/6/14,104.19,104.88,101.43,102.31,69728761.000000,-0.018044,105.67,107.2375,105.132,105.974,1274047,0.002877,162.455,163.175,157.785,160.155,27244274.000000,-0.014158,218.2867,226.33,211.7367,220.89,32662932.000000,0.011926
2022/6/15,103.86,109.06,103.53,107.67,85011060.000000,0.036684,107.6795,110.843,106.899,109.1705,1659601,0.013847,163.625,168.585,160.405,165.775,30008251.000000,0.01314,220.9167,235.6633,218.15,233,39710645.000000,0.054696
2022/6/16,104.47,104.58,102.01,103.66,82186301.000000,-0.007753,106.9295,108.0705,104.5725,105.416,1765662,-0.014154,160.145,161.505,156.035,157.295,26944143.000000,-0.017796,222.7367,225.1667,208.6933,213.1,35796900.000000,-0.043265
2022/6/17,102.8,106.98,102.51,106.22,99772147.000000,0.033268,105.315,108.0295,104.4085,106.6455,2175833,0.012634,158.105,162.325,156.325,160.165,31374215.000000,0.013029,213.4333,220.97,213.1967,216.76,30880590.000000,0.015587
2022/6/21,108.2,111.63,103.56,108.68,70901245.000000,0.004436,108.482,111.453,108.0735,110.795,1950514,0.021322,162.355,164.185,152.395,153.475,50724899.000000,-0.054695,224.6033,243.5767,224.3333,237.0367,40930985.000000,0.055357
2022/6/22,107.43,112.13,107.02,108.95,60040131.000000,0.014149,109.943,112.5495,109.5045,110.814,1196086,0.007922,154.805,157.215,151.865,152.275,47596820.000000,-0.016343,234.5033,246.8333,233.8267,236.0867,33842420.000000,0.006752
2022/6/23,110.39,113,107.93,112.44,64345300.000000,0.018571,111.73,111.9765,109.809,111.4645,1235486,-0.002376,152.695,156.175,150.675,155.175,40499198.000000,0.016242,237.9067,239.3167,228.6367,235.07,34734226.000000,-0.011924
2022/6/24,112.38,116.71,111.43,116.46,69867618.000000,0.036305,112.383,117.4175,112.383,117.318,1956138,0.043912,158.145,166.675,157.725,166.585,68736009.000000,0.053369,237.47,246.0667,236.0867,245.7067,31923565.000000,0.034685
2022/6/27,117.09,117.98,112.7,113.22,62133240.000000,-0.033051,117.715,118.03,114.781,115.4025,1641965,-0.019645,167.745,168.175,164.435,165.915,29174559.000000,-0.010909,249.3667,252.07,242.5667,244.92,29726104.000000,-0.017832
2022/6/28,113.5,114.85,107.04,107.4,75172028.000000,-0.053744,115.131,116.6365,111.224,111.3515,1415811,-0.032828,166.325,167.725,157.035,157.105,27788725.000000,-0.055434,244.4833,249.97,232.3433,232.6633,30222167.000000,-0.048347
2022/6/29,107.38,110.99,106.91,108.92,66375341.000000,0.014342,110.9285,112.4445,110.334,111.0365,931393,0.000974,159.995,162.755,156.745,160.365,28595236.000000,0.002313,230.5,231.1733,222.2733,228.49,27632418.000000,-0.00872
2022/6/30,108.11,108.18,102.52,106.21,97679401.000000,-0.017575,109.2795,110.11,106.09,108.1525,1902302,-0.010313,158.575,161.655,154.915,157.675,35250605.000000,-0.005676,224.51,229.4567,218.8633,224.4733,31533484.000000,-0.000163
2022/7/1,106.29,109.75,105.85,109.56,73021171.000000,0.030765,107.117,108.5865,105.885,107.861,1551394,0.006946,156.735,157.045,151.425,156.455,31423933.000000,-0.001786,227,230.23,222.12,227.2633,24820148.000000,0.00116
2022/7/5,107.6,114.08,106.32,113.5,76684414.000000,0.054833,106.2945,112.8325,105.0295,112.667,1821469,0.059951,154.565,164.675,153.445,164.615,28664799.000000,0.065021,223,233.1467,216.1667,233.0667,28259704.000000,0.045142
2022/7/6,113.21,115.48,112.01,114.33,66958884.000000,0.009893,112.872,115.132,111.0305,113.9935,1442634,0.009936,164.625,168.015,161.885,166.195,23085921.000000,0.009537,230.78,234.5633,227.1867,231.7333,23951210.000000,0.004131
2022/7/7,113.85,116.99,113.49,116.33,57872323.000000,0.021783,114.788,118.642,114.314,118.086,1609197,0.028731,165.875,169.145,164.205,168.615,24083368.000000,0.016518,233.92,245.3633,232.21,244.5433,27310230.000000,0.045414
2022/7/8,114.6,116.58,113.69,115.54,45719694.000000,0.008202,116.33,119.215,116.294,118.9485,1454110,0.022509,166.405,168.825,164.575,167.305,19249243.000000,0.005408,242.3333,254.98,241.16,250.7633,33951362.000000,0.034787
2022/7/11,114.08,114.3,110.87,111.75,53540019.000000,-0.020424,117.43,117.5745,115.0145,115.3025,1341523,-0.018117,163.495,163.915,158.335,159.305,21905133.000000,-0.025628,252.1033,253.0633,233.6267,234.3433,33169740.000000,-0.070447
2022/7/12,112.16,113.23,108.34,109.22,54280257.000000,-0.026213,115.6185,116.6295,113.395,113.6295,1248508,-0.017203,161.225,162.335,158.525,159.695,16639659.000000,-0.00949,236.8467,239.7733,228.37,233.07,29310320.000000,-0.015946
2022/7/13,107.03,111.78,106.01,110.4,61353812.000000,0.031486,111.419,113.937,110.603,110.967,1947943,-0.004057,156.585,161.405,156.035,159.915,16555138.000000,0.021266,225.5,242.06,225.0333,237.04,32651499.000000,0.051175
2022/7/14,110.24,111.18,107.58,110.63,51163140.000000,0.003538,109.606,110.7675,108.1055,110.22,1618277,0.005602,157.645,159.015,153.705,154.475,23765168.000000,-0.020108,234.8967,238.6533,229.3333,238.3133,26185833.000000,0.014545
2022/7/15,112.5,115.59,111.59,113.55,84317816.000000,0.009333,111.743,112.7805,110.6025,111.547,1716538,-0.001754,156.965,161.405,156.245,161.125,23342807.000000,0.026503,240,243.6233,236.89,240.0667,23227673.000000,0.000278
2022/7/18,115,117.24,113.15,113.76,59115419.000000,-0.010783,112.22,113.58,108.08,108.69,33353985.000000,-0.031456,163.175,168.115,162.065,163.655,23574337.000000,0.002942,244.9367,250.5167,239.6033,240.5467,27512476.000000,-0.017923
2022/7/19,115.7,118.95,114.03,118.21,60990043.000000,0.021694,110.51,113.59,109.28,113.4,30992331.000000,0.026151,166.795,172.915,165.935,172.205,25933679.000000,0.032435,245,247.14,236.9767,245.53,26963370.000000,0.002163
2022/7/20,118.61,123.47,118.32,122.77,71268322.000000,0.035073,112.84,115.11,112.04,113.48,26780088.000000,0.005672,173.915,180.025,173.125,179.515,24784274.000000,0.0322,246.7833,250.6633,243.4833,247.5,29621363.000000,0.002904
2022/7/21,123.2,124.85,121.26,124.63,60239892.000000,0.011607,113.87,113.99,110.69,113.82,27267848.000000,-0.000439,177.055,180.275,175.295,179.595,27195815.000000,0.014346,255.1067,273.2667,254.8667,271.7067,47344059.000000,0.065071
2022/7/22,125.01,125.5,121.35,122.42,51463797.000000,-0.020718,110.59,111.96,106.38,107.14,44455304.000000,-0.031196,169.495,172.025,164.835,165.695,42583916.000000,-0.02242,276.22,280.7867,270.7133,272.2433,34490949.000000,-0.014397
2022/7/25,122.69,123.64,120.03,121.14,50221259.000000,-0.012633,107.66,109.36,105.79,106.99,28289942.000000,-0.006223,165.425,166.995,161.235,163.075,26166326.000000,-0.014206,272.2167,274.1467,267.4,268.4333,21357835.000000,-0.013898
2022/7/26,115.79,118.15,114.53,114.81,67075064.000000,-0.008464,106.21,106.52,103.54,104.22,36626630.000000,-0.018736,162.365,162.425,154.375,155.575,28468424.000000,-0.041819,266.5133,267.31,256.2633,258.86,22273586.000000,-0.028716
2022/7/27,117.31,121.9,117.16,120.97,61582015.000000,0.031199,108.38,113.18,107.2,112.38,41474618.000000,0.036907,159.015,167.295,158.445,166.005,43846557.000000,0.043958,263.81,275.9267,261.79,274.82,29369996.000000,0.041735
2022/7/28,121.57,122.84,118.08,122.28,82245543.000000,0.00584,111.58,113.48,110.63,113.37,23303844.000000,0.016042,157.485,157.935,151.275,157.145,73214326.000000,-0.002159,280.0667,283.3,272.8,280.9,28240997.000000,0.002975
2022/7/29,134.9,137.65,132.41,134.95,148892889.000000,0.000371,112.18,115.68,112.01,115.42,31336183.000000,0.028882,154.115,156.565,151.595,155.525,42065395.000000,0.009149,280.7,298.32,279.1,297.15,31770961.000000,0.058603
2022/8/1,134.96,138.83,133.51,135.39,76846908.000000,0.003186,114.31,115.9,113.47,114.26,22856202.000000,-0.000437,153.675,161.615,151.655,156.355,40596702.000000,0.017439,301.2767,311.8767,295,297.2767,39014296.000000,-0.013277
2022/8/2,134.72,137.44,134.09,134.16,61922429.000000,-0.004157,113.21,115.86,113.04,114.68,17911039.000000,0.012985,154.735,158.665,154.435,156.615,27374516.000000,0.01215,294.0033,307.8333,292.6667,300.5867,31859156.000000,0.022392
2022/8/3,136.21,140.49,136.05,139.52,71827780.000000,0.024301,115.12,118.2,114.93,117.56,25302816.000000,0.021195,159.115,165.965,157.995,165.225,31717527.000000,0.0384,305,309.55,301.15,307.3967,26697035.000000,0.007858
2022/8/4,140.58,143.56,139.55,142.57,70585020.000000,0.014156,117.08,118.28,116.49,117.65,15757698.000000,0.004868,164.725,168.575,163.225,166.995,23938212.000000,0.013781,311,313.6067,305,308.6333,24085439.000000,-0.00761
2022/8/5,140.1,142.86,139.6,140.8,50686865.000000,0.004996,115.71,117.64,115.49,117,15615663.000000,0.011149,163.415,168.035,162.225,163.535,25832701.000000,0.000734,302.67,304.6067,285.5433,288.17,37724299.000000,-0.047907
2022/8/8,142.05,144.23,138.29,139.41,52303475.000000,-0.018585,117.9,119.64,116.61,116.92,17061112.000000,-0.008312,164.425,173.935,163.555,166.675,27299113.000000,0.013684,295,305.2,289.0867,290.4233,33121758.000000,-0.015514
2022/8/9,138.05,138.95,136.21,137.83,40434715.000000,-0.001594,116.77,116.98,115.34,116.28,15424257.000000,-0.004196,165.375,165.955,163.025,164.955,18655056.000000,-0.00254,290.2933,292.3967,279.3533,283.3333,28748227.000000,-0.023976
2022/8/10,142.9,144.6,141.01,142.69,54773819.000000,-0.00147,118.37,120.56,118.14,119.43,20497021.000000,0.008955,172.415,176.905,170.375,174.765,30262132.000000,0.01363,297.0667,297.51,283.37,294.3567,31639624.000000,-0.009123
2022/8/11,143.86,144.49,139.76,140.64,44867336.000000,-0.022383,120.86,121.12,118.33,118.6,16671627.000000,-0.018699,176.135,179.525,172.795,173.915,24079062.000000,-0.012604,296.5133,298.2367,285.8333,286.63,23385015.000000,-0.033332
2022/8/12,142.05,143.57,140.12,143.55,47643484.000000,0.01056,119.94,121.43,119.18,121.43,16121087.000000,0.012423,177.235,177.885,175.335,176.925,21274046.000000,-0.001749,289.4167,300.16,285.0333,300.03,26552429.000000,0.036671
2022/8/15,142.8,143.76,141.49,143.18,39014583.000000,0.002661,120.99,122.04,120.35,121.66,15524951.000000,0.005538,175.385,177.865,174.625,177.315,15878671.000000,0.011004,301.7867,313.1333,301.23,309.32,29786389.000000,0.024962
2022/8/16,143.91,146.57,142,144.78,59102859.000000,0.006045,121.1,122.01,120.32,121.29,15626171.000000,0.001569,175.865,177.415,173.465,175.895,21156710.000000,0.000171,311.6667,314.6667,302.8833,306.5633,29378774.000000,-0.016375
2022/8/17,142.69,143.38,140.78,142.1,48149778.000000,-0.004135,119.71,120.93,118.98,119.1,17589157.000000,-0.005096,173.185,174.565,170.595,171.275,20118133.000000,-0.011029,303.3967,309.6567,300.0333,303.9967,22921990.000000,0.001978
2022/8/18,141.32,142.77,140.38,142.3,37458737.000000,0.006935,119.01,120.47,118.33,119.64,15652029.000000,0.005294,170.765,172.185,168.285,171.085,18844451.000000,0.001874,306,306.5,301.8533,302.87,15833512.000000,-0.010229
2022/8/19,140.47,141.11,137.91,138.23,47792843.000000,-0.015946,118.65,118.78,116.45,116.9,20186983.000000,-0.014749,166.625,168.745,163.475,164.385,26240799.000000,-0.013443,299,300.36,292.5,296.6667,20465129.000000,-0.007804
2022/8/22,135.72,136.32,132.85,133.22,50461504.000000,-0.01842,114.88,115.28,113.45,113.85,19316024.000000,-0.008966,161.915,161.915,158.685,159.475,19499711.000000,-0.01507,291.9133,292.4,286.2967,289.9133,18614449.000000,-0.006851
2022/8/23,133.41,134.99,132.95,133.62,36252103.000000,0.001574,113.1,114.71,113.08,113.55,14390691.000000,0.003979,158.905,161.475,157.125,157.535,18111777.000000,-0.008622,291.4533,298.8267,287.9233,296.4533,21328348.000000,0.017155
2022/8/24,132.75,135.47,132.1,133.8,38626978.000000,0.00791,113.23,114.5,112.56,113.48,16051174.000000,0.002208,157.025,161.885,156.195,159.685,20891481.000000,0.01694,297.5633,303.6467,296.5,297.0967,19086572.000000,-0.001568
2022/8/25,135.26,137.42,134.28,137.28,37496283.000000,0.014934,113.93,116.56,113.83,116.48,14874666.000000,0.022382,161.605,165.305,160.445,165.205,15550514.000000,0.022277,302.36,302.96,291.6,296.07,53230013.000000,-0.020803
2022/8/26,136.55,137.83,130.5,130.75,53322663.000000,-0.042475,114.59,115.38,110,110.08,31698668.000000,-0.039358,164.905,167.345,158.095,158.205,24023633.000000,-0.040629,297.43,302,287.47,288.09,57163947.000000,-0.031402
2022/8/29,129.9,131.95,128.77,129.79,48101638.000000,-0.000847,109.56,110.74,108.59,109.12,20386142.000000,-0.004016,157.085,159.475,155.435,155.595,20052661.000000,-0.009485,282.83,287.74,280.7,284.82,41864742.000000,0.007036
2022/8/30,131.25,132.07,126.85,128.73,49202990.000000,-0.0192,109.81,110.15,107.58,108.69,20548202.000000,-0.010199,156.775,158.085,152.335,153.585,19567948.000000,-0.020348,287.87,288.48,272.65,277.7,50541759.000000,-0.035328
2022/8/31,129.45,130.59,126.74,126.77,53648702.000000,-0.020703,110.41,110.55,107.83,107.93,25897978.000000,-0.022462,163.495,164.265,158.565,159.355,40952975.000000,-0.025322,280.62,281.25,271.81,275.61,52107337.000000,-0.017853
2022/9/1,126,128.02,123.66,127.82,56636145.000000,0.014444,107.98,110,106.97,109.33,22784385.000000,0.012502,160.005,163.785,156.775,161.785,30145683.000000,0.011125,272.58,277.58,266.15,277.16,54287024.000000,0.016802
2022/9/2,129.5,131.38,126.39,127.51,57429829.000000,-0.015367,110.12,110.46,106.91,107.46,20618080.000000,-0.024155,163.875,164.355,155.645,156.745,22634191.000000,-0.043509,281.07,282.35,269.08,270.21,50890090.000000,-0.038638
2022/9/6,127.92,128.62,124.74,126.11,43888587.000000,-0.014149,106.92,107.66,105.29,106.26,20565050.000000,-0.006173,156.525,158.115,154.115,154.965,19339781.000000,-0.009966,272.68,275.99,265.74,274.42,55859984.000000,0.006381
2022/9/7,126.12,129.82,125.4,129.48,47834487.000000,0.026641,106.54,109.77,106.39,109.26,22987178.000000,0.02553,154.185,157.385,153.235,156.815,16831182.000000,0.017057,273.1,283.84,272.27,283.7,50028916.000000,0.038814
2022/9/8,127.72,130.28,127.1,129.82,43988509.000000,0.016442,107.96,109.36,106.84,108.2,21660654.000000,0.002223,155.135,158.655,154.165,158.485,22530785.000000,0.021594,281.3,289.5,279.76,289.26,53713124.000000,0.028297
2022/9/9,130.91,133.69,130.76,133.27,49422259.000000,0.018028,108.83,110.78,108.78,110.56,21745034.000000,0.015896,159.675,165.965,159.445,165.575,22129802.000000,0.03695,291.67,299.85,291.25,299.68,54470854.000000,0.027463
2022/9/12,134.1,136.49,134,136.45,53826859.000000,0.017524,110.77,111.42,109.71,110.65,19732905.000000,-0.001083,163.815,167.815,163.705,165.385,23220405.000000,0.009584,300.72,305.49,300.4,304.42,48674604.000000,0.012304
2022/9/13,131.01,131.4,126.27,126.82,72694010.000000,-0.031982,107.67,108.15,103.78,104.09,33014991.000000,-0.03325,157.965,158.055,149.095,149.555,44444061.000000,-0.05324,292.9,297.4,290.4,292.13,68229619.000000,-0.002629
2022/9/14,127.36,128.84,126.33,128.55,45316772.000000,0.009344,104.22,104.88,103.28,104.65,22115805.000000,0.004126,149.755,149.965,145.475,147.895,43064195.000000,-0.01242,292.24,306,291.64,302.61,72628653.000000,0.035485
2022/9/15,127.38,130.37,125.5,126.28,52887196.000000,-0.008636,103.79,104.99,102.09,102.68,26494933.000000,-0.010695,146.225,150.625,145.125,145.975,34606348.000000,-0.00171,301.83,309.12,300.72,303.75,64795523.000000,0.006361
2022/9/16,122.78,123.87,120.7,123.53,115667804.000000,0.006108,101.75,102.81,100.64,102.41,64540115.000000,0.006486,144.475,145.005,140.715,142.715,40122824.000000,-0.012182,299.61,303.71,295.6,303.35,87087786.000000,0.012483
2022/9/19,122.16,124.71,121.8,124.66,47279727.000000,0.020465,101.32,102.8,101.15,102.63,19738603.000000,0.012929,141.665,145.005,141.525,144.445,22169477.000000,0.019624,300.09,309.84,297.8,309.07,60231156.000000,0.029924
2022/9/20,123.35,124.4,121.14,122.19,47698432.000000,-0.009404,101.66,101.95,99.9,100.61,24001668.000000,-0.010329,142.205,145.265,141.645,142.515,23217350.000000,0.00218,306.91,313.33,305.58,308.73,61642783.000000,0.00593
2022/9/21,122.49,123.76,118.45,118.54,58498887.000000,-0.032248,101.02,102.27,98.77,98.79,26596757.000000,-0.022075,142.815,146.025,138.425,138.545,38338614.000000,-0.029899,308.29,313.8,300.63,300.8,62555656.000000,-0.024295
2022/9/22,117.08,118.79,116.26,117.31,55229190.000000,0.001964,98.23,100.46,98.19,99.35,21272675.000000,0.011402,137.975,141.005,137.295,139.245,34418521.000000,0.009205,299.86,301.29,285.82,288.59,70545413.000000,-0.037584
2022/9/23,116,116.05,112.06,113.78,65126665.000000,-0.019138,98.84,98.89,96.79,97.95,25656959.000000,-0.009004,137.845,139.045,135.315,136.835,31710685.000000,-0.007327,283.09,284.5,272.82,275.33,63748362.000000,-0.027412
2022/9/26,113.3,117.34,113.13,115.15,62723268.000000,0.016328,97.39,99.22,97.16,97.59,22437938.000000,0.002054,136.545,138.665,132.615,132.795,30497021.000000,-0.027463,271.83,284.09,270.31,276.01,58076913.000000,0.015377
2022/9/27,117.2,118.32,113.05,114.41,60094693.000000,-0.023805,98.69,99.24,96.12,96.87,24224988.000000,-0.018442,134.345,135.845,130.545,130.825,30826471.000000,-0.026201,283.84,288.67,277.51,282.94,61925185.000000,-0.003171
2022/9/28,114.38,118.7,113.8,118.01,55763750.000000,0.031736,96.8,100.18,96.58,99.52,24616999.000000,0.028099,131.045,138.455,130.695,138.035,32658478.000000,0.05334,283.08,289,277.57,287.81,54664809.000000,0.016709
2022/9/29,115.6,116.07,113.06,114.8,58969714.000000,-0.00692,98.08,98.08,95.3,96.87,21921520.000000,-0.012337,135.785,136.265,131.625,132.835,38985414.000000,-0.021726,282.76,283.65,265.78,268.21,77620642.000000,-0.051457
2022/9/30,114.08,116.92,112.84,113,59479586.000000,-0.009467,96.51,98.27,94.81,94.93,26277832.000000,-0.016371,132.475,137.415,131.925,132.105,33166393.000000,-0.002793,266.15,275.57,262.47,265.25,67726598.000000,-0.003382
2022/10/3,113.58,116.91,112.45,115.88,50941854.000000,0.02025,96,98.75,95.8,98.08,24840028.000000,0.021667,133.565,136.045,132.525,135.035,27723063.000000,0.011006,254.5,255.16,241.01,242.4,98363541.000000,-0.047544
2022/10/4,119.89,123,119.79,121.09,62812564.000000,0.010009,99.82,101.5,99.82,101.19,22580931.000000,0.013725,136.915,138.815,135.765,136.705,34670729.000000,-0.001534,250.52,257.5,242.01,249.44,109578535.000000,-0.004311
2022/10/5,118.58,121.75,117.69,120.95,48217535.000000,0.019987,99.47,101.52,98.52,101,18475515.000000,0.015382,134.665,136.635,131.205,135.405,27979348.000000,0.005495,245.01,246.67,233.27,240.81,86982673.000000,-0.017142
2022/10/6,120.77,121.53,119.5,120.3,42253755.000000,-0.003892,100.28,102.51,100.28,101.02,17156240.000000,0.007379,134.145,137.875,133.025,135.495,36231056.000000,0.010064,239.44,244.58,235.35,238.13,69298437.000000,-0.005471
2022/10/7,118,118.17,113.88,114.56,54677980.000000,-0.029153,99.43,100.2,97.99,98.35,24249910.000000,-0.010862,133.185,134.715,128.865,129.875,33214773.000000,-0.024853,233.94,234.57,222.02,223.07,83916800.000000,-0.046465
2022/10/10,115.1,116.25,112.43,113.67,42339675.000000,-0.012424,98.63,98.77,96.65,97.49,16529897.000000,-0.011558,129.975,132.535,128.295,130.215,24023982.000000,0.001847,223.93,226.99,218.36,222.96,67925018.000000,-0.004332
2022/10/11,112.71,115.48,110.39,112.21,56432233.000000,-0.004436,97.03,98.9,96.03,96.83,21617727.000000,-0.002061,128.045,129.085,123.415,124.965,38481403.000000,-0.024054,220.95,225.75,215,216.5,77013202.000000,-0.02014
2022/10/12,112.49,113.83,111.4,112.9,45728660.000000,0.003645,97.05,98.43,96.45,97.08,17343431.000000,0.000309,124.745,126.095,122.675,123.925,34605245.000000,-0.006573,215.33,219.3,211.51,217.24,66860699.000000,0.00887
2022/10/13,107.88,113.44,105.35,112.53,86868103.000000,0.043103,94.71,99.31,94.05,98.49,32812220.000000,0.039911,119.955,127.565,118.955,126.715,34325715.000000,0.056354,208.3,222.99,206.22,221.72,91483045.000000,0.064426
2022/10/14,114.1,114.96,106.6,106.9,67737344.000000,-0.063103,99.41,100.07,95.81,95.96,22624832.000000,-0.034705,127.425,128.215,122.945,123.185,23559407.000000,-0.033274,224.01,226.26,204.16,204.99,94124511.000000,-0.084907
2022/10/17,110.11,114.19,110.09,113.79,62781985.000000,0.033421,98.3,100.55,98.29,99.56,23311604.000000,0.012818,126.725,131.215,126.605,130.465,29612245.000000,0.029513,210.04,221.86,209.45,219.35,79428810.000000,0.044325
2022/10/18,119.06,119.52,114.79,116.36,65607448.000000,-0.022678,102.72,103,99.43,100.17,21610541.000000,-0.024825,133.515,134.265,127.825,129.225,25444979.000000,-0.032131,229.5,229.82,217.25,220.19,75891905.000000,-0.040566
2022/10/19,114.71,116.59,113.22,115.07,47198122.000000,0.003138,99.48,100.44,98.42,99.07,21573686.000000,-0.004121,129.315,133.425,128.645,129.655,30691047.000000,0.002629,219.8,222.93,217.78,222.04,66571479.000000,0.010191
2022/10/20,113.83,118.24,113.51,115.25,48795104.000000,0.012475,99.6,101.78,98.75,99.31,25125082.000000,-0.002912,129.355,133.195,127.735,127.955,26356276.000000,-0.010823,208.28,215.55,202,207.28,117798062.000000,-0.004801
2022/10/21,114.79,119.59,114.5,119.32,55660485.000000,0.039463,97.24,100.4,97.01,100.26,28988727.000000,0.031057,122.735,126.545,121.865,126.435,46348647.000000,0.030146,206.42,214.66,203.8,214.44,75713754.000000,0.038853
2022/10/24,119.98,120.39,116.57,119.82,49531523.000000,-0.001334,100.87,101.88,99.08,101.75,24680831.000000,0.008724,123.675,129.905,120.995,126.145,63563447.000000,0.019972,205.82,213.5,198.59,211.25,100446765.000000,0.026382
2022/10/25,119.65,121.32,118.95,120.6,50934609.000000,0.00794,102.08,103.88,101.8,103.71,29910170.000000,0.015968,127.305,134.775,127.015,133.935,38433219.000000,0.05208,210.1,224.35,210,222.42,96507870.000000,0.058639
2022/10/26,116,119.35,114.76,115.66,69002457.000000,-0.002931,95.54,97.32,93.35,93.6,71671814.000000,-0.020306,128.105,131.975,124.955,126.245,89294679.000000,-0.014519,219.4,230.6,218.2,224.64,85327078.000000,0.023883
2022/10/27,113.92,114.12,109.77,110.96,129605362.000000,-0.025983,93.09,93.95,90.68,91.38,54036485.000000,-0.018369,94.405,98.925,92.805,94.365,232316571.000000,-0.000424,229.77,233.81,222.85,225.09,61638824.000000,-0.020368
2022/10/28,97.91,103.96,97.66,103.41,223133398.000000,0.056174,91.31,95.64,91.1,95.36,35696925.000000,0.044354,96.005,97.275,93.935,95.625,95928306.000000,-0.003958,225.4,228.86,216.35,228.52,69152386.000000,0.013842
2022/10/31,103.56,104.87,100.74,102.44,99251395.000000,-0.010815,94.56,95.13,93.16,93.44,29868714.000000,-0.011844,94.645,95.745,89.025,89.585,121361444.000000,-0.053463,226.19,229.85,221.94,227.54,61554341.000000,0.005968
2022/11/1,103.99,104.58,96.06,96.79,153370032.000000,-0.069237,94.37,94.95,89.21,89.28,43220599.000000,-0.053937,90.755,93.915,89.975,91.625,110189617.000000,0.009586,234.05,237.4,227.28,227.82,62688822.000000,-0.026618
2022/11/2,97.32,97.74,92.01,92.12,135761798.000000,-0.053432,89.69,90.08,85.79,85.85,43553551.000000,-0.042814,90.635,91.625,86.905,86.965,71821058.000000,-0.040492,226.04,227.87,214.82,214.98,63070293.000000,-0.048929
2022/11/3,92.47,93.5,89.02,89.3,136683303.000000,-0.034281,85.13,85.33,82.23,82.27,48510364.000000,-0.033596,86.505,86.885,84.835,85.335,60664012.000000,-0.013525,211.36,221.2,210.14,215.31,56538848.000000,0.018688
2022/11/4,91.49,92.44,88.04,90.98,129101336.000000,-0.005574,84.29,85.51,82.66,85.48,40173284.000000,0.014118,86.775,87.815,84.515,87.215,55638061.000000,0.005071,222.6,223.8,203.08,207.47,98622212.000000,-0.067969
2022/11/7,91.95,92.1,89.04,90.53,77495728.000000,-0.015443,86.12,87.72,85.74,87.43,26899879.000000,0.015211,91.205,93.305,89.525,93.145,81987295.000000,0.021271,208.65,208.9,196.66,197.08,93916520.000000,-0.055452
2022/11/8,90.79,91.72,88.23,89.98,88703370.000000,-0.008922,87.94,89.19,86.43,87.69,30172001.000000,-0.002843,92.345,94.225,91.215,92.895,52088320.000000,0.005956,194.02,195.2,186.75,191.3,128803404.000000,-0.014019
2022/11/9,89.47,89.48,85.87,86.14,90796249.000000,-0.037219,87.33,88.27,86.14,86.18,26743883.000000,-0.013168,98.145,101.325,97.165,97.895,107677284.000000,-0.002547,190.78,195.89,177.12,177.59,127062659.000000,-0.069137
2022/11/10,92.94,98.69,91.65,96.63,173414862.000000,0.039703,91.12,93.33,90.43,92.95,42371216.000000,0.020083,103.545,109.175,101.035,108.295,80670961.000000,0.045874,189.9,191,180.03,190.72,132703015.000000,0.004318
2022/11/11,97.88,101.19,96.66,100.79,111590544.000000,0.02973,93.49,96.14,92.94,95.51,30569112.000000,0.021607,105.655,111.325,105.235,109.445,59961742.000000,0.035871,186,196.52,182.59,195.97,114403575.000000,0.053602
2022/11/14,98.77,100.12,97.29,98.49,99533072.000000,-0.002835,94.28,95.96,93.89,94.81,24170076.000000,0.005622,107.415,112.695,107.225,110.645,53394974.000000,0.03007,192.77,195.73,186.34,190.95,92226649.000000,-0.009441
2022/11/15,103.21,103.79,97.34,98.94,111336317.000000,-0.041372,97.45,99.2,95.8,97.5,31830969.000000,0.000513,112.495,115.165,110.835,113.505,50670499.000000,0.008978,195.88,200.82,192.06,194.42,91293785.000000,-0.007454
2022/11/16,96.85,98.49,95.54,97.12,87958828.000000,0.002788,96.8,98.63,96.68,97.77,24660195.000000,0.010021,110.925,112.505,109.085,109.655,33287773.000000,-0.011449,191.51,192.57,185.66,186.92,66567599.000000,-0.023967
2022/11/17,95.37,96.97,94.03,94.85,82617865.000000,-0.005452,95.96,98.26,95.88,97.28,21818732.000000,0.013756,106.835,108.755,106.225,107.875,35093822.000000,0.009735,183.96,186.16,180.9,183.17,64335970.000000,-0.004294
2022/11/18,95.95,95.99,92.48,94.14,72428185.000000,-0.018864,97.79,97.94,95.52,96.58,24969880.000000,-0.012373,110.225,110.745,107.045,108.475,33357707.000000,-0.015877,185.05,185.19,176.55,180.19,76048866.000000,-0.026263
2022/11/21,93.97,95.02,90.59,92.46,84330270.000000,-0.016069,96.34,97.5,94.45,94.61,18696874.000000,-0.017957,107.945,108.795,105.615,106.285,24351074.000000,-0.015378,175.85,176.77,167.54,167.87,92882712.000000,-0.04538
2022/11/22,92.62,93.35,90.87,93.2,62191962.000000,0.006262,94.94,96.33,93.19,96.11,18868850.000000,0.012324,106.285,108.045,104.745,107.865,29028963.000000,0.014866,168.63,170.92,166.19,169.91,78452327.000000,0.007591
2022/11/23,93.24,94.58,92.83,94.13,59414684.000000,0.009545,96.12,97.85,96.12,97.6,17568859.000000,0.015397,108.145,109.095,107.155,108.665,21343083.000000,0.004808,173.57,183.62,172.5,183.2,109536709.000000,0.055482
2022/11/25,93.79,94.43,93.07,93.41,35088609.000000,-0.004052,97.25,97.72,96.31,96.38,8567819,-0.008946,107.725,109.155,107.445,107.835,12007566.000000,0.001021,185.06,185.2,180.63,182.86,50672739.000000,-0.011888
2022/11/28,93.93,96.4,93.43,93.95,75062316.000000,0.000213,95.98,96.61,94.67,95.03,19981974.000000,-0.009898,107.205,108.465,104.805,105.205,23332816.000000,-0.018656,179.96,188.5,179,182.92,93038148.000000,0.016448
2022/11/29,94.04,94.41,91.44,92.42,65567286.000000,-0.017227,94.78,95.17,93.17,94.22,20220007.000000,-0.005908,105.965,107.365,104.965,105.885,23899238.000000,-0.000755,184.99,186.38,178.75,180.83,83357111.000000,-0.022488
2022/11/30,92.47,96.54,91.53,96.54,102805806.000000,0.044014,93.9,100.23,93.45,100.23,39888074.000000,0.067412,105.935,114.585,105.805,114.525,43348557.000000,0.081087,182.43,194.76,180.63,194.7,109186404.000000,0.067259
2022/12/1,96.99,97.23,94.92,95.5,68487969.000000,-0.015362,100.18,101.37,99.45,100.06,21771536.000000,-0.001198,115.625,117.625,114.825,116.865,36551374.000000,0.010724,197.08,198.92,191.8,194.7,80046213.000000,-0.012076
2022/12/2,94.48,95.36,93.78,94.13,72496388.000000,-0.003704,98.15,99.93,97.95,99.61,18821527.000000,0.014875,114.255,120.465,114.035,119.915,39950464.000000,0.049538,191.78,196.25,191.11,194.86,73645922.000000,0.01606
2022/12/5,93.05,94.06,90.82,91.01,71535526.000000,-0.021924,98.6,100.53,98.14,98.65,19955546.000000,0.000507,118.175,121.095,117.775,118.855,35474884.000000,0.005754,189.44,191.27,180.55,182.45,93122667.000000,-0.036898
2022/12/6,90.5,91.04,87.9,88.25,75503628.000000,-0.024862,98.45,98.99,95.54,96.09,20877623.000000,-0.023972,116.335,116.975,110.165,110.545,43689183.000000,-0.04977,181.22,183.65,175.33,179.82,92150823.000000,-0.007725
2022/12/7,88.34,89.89,87.48,88.46,68086880.000000,0.001358,95.55,96.09,93.81,93.93,26647877.000000,-0.016954,110.185,112.305,109.305,110.355,29461137.000000,0.001543,175.03,179.38,172.22,174.04,84213284.000000,-0.005656
2022/12/8,89.24,90.86,87.88,90.35,73305887.000000,0.012438,94.47,94.65,92.58,92.73,25593232.000000,-0.018419,112.815,113.765,111.015,111.755,30619418.000000,-0.009396,172.2,175.2,169.06,173.44,97624491.000000,0.007201
2022/12/9,88.9,90.3,88.63,89.09,67398506.000000,0.002137,92.68,93.27,91.8,91.85,21885308.000000,-0.008956,111.725,113.965,110.295,112.325,26033353.000000,0.00537,173.84,182.5,173.36,179.05,104872336.000000,0.02997
2022/12/12,89.21,90.58,87.87,90.55,61999762.000000,0.015021,91.87,92.65,90.68,92.34,27380948.000000,0.005116,111.605,112.145,109.565,111.135,24747064.000000,-0.004211,176.1,177.37,167.52,167.82,109794471.000000,-0.047019
2022/12/13,95.23,96.25,90.52,92.49,100212038.000000,-0.028772,96.85,98.58,94.16,94.63,34788522.000000,-0.022922,118.555,119.725,115.065,116.575,44701054.000000,-0.016701,174.87,175.05,156.91,160.95,175862722.000000,-0.079602
2022/12/14,92.5,93.46,89.87,91.58,70298006.000000,-0.009946,94.32,96,92.72,94.09,26452939.000000,-0.002439,115.815,120.565,115.815,118.015,36922037.000000,0.018996,159.25,161.62,155.31,156.8,140682338.000000,-0.015385
2022/12/15,89.89,89.97,87.47,88.45,84802877.000000,-0.01602,92.32,92.81,89.21,89.98,28298756.000000,-0.025347,114.755,115.055,110.435,112.575,34530970.000000,-0.018997,153.44,160.93,153.28,157.67,122334459.000000,0.027568
2022/12/16,88.27,89.35,86.73,87.86,146144064.000000,-0.004645,89.98,90.53,88.79,89.64,48485507.000000,-0.003779,116.655,119.735,115.245,115.855,67064001.000000,-0.006858,159.64,160.99,150.04,150.23,139032175.000000,-0.058945
2022/12/19,87.51,87.63,84.51,84.92,83531460.000000,-0.029597,89.66,89.98,87.71,87.93,23020537.000000,-0.019295,113.255,114.225,110.755,110.905,29769875.000000,-0.02075,154,155.25,145.82,149.87,139390634.000000,-0.026818
2022/12/20,85.33,86.61,84.33,85.19,74348301.000000,-0.001641,87.51,88.56,86.82,88.41,21976846.000000,0.010285,109.685,113.755,108.885,113.515,28742501.000000,0.034918,146.05,148.47,137.66,137.8,159563267.000000,-0.056488
2022/12/21,86.18,87.23,85.21,86.77,59267156.000000,0.006846,88.51,89.7,87.69,89.03,20336387.000000,0.005875,113.125,116.765,112.045,116.185,20392799.000000,0.02705,139.34,141.26,135.89,137.57,145417412.000000,-0.012703
2022/12/22,85.52,85.68,82.25,83.79,81431314.000000,-0.020229,87.71,87.96,85.72,87.04,23656066.000000,-0.007639,113.625,115.045,110.805,113.545,23618121.000000,-0.000704,136,136.63,122.26,125.35,210090250.000000,-0.078309
2022/12/23,83.25,85.78,82.93,85.25,57433655.000000,0.024024,86.4,88.88,86.4,88.59,17815010.000000,0.025347,112.455,114.605,111.965,114.465,17796625.000000,0.017874,126.37,128.62,121.02,123.15,166989688.000000,-0.025481
2022/12/27,84.97,85.35,83,83.04,57284035.000000,-0.022714,88.09,88.28,86.32,86.71,15470870.000000,-0.015666,114.355,115.025,112.475,113.305,21392311.000000,-0.009182,117.5,119.67,108.76,109.1,208643444.000000,-0.071489
2022/12/28,82.8,83.48,81.69,81.82,58228575.000000,-0.011836,86.28,87.3,85.15,85.24,17879567.000000,-0.012054,112.675,114.575,111.935,112.045,19612473.000000,-0.005591,110.35,116.27,108.24,112.71,221070537.000000,0.021386
2022/12/29,82.87,84.55,82.55,84.18,54995895.000000,0.015808,85.81,88.15,85.77,87.73,18280660.000000,0.022375,112.825,117.455,112.195,116.685,22366192.000000,0.034212,120.39,123.57,117.5,121.82,221923313.000000,0.011878
2022/12/30,83.12,84.05,82.47,84,62401194.000000,0.010587,86.15,87.61,85.81,87.51,19190296.000000,0.015786,114.585,116.845,114.165,116.765,19583825.000000,0.019025,119.95,124.48,119.75,123.18,157777339.000000,0.026928
2023/1/3,85.46,86.96,84.21,85.82,76706040.000000,0.004212,88.61,90.33,87.8,88.48,20738457.000000,-0.001467,119.245,122.795,118.705,121.165,35528531.000000,0.016101,118.47,118.8,104.64,108.1,231402818.000000,-0.087533
2023/1/4,86.55,86.98,83.36,85.14,68885123.000000,-0.016291,89.79,90.02,86.58,87.49,27046483.000000,-0.025615,123.805,125.475,122.275,123.795,32397094.000000,-0.000081,109.11,114.59,107.52,113.64,180388976.000000,0.041518
2023/1/5,85.33,85.42,83.07,83.12,67930825.000000,-0.025899,86.85,86.99,85.34,85.55,23136084.000000,-0.014968,122.555,124.945,120.965,123.365,25447099.000000,0.006609,110.51,111.75,107.16,110.34,157986324.000000,-0.001538
2023/1/6,83.03,86.4,81.43,86.08,83303361.000000,0.036734,86.14,87.25,84.35,86.94,26612628.000000,0.009287,125.395,126.755,122.465,126.445,27584498.000000,0.008374,103,114.39,101.81,113.06,220911051.000000,0.09767
2023/1/9,87.46,89.48,87.08,87.36,65266056.000000,-0.001143,87.98,89.61,87.36,87.58,22996681.000000,-0.004546,127.585,129.375,125.705,125.895,26649145.000000,-0.013246,118.96,123.52,117.11,119.77,190283951.000000,0.006809
2023/1/10,87.57,90.19,87.29,89.87,67756601.000000,0.026265,85.5,88.26,85.48,88.02,22855590.000000,0.029474,123.695,129.865,123.575,129.415,28684431.000000,0.046243,121.07,122.76,114.92,118.85,167642485.000000,-0.018336
2023/1/11,90.93,95.26,90.93,95.09,103126183.000000,0.045749,88.84,91.23,88.52,91.04,25998844.000000,0.024764,127.385,130.275,126.765,129.315,25423046.000000,0.015151,122.09,125.95,120.51,123.22,183810771.000000,0.009255
2023/1/12,96.93,97.19,93.5,95.27,85254781.000000,-0.017126,91.18,91.4,89.35,90.69,22754216.000000,-0.005374,129.865,134.105,128.185,133.135,30757732.000000,0.02518,122.56,124.13,117,123.56,169400913.000000,0.008159
2023/1/13,94.18,98.37,94.12,98.12,85549432.000000,0.041835,90.31,91.76,89.71,91.58,18630709.000000,0.014063,131.395,133.815,131.265,133.405,22423839.000000,0.015297,116.55,122.63,115.6,122.4,180714119.000000,0.050193
2023/1/17,98.68,98.89,95.73,96.05,72755001.000000,-0.026652,91.56,91.75,89.62,90.94,22935823.000000,-0.006772,132.605,133.175,130.675,131.785,21147587.000000,-0.006184,125.7,131.7,125.02,131.49,186476985.000000,0.046062
2023/1/18,97.25,99.32,95.38,95.46,79570370.000000,-0.018406,91.72,92.37,90.18,90.56,19641622.000000,-0.012647,132.235,133.675,129.225,129.445,20215486.000000,-0.021099,136.56,136.68,127.01,128.78,195680318.000000,-0.056971
2023/1/19,94.74,95.44,92.86,93.68,69002663.000000,-0.011189,90.17,93.18,90.16,92.69,28707653.000000,0.027947,128.915,133.875,128.565,132.575,28625232.000000,0.028391,127.26,129.99,124.31,127.17,170291880.000000,-0.000707
2023/1/20,93.86,97.35,93.2,97.25,67481539.000000,0.036118,94.73,98.2,94.69,98.06,53704763.000000,0.035153,132.315,136.365,131.035,135.795,28688630.000000,0.026301,128.68,133.51,127.35,133.42,138858136.000000,0.036836
2023/1/23,97.56,97.78,95.86,97.52,76501103.000000,-0.00041,97.91,100.18,97.53,99.99,31791782.000000,0.021244,135.715,140.185,135.085,139.695,27470093.000000,0.029326,135.87,145.38,134.27,143.75,203119211.000000,0.057997
2023/1/24,96.93,98.09,96,96.32,66929452.000000,-0.006293,98.33,99.87,97.48,97.99,27391372.000000,-0.003458,138.115,141.425,137.785,139.565,21970190.000000,0.010498,143,146.5,141.1,143.89,158699056.000000,0.006224
2023/1/25,92.56,97.24,91.52,97.18,94261570.000000,0.049914,95.98,96.5,94.04,95.51,31000850.000000,-0.004897,137.645,139.595,136.735,137.925,26622021.000000,0.002034,141.91,146.41,138.07,144.43,192734347.000000,0.017758
2023/1/26,98.24,99.49,96.92,99.22,68523557.000000,0.009976,97.06,97.99,95.6,97.94,24542060.000000,0.009067,140.825,143.935,139.725,143.725,25482084.000000,0.020593,159.97,161.42,154.76,160.27,234815090.000000,0.001875
2023/1/27,99.53,103.49,99.53,102.24,87775614.000000,0.027228,97.83,100.36,97.75,99.49,29020354.000000,0.016968,144.665,149.615,143.815,148.165,35771865.000000,0.024194,162.43,180.68,161.17,177.9,306590608.000000,0.095241
2023/1/30,101.09,101.74,99.01,100.55,70691860.000000,-0.005342,97.53,98.19,96.3,96.73,24365142.000000,-0.008203,145.835,147.545,143.375,143.485,28040100.000000,-0.016114,178.05,179.77,166.5,166.66,230878807.000000,-0.063971
2023/1/31,101.16,103.35,101.14,103.13,66527253.000000,0.019474,96.64,98.69,96.57,98.65,22306778.000000,0.020799,144.375,146.305,143.945,145.395,29842109.000000,0.007065,164.57,174.3,162.78,173.22,196813541.000000,0.052561
2023/2/1,102.53,106.24,101.24,105.15,80450121.000000,0.025553,98.52,100.97,97.2,100.21,26392568.000000,0.017154,144.455,150.005,143.485,149.545,55661017.000000,0.035236,173.89,183.81,169.93,181.41,213806323.000000,0.043246
2023/2/2,110.25,114,108.88,112.91,158154243.000000,0.024127,105.57,107.6,105.32,107.58,46622627.000000,0.019039,179.805,193.585,176.585,185.195,150475687.000000,0.029977,187.33,196.75,182.61,188.27,217448287.000000,0.005018
2023/2/3,105.26,108.78,102.52,103.39,144374828.000000,-0.017766,102.29,106.8,102.08,104,36823421.000000,0.016717,179.895,193.195,179.315,182.955,76809701.000000,0.01701,183.95,199,183.69,189.98,232662023.000000,0.032781
2023/2/6,102.93,103.95,100.65,102.18,81945199.000000,-0.007287,101.47,103.48,100.99,102.25,25573046.000000,0.007687,182.955,187.125,181.945,182.485,42483811.000000,-0.002569,193.01,198.17,189.92,194.76,186188131.000000,0.009067
2023/2/7,101.17,102.41,98.08,102.11,119501301.000000,0.009291,102.41,107.45,102.33,106.82,33738828.000000,0.043062,182.005,190.205,180.825,188.045,47080662.000000,0.033186,196.43,197.5,189.55,196.81,186010325.000000,0.001935
2023/2/8,102.04,102.67,98.78,100.05,75878304.000000,-0.019502,101.47,102.36,97.24,98.78,73546029.000000,-0.02651,186.425,187.255,179.345,179.855,36139074.000000,-0.035242,196.1,203,194.31,201.29,180673644.000000,0.026466
2023/2/9,101.32,101.78,97.57,98.24,64622489.000000,-0.030399,99.32,99.39,92.64,94.24,97798573.000000,-0.051148,182.555,183.075,173.695,174.345,37118811.000000,-0.044973,207.78,214,204.77,207.32,215431442.000000,-0.002214
2023/2/10,97.56,98.82,96.23,97.61,52740133.000000,0.000513,94.52,95.8,93.31,93.64,49325275.000000,-0.00931,172.775,175.315,169.775,170.575,33433567.000000,-0.012733,202.23,206.2,192.89,196.89,204754129.000000,-0.026406
2023/2/13,97.85,99.68,96.91,99.54,52841464.000000,0.017271,93.79,94.13,92.83,93.78,43116559.000000,-0.000107,174.645,177.425,172.245,175.855,31463223.000000,0.006928,194.42,196.3,187.61,194.64,172475452.000000,0.001132
2023/2/14,98.41,100.92,97.52,99.7,56202898.000000,0.013108,93.44,93.96,91.43,93.73,42513079.000000,0.003104,173.585,177.935,172.305,175.905,24034631.000000,0.013365,191.94,209.82,189.44,209.25,216455708.000000,0.090184
2023/2/15,99.09,101.17,98.45,101.16,48053879.000000,0.02089,93.52,96.12,93.14,95.88,37029885.000000,0.025235,172.845,174.615,171.755,173.585,25337966.000000,0.004281,211.76,214.66,206.11,214.24,182108581.000000,0.011711
2023/2/16,99.21,100.63,98.1,98.15,56339173.000000,-0.010684,94.32,96.66,93.75,94.56,35642106.000000,0.002545,169.175,172.275,168.215,168.865,25827473.000000,-0.001832,210.78,217.65,201.84,202.04,229586538.000000,-0.041465
2023/2/17,97.8,97.94,95.65,97.2,60029405.000000,-0.006135,93.85,94.53,92.23,93.37,31095067.000000,-0.005115,166.645,169.605,166.125,169.305,24171260.000000,0.015962,199.99,208.44,197.5,208.31,213738549.000000,0.041602
2023/2/21,95.34,95.61,94.27,94.58,56580360.000000,-0.007971,92.02,92.19,90.78,90.83,28367198.000000,-0.012932,170.735,174.595,168.305,168.505,34592582.000000,-0.013061,204.99,209.71,197.22,197.37,180018588.000000,-0.037173
2023/2/22,95.1,97.01,94.8,95.79,59534094.000000,0.007256,90.71,91.14,89.65,90.58,29891135.000000,-0.001433,167.495,169.185,166.115,167.545,22433158.000000,0.000299,197.93,201.99,191.78,200.86,191828457.000000,0.014803
2023/2/23,96.12,96.43,93.67,95.82,48466994.000000,-0.003121,90.91,90.91,88.79,89.85,32423720.000000,-0.01166,168.425,170.115,165.805,168.465,20017779.000000,0.000237,203.91,205.14,196.33,202.07,146359950.000000,-0.009024
2023/2/24,93.53,94.14,92.32,93.5,57053812.000000,-0.000321,88.41,88.91,87.64,88.13,31295619.000000,-0.003167,165.065,167.145,164.085,166.815,19791334.000000,0.010602,196.33,197.67,192.8,196.88,142228105.000000,0.002801
2023/2/27,94.28,94.78,93.14,93.76,47470321.000000,-0.005515,88.87,89.23,88.39,88.88,22724262.000000,0.000113,168.305,169.545,165.485,165.965,19277002.000000,-0.013903,202.03,209.42,201.26,207.63,161028315.000000,0.027719
2023/2/28,93.14,94.69,92.92,94.23,43959290.000000,0.011703,88.32,90.23,88.3,89.08,30546912.000000,0.008605,168.325,173.975,168.295,171.365,46051117.000000,0.01806,210.59,211.23,203.75,205.71,153144912.000000,-0.023173
2023/3/1,93.87,94.68,91.59,92.17,52299524.000000,-0.01811,88.94,89.98,88.63,89.29,26323876.000000,0.003935,171.015,174.275,169.475,169.845,30998380.000000,-0.006842,206.21,207.2,198.52,202.77,156852790.000000,-0.016682
2023/3/2,91.41,92.23,90.39,92.13,55574820.000000,0.007877,88.64,91.26,88.55,91.09,23344562.000000,0.02764,168.805,171.435,167.855,170.955,17360708.000000,0.012737,186.74,193.75,186.01,190.9,181979154.000000,0.022277
2023/3/3,92.74,94.94,92.66,94.9,55759609.000000,0.023291,91.52,92.89,91.44,92.8,30242538.000000,0.013986,175.345,183.045,173.475,181.675,45877692.000000,0.0361,194.8,200.48,192.88,197.79,154193277.000000,0.015349
2023/3/6,95.19,96.55,93.74,93.75,52112355.000000,-0.015128,93.14,95.08,93.08,94.36,28288206.000000,0.013099,184.425,186.085,181.065,181.325,33209394.000000,-0.016809,198.54,198.6,192.3,193.81,128100106.000000,-0.023824
2023/3/7,94.06,95.09,92.78,93.55,49100668.000000,-0.005422,94.2,94.87,92.62,92.95,24101536.000000,-0.01327,185.425,186.785,180.435,180.935,36701495.000000,-0.024215,191.38,194.2,186.1,187.71,148125790.000000,-0.019177
2023/3/8,93.6,94.17,92.18,93.92,44899128.000000,0.003419,93.19,95.02,93.19,93.43,25395200.000000,0.002575,179.295,181.685,177.765,181.395,19432405.000000,0.011713,185.04,186.5,180,182,151897763.000000,-0.016429
2023/3/9,93.68,96.21,92.18,92.25,56218705.000000,-0.015265,93.27,94.7,91.14,91.44,24438890.000000,-0.01962,182.775,185.355,176.725,178.115,26582750.000000,-0.025496,180.25,185.18,172.51,172.92,170023794.000000,-0.040666
2023/3/10,92.67,93.57,90.25,90.73,69827490.000000,-0.020934,91.28,91.96,89.58,89.79,32850092.000000,-0.016323,177.435,181.195,175.225,175.935,25665032.000000,-0.008454,175.13,178.29,168.44,173.44,191488872.000000,-0.00965
2023/3/13,89.97,94.02,88.12,92.43,72397053.000000,0.027342,89.35,91.86,88.72,90.44,31508570.000000,0.012199,174.385,180.205,171.245,177.325,24727969.000000,0.016859,167.46,177.35,163.91,174.48,167790256.000000,0.04192
2023/3/14,93.83,95.07,92.71,94.88,60912674.000000,0.01119,91.85,93.61,91.56,93.03,32303881.000000,0.012847,184.005,190.745,182.985,190.445,41642627.000000,0.034999,177.31,183.8,177.14,183.26,143717897.000000,0.033557
2023/3/15,93.22,96.67,93.07,96.2,70731792.000000,0.031967,92.32,96.03,91.82,95.33,38367334.000000,0.032604,189.375,194.205,187.265,194.175,42123552.000000,0.025347,180.8,182.34,176.03,180.45,145995583.000000,-0.001936
2023/3/16,95.75,100.99,95.61,100.04,84558934.000000,0.044804,95.35,100.75,94.65,99.85,54588200.000000,0.047195,194.685,202.185,192.515,201.355,50819659.000000,0.03426,180.37,185.81,178.84,184.13,121374453.000000,0.020846
2023/3/17,99.79,100.66,97.46,98.95,87300242.000000,-0.008418,99.62,102.27,99.53,101.24,76140310.000000,0.016262,196.985,198.325,191.855,192.035,50141098.000000,-0.025129,184.52,186.22,177.33,180.13,133197140.000000,-0.023791
2023/3/20,98.41,98.48,95.7,97.71,62388911.000000,-0.007113,99.84,101.36,99.57,100.71,26033916.000000,0.008714,194.905,195.785,190.065,194.235,25186315.000000,-0.003438,178.08,186.44,176.35,183.25,129684359.000000,0.029032
2023/3/21,98.14,100.85,98,100.61,58597275.000000,0.025168,100.76,104.74,100.64,104.62,33122800.000000,0.038309,199.625,199.975,194.375,198.585,31826952.000000,-0.00521,188.28,198,188.04,197.58,153391444.000000,0.049395
2023/3/22,100.45,102.1,98.61,98.7,57475365.000000,-0.017422,103.92,106.29,102.99,103,32336877.000000,-0.008853,198.925,203.795,196.095,196.235,28477759.000000,-0.013523,199.3,200.66,190.95,191.15,150376373.000000,-0.040893
2023/3/23,100.43,101.06,97.62,98.71,57559310.000000,-0.017126,104.67,105.88,104.19,105.04,31385817.000000,0.003535,199.265,204.305,198.575,200.705,27389669.000000,0.007227,195.26,199.31,188.65,192.22,144193876.000000,-0.015569
2023/3/24,98.07,98.3,96.4,98.13,56144801.000000,0.000612,104.52,104.94,103.52,104.84,25245010.000000,0.003062,201.605,204.005,199.975,202.435,27733042.000000,0.004117,191.65,192.36,187.15,190.41,116531584.000000,-0.00647
2023/3/27,99.07,99.34,97.08,98.04,46721296.000000,-0.010397,104.1,104.18,101.41,101.84,25393417.000000,-0.02171,201.235,202.285,197.785,199.265,18527184.000000,-0.00979,194.42,197.39,189.94,191.81,120851587.000000,-0.013425
2023/3/28,98.11,98.44,96.29,97.24,38720050.000000,-0.008868,101.78,101.78,99.06,100.14,24913480.000000,-0.016113,196.575,197.455,194.325,197.105,19127295.000000,0.002696,192,192.35,185.43,189.19,98654635.000000,-0.014635
2023/3/29,98.69,100.42,98.56,100.25,49783279.000000,0.015807,101.5,101.6,99.81,100.68,26148300.000000,-0.008079,199.985,202.145,198.965,201.775,18851137.000000,0.008951,193.13,195.29,189.44,193.88,123660026.000000,0.003883
2023/3/30,101.55,103.04,101.01,102,53633398.000000,0.004431,100.22,100.39,99.07,100.1,25009829.000000,-0.001197,199.805,204.515,199.245,204.265,22608303.000000,0.022322,195.58,197.33,194.42,195.28,110252238.000000,-0.001534
2023/3/31,102.16,103.49,101.95,103.29,56750317.000000,0.011061,100.49,102.97,100.22,102.78,28107953.000000,0.022788,203.665,208.595,203.195,208.365,25440273.000000,0.023077,197.53,207.79,197.2,207.46,170222118.000000,0.050271
2023/4/3,102.3,103.29,101.43,102.41,41135733.000000,0.001075,101.45,103.73,101.16,103.69,20719861.000000,0.02208,205.265,209.915,204.625,209.495,17924613.000000,0.020608,199.91,202.69,192.2,194.77,169545900.000000,-0.025712
2023/4/4,102.75,104.2,102.11,103.95,48662496.000000,0.011679,103.62,104.88,103.38,103.9,20377231.000000,0.002702,209.815,212.665,208.965,211.145,21026367.000000,0.006339,197.32,198.74,190.32,192.58,126463845.000000,-0.024022
2023/4/5,103.91,103.91,100.75,101.1,45175393.000000,-0.027043,104.9,105.32,102.88,103.73,21864200.000000,-0.011153,210.575,211.615,206.365,207.905,19396630.000000,-0.01268,190.52,190.68,183.76,185.52,133882493.000000,-0.026244
2023/4/6,100.75,102.38,99.8,102.06,43808020.000000,0.013002,104.55,108.41,103.6,107.68,34684150.000000,0.029938,205.675,213.365,205.075,212.525,26104411.000000,0.033305,183.08,186.39,179.74,185.06,123857932.000000,0.010815
2023/4/10,100.96,102.2,99.57,102.17,37261185.000000,0.011985,106.17,106.75,104.38,105.73,19741517.000000,-0.004144,211.135,212.085,207.085,211.175,16106074.000000,0.000189,179.94,185.1,176.11,184.51,142154637.000000,0.025397
2023/4/11,100.8,101,99.01,99.92,60417847.000000,-0.00873,105.7,106,104.06,104.9,18721278.000000,-0.007569,211.905,212.445,209.835,210.275,16710101.000000,-0.007692,186.69,189.19,185.65,186.79,115770892.000000,0.000536
2023/4/12,100.4,100.51,97.71,97.83,56735007.000000,-0.025598,106.17,106.37,103.75,104,22761569.000000,-0.020439,211.265,213.265,209.005,210.425,18972172.000000,-0.003976,190.74,191.58,180.31,180.54,150256278.000000,-0.053476
2023/4/13,98.95,102.57,98.71,102.4,67925138.000000,0.034866,105.25,107.05,105.22,106.97,21650747.000000,0.016342,212.155,217.575,212.115,216.775,23310357.000000,0.021777,182.96,186.5,180.94,185.9,112932985.000000,0.016069
2023/4/14,102.07,103.2,101.11,102.51,51450522.000000,0.004311,106.47,108.36,106.37,108.24,20758686.000000,0.016624,214.305,218.535,213.975,217.915,21591207.000000,0.016845,183.95,186.28,182.01,185,96438664.000000,0.005708
2023/4/17,103.16,103.73,101.59,102.74,39919457.000000,-0.004071,104.21,105.49,104.1,105.2,29043443.000000,0.0095,216.215,217.405,213.555,215.285,15481874.000000,-0.004301,186.32,189.69,182.69,187.04,116662189.000000,0.003864
2023/4/18,103.95,104.2,101.52,102.3,39790518.000000,-0.015873,105.78,105.83,103.56,103.9,17641369.000000,-0.017773,216.335,216.865,212.635,214.315,12280984.000000,-0.009337,187.15,187.69,183.58,184.31,92067016.000000,-0.015175
2023/4/19,101.58,105.12,101.39,104.3,58398890.000000,0.026777,103,104.51,102.58,103.8,16732016.000000,0.007767,209.895,213.755,209.355,212.125,15898078.000000,0.010624,179.1,183.5,177.65,180.59,125732687.000000,0.008319
2023/4/20,103.53,105.25,103.21,103.81,57696866.000000,0.002705,103.43,105.67,103.42,104.68,22515331.000000,0.012085,209.905,213.175,209.195,209.495,16475443.000000,-0.001953,166.17,169.7,160.56,162.99,210970819.000000,-0.019137
2023/4/21,106.1,108.15,105.08,106.96,86774185.000000,0.008106,104.87,105.42,104.27,104.69,22379018.000000,-0.001716,206.635,209.835,206.005,209.315,17717166.000000,0.01297,164.8,166,161.32,165.08,123538954.000000,0.001699
2023/4/24,107.66,109.23,105.07,106.21,69575610.000000,-0.013468,104.83,106.1,104.14,105.56,21410908.000000,0.006964,210.105,210.345,207.135,209.215,15750920.000000,-0.004236,164.65,165.65,158.61,162.55,140006559.000000,-0.012754
2023/4/25,104.91,105.45,102.45,102.57,65026818.000000,-0.022305,105.39,106.22,103.34,103.39,31408119.000000,-0.018977,207.245,207.685,203.555,203.975,19198175.000000,-0.015778,159.82,163.47,158.75,160.67,121999312.000000,0.005318
2023/4/26,105.04,106.62,104.1,104.98,73803790.000000,-0.000571,104.34,105.8,102.05,103.23,37068168.000000,-0.010638,208.925,210.535,205.305,205.825,41992726.000000,-0.014838,160.29,160.67,153.14,153.75,153364142.000000,-0.040801
2023/4/27,108.16,110.86,106.8,109.82,149961167.000000,0.015348,104.01,107.93,103.2,107.15,38235220.000000,0.030189,236.315,238.115,233.195,234.985,71196531.000000,-0.005628,152.64,160.48,152.37,160.19,127015177.000000,0.049463
2023/4/28,107.73,109.48,104.33,105.45,130715946.000000,-0.021164,106.58,107.07,104.82,107,23957872.000000,0.003941,235.435,236.855,232.175,236.745,39554036.000000,0.005564,160.9,165,157.32,164.31,122515812.000000,0.021193
2023/5/1,104.95,105.23,101.82,102.05,74728096.000000,-0.027632,106.5,107.46,106.28,106.49,20926259.000000,-0.000094,235.045,240.425,232.885,239.605,29143912.000000,0.019401,163.17,163.28,158.83,161.83,109015048.000000,-0.008212
2023/5/2,101.47,103.9,101.15,103.63,73469350.000000,0.021287,106.44,106.51,103.28,104.76,20343116.000000,-0.015784,239.605,241.345,235.415,235.665,24350149.000000,-0.016444,161.88,165.49,158.93,160.31,128259744.000000,-0.009699
2023/5/3,103.74,105.96,103.28,103.65,65051925.000000,-0.000868,105,106.91,104.4,104.9,17116333.000000,-0.000952,235.895,238.175,229.175,233.455,34463859.000000,-0.010344,160.01,165,159.91,160.61,119727972.000000,0.00375
2023/5/4,104.04,105.39,103.31,104,45345523.000000,-0.000384,104.94,105.08,103.48,103.99,19780637.000000,-0.009053,232.485,234.625,229.355,229.945,17889391.000000,-0.010925,162.71,162.95,159.65,161.2,95108492.000000,-0.00928
2023/5/5,104.27,105.76,103.55,105.66,56951744.000000,0.013331,104.1,105.22,103.52,105,20710627.000000,0.008646,228.665,231.105,226.275,229.205,27000480.000000,0.002362,163.97,170.79,163.51,170.06,107607259.000000,0.037141
2023/5/8,105.04,106.1,104.7,105.83,49430909.000000,0.007521,104.58,107.2,104.57,107.02,17266021.000000,0.023331,227.845,232.045,226.695,229.695,16400526.000000,0.00812,173.72,173.8,169.19,171.79,112249449.000000,-0.01111
2023/5/9,105.48,106.79,105.16,106.62,44089359.000000,0.010808,107.56,109.38,106.51,106.72,24782442.000000,-0.00781,227.885,232.305,227.505,229.795,16865587.000000,0.008381,168.95,169.82,166.56,169.15,88965043.000000,0.001184
2023/5/10,108.1,110.67,108.05,110.19,78627616.000000,0.019334,107.33,112.29,107.26,111.06,47533463.000000,0.034753,232.595,233.175,227.145,229.505,19119007.000000,-0.013285,172.55,174.43,166.68,168.54,119840693.000000,-0.02324
2023/5/11,111.03,113.28,110.49,112.18,74924841.000000,0.010358,114.64,117.22,113.71,115.68,57115075.000000,0.009072,229.475,234.635,228.725,232.215,20448991.000000,0.01194,168.7,173.57,166.79,172.08,103889930.000000,0.020036
2023/5/12,112.16,112.64,109.32,110.26,49852671.000000,-0.01694,115.78,117.04,115.33,116.7,31293778.000000,0.007946,233.165,233.385,227.875,230.235,16161447.000000,-0.012566,176.07,177.38,167.23,167.98,157849625.000000,-0.045948
2023/5/15,111.15,112.29,109.25,111.2,53011145.000000,0.00045,115.27,117.58,115.26,115.74,22107865.000000,0.004077,233.345,236.685,231.755,235.285,20653229.000000,0.008314,167.66,169.76,164.55,166.35,105592510.000000,-0.007813
2023/5/16,111.05,114.79,111.05,113.4,71472908.000000,0.021162,115.61,119.98,115.61,118.87,32370113.000000,0.028198,232.215,236.065,231.945,235.245,18163772.000000,0.013048,165.65,169.52,164.35,166.52,98288792.000000,0.005252
2023/5/17,114.89,115.83,114.22,115.5,65655177.000000,0.005309,118.96,121.06,118.24,120.26,26659564.000000,0.010928,234.875,240.265,234.565,238.915,21193080.000000,0.017201,168.41,174.5,167.19,173.86,125473558.000000,0.032361
2023/5/18,116.69,118.6,116.34,118.15,73174087.000000,0.012512,120.34,122.68,120.27,122.3,27014468.000000,0.016287,237.725,243.515,237.615,243.275,22943297.000000,0.023346,174.22,177.06,172.45,176.89,109520332.000000,0.015325
2023/5/19,118.16,118.31,115.7,116.25,55056307.000000,-0.016165,122.98,125.26,121.5,122.03,30268864.000000,-0.007725,243.895,245.115,239.835,242.065,21733581.000000,-0.007503,177.17,181.95,176.31,180.14,136196668.000000,0.016764
2023/5/22,116.77,116.77,114.25,115.01,70741123.000000,-0.015072,122.29,125.83,122.23,124.65,29760236.000000,0.019298,241.835,249.995,241.545,244.745,27738479.000000,0.012033,180.7,189.32,180.11,188.87,132001430.000000,0.045213
2023/5/23,114.27,117.14,113.78,114.99,67576262.000000,0.006301,123.71,124.2,121.83,122.07,24477945.000000,-0.013257,243.235,248.035,243.075,243.165,17748115.000000,-0.000288,186.2,192.96,185.26,185.77,156952130.000000,-0.002309
2023/5/24,115.35,117.34,115.02,116.75,63487938.000000,0.012137,120.66,121.53,119.53,120.42,23087925.000000,-0.001989,241.705,246.015,241.375,245.635,17724338.000000,0.016259,182.23,184.22,178.22,182.9,137605054.000000,0.003677
2023/5/25,116.63,116.87,114.31,115,66496681.000000,-0.013976,123.99,124.76,121.68,123.13,33812730.000000,-0.006936,249.825,252.045,245.595,249.115,22371435.000000,-0.002842,186.54,186.78,180.58,184.47,96870719.000000,-0.011097
2023/5/26,116.04,121.5,116.02,120.11,96779889.000000,0.035074,122.85,124.78,122.07,124.21,25169036.000000,0.01107,249.355,258.735,249.135,258.465,25768663.000000,0.036534,184.62,198.6,184.53,193.17,162061496.000000,0.046311
2023/5/30,122.37,122.92,119.86,121.66,64314808.000000,-0.005802,125.07,125.16,121.67,123.42,27230726.000000,-0.013193,261.675,265.075,257.715,258.945,23816483.000000,-0.010433,200.1,204.48,197.53,201.16,128818746.000000,0.005297
2023/5/31,121.45,122.04,119.17,120.58,72800787.000000,-0.007163,122.48,123.68,121.88,122.15,41548759.000000,-0.002694,256.425,261.425,254.875,261.145,25473690.000000,0.018407,199.78,203.95,195.12,203.93,150711736.000000,0.020773
2023/6/1,120.69,123.49,119.93,122.77,54375131.000000,0.017234,122.28,123.82,122.08,123.15,25017674.000000,0.007115,262.325,270.425,262.315,269.035,25609508.000000,0.025579,202.59,209.8,199.37,207.52,148029931.000000,0.024335
2023/6/2,124.92,126.39,124.02,124.25,61264414.000000,-0.005363,123.27,125.53,123.13,124.01,19367453.000000,0.006003,269.085,271.775,267.545,269.035,19416930.000000,-0.000186,210.15,217.25,209.75,213.97,164398372.000000,0.018177
2023/6/5,123.36,125.8,123.03,125.3,47950128.000000,0.015726,123.39,126.77,123.16,125.41,22672516.000000,0.016371,266.725,271.995,265.985,267.815,20742946.000000,0.004087,217.8,221.29,214.52,217.61,151143052.000000,-0.000872
2023/6/6,125.07,127.4,125,126.61,45695212.000000,0.012313,125.38,127.66,124.75,126.69,19450128.000000,0.010448,266.565,272.995,266.115,267.545,19419010.000000,0.003676,216.14,221.91,212.53,221.31,146911576.000000,0.02392
2023/6/7,127.01,127.37,120.63,121.23,95663275.000000,-0.045508,126.36,128.33,121.41,121.72,34179348.000000,-0.03672,268.095,270.675,259.225,260.025,26163627.000000,-0.030101,228,230.83,223.2,224.57,185710777.000000,-0.015044
2023/6/8,123.01,125.63,122.26,124.25,62159270.000000,0.01008,121.37,122.51,120.79,121.45,24814996.000000,0.000659,257.045,264.075,255.305,261.005,20899359.000000,0.015406,224.22,235.23,223.01,234.86,164489739.000000,0.047453
2023/6/9,124.08,125.8,123.19,123.43,51396018.000000,-0.005239,121.34,123.07,121.2,121.65,20313676.000000,0.002555,258.905,264.375,258.125,261.375,16949794.000000,0.00954,249.07,252.42,242.02,244.4,200242371.000000,-0.01875
2023/6/12,124.02,126.78,123.53,126.57,51473376.000000,0.020561,122.18,123.53,121.13,123.13,22289632.000000,0.007775,263.595,268.175,261.755,267.475,15471702.000000,0.01472,247.94,250.97,244.59,249.83,150740523.000000,0.007623
2023/6/13,128.12,128.41,125.18,126.66,50564785.000000,-0.011396,124.43,124.64,122.63,123.21,19287650.000000,-0.009805,271.305,272.145,265.515,267.745,16164024.000000,-0.013122,253.51,259.68,251.34,258.71,162384343.000000,0.020512
2023/6/14,126.7,126.95,124.12,126.42,52422463.000000,-0.00221,122.58,123.57,120.94,123.16,24659620.000000,0.004732,268.315,271.415,264.745,269.775,19175066.000000,0.005441,260.17,261.57,250.5,256.79,170575536.000000,-0.012992
2023/6/15,125.21,127.69,124.32,127.11,60458471.000000,0.015175,122.66,124.94,121.92,124.57,24517071.000000,0.015571,268.725,280.415,267.845,278.255,25973455.000000,0.035464,248.4,258.95,247.29,255.9,160171238.000000,0.030193
2023/6/16,127.71,127.9,125.3,125.49,84247104.000000,-0.017383,125.48,125.48,122.57,122.84,56699200.000000,-0.021039,281.175,284.275,276.555,277.425,43127731.000000,-0.013337,258.92,263.6,257.21,260.54,167915649.000000,0.006257
2023/6/20,124.97,127.25,124.5,125.78,56930122.000000,0.006482,122.32,123.96,121.61,122.63,22698028.000000,0.002534,275.155,281.225,272.645,280.755,20701589.000000,0.020352,261.5,274.75,261.12,274.45,165611217.000000,0.049522
2023/6/21,125.64,126.73,123.85,124.83,52137670.000000,-0.006447,122.02,122.19,119.64,120.04,22612002.000000,-0.016227,279.955,280.425,274.785,278.065,20556170.000000,-0.006751,275.13,276.99,257.78,259.46,211797109.000000,-0.056955
2023/6/22,125.31,130.33,125.14,130.15,90354572.000000,0.038624,119.44,122.72,118.38,122.65,20781888.000000,0.026875,275.505,281.685,274.215,281.305,17563061.000000,0.021052,250.77,265,248.25,264.61,166875944.000000,0.05519
2023/6/23,129.11,130.84,128.28,129.33,71927776.000000,0.001704,120.82,122.22,120.64,121.8,29573123.000000,0.008111,277.935,286.095,275.375,285.155,51092038.000000,0.025977,259.29,262.45,252.8,256.6,177460803.000000,-0.010374
2023/6/26,129.33,131.49,127.1,127.33,59989317.000000,-0.015464,120.25,121.5,117.77,117.87,23184961.000000,-0.019792,285.125,286.215,274.025,274.895,24232651.000000,-0.035879,250.07,258.37,240.7,241.05,179990552.000000,-0.03607
2023/6/27,128.63,130.09,127.55,129.18,46801008.000000,0.004276,116.62,118.68,115.69,117.79,27221714.000000,0.010033,278.435,285.775,277.085,283.475,26108260.000000,0.018101,243.24,250.39,240.85,250.21,164968214.000000,0.028655
2023/6/28,128.94,131.48,128.44,129.04,52149512.000000,0.000776,116.74,120.05,116.38,119.86,19753145.000000,0.026726,281.245,285.975,280.485,281.715,16722117.000000,0.001671,249.7,259.88,248.89,256.24,159770797.000000,0.026191
2023/6/29,128.77,129.26,127.26,127.9,40760959.000000,-0.006756,118.87,119.69,117.99,118.79,18517458.000000,-0.000673,280.925,282.995,277.115,277.955,15395690.000000,-0.010572,258.03,260.74,253.61,257.5,131283360.000000,-0.002054
2023/6/30,129.47,131.25,128.95,130.36,54350684.000000,0.006874,119.88,120.81,119.66,119.75,23871764.000000,-0.001084,281.185,285.475,280.845,283.405,19694872.000000,0.007895,260.6,264.45,259.89,261.77,112620784.000000,0.00449
2023/7/3,130.82,131.85,130.07,130.22,28264785.000000,-0.004586,119.09,119.8,118.49,119.34,13888262.000000,0.002099,283.125,285.825,281.275,282.445,8629269,-0.002402,276.49,284.25,275.11,279.82,119685907.000000,0.012044
2023/7/5,130.24,131.4,129.64,130.38,35895409.000000,0.001075,118.84,122.15,118.84,121.41,17830347.000000,0.021626,284.075,294.545,282.785,290.795,33865457.000000,0.023656,278.82,283.85,277.6,282.48,131530862.000000,0.013127
2023/7/6,128.25,128.73,127.37,128.36,40697848.000000,0.000858,119.42,119.93,118.03,119.71,17750181.000000,0.002428,292.315,294.545,287.735,288.415,47733829.000000,-0.013342,278.09,279.97,272.88,276.54,120707419.000000,-0.005574
2023/7/7,128.59,130.97,128.13,129.78,41992251.000000,0.009254,119.67,120.53,118.87,118.92,20997665.000000,-0.006267,288.605,292.625,285.085,286.955,25585975.000000,-0.005717,278.43,280.78,273.77,274.43,113879174.000000,-0.014366
2023/7/10,129.07,129.28,125.92,127.13,61889289.000000,-0.015031,117.85,117.85,115.42,115.65,32960078.000000,-0.018668,291.975,294.555,283.475,290.525,37058306.000000,-0.004966,276.47,277.52,265.1,269.61,119425405.000000,-0.024813
2023/7/11,127.75,129.77,127.35,128.78,49951460.000000,0.008063,115.54,117.01,114.61,116.49,18286571.000000,0.008222,290.325,296.605,288.325,294.715,27585918.000000,0.015121,268.65,270.9,266.37,269.79,91972358.000000,0.004243
2023/7/12,130.31,131.26,128.83,130.8,54022847.000000,0.00376,118.08,119.74,117.78,118.4,22059611.000000,0.00271,298.175,305.875,296.525,305.765,36677127.000000,0.025455,276.33,276.52,271.46,271.99,95672139.000000,-0.015706
2023/7/13,134.04,134.67,132.71,134.3,61170883.000000,0.00194,120.32,124.12,119.84,123.61,31535853.000000,0.027344,310.045,312.665,306.715,309.835,30280972.000000,-0.000677,274.59,279.45,270.6,277.9,112681458.000000,0.012054
2023/7/14,134.06,136.65,134.06,134.68,54487090.000000,0.004625,123.91,125.87,123.68,124.48,20499780.000000,0.0046,308.215,311.305,303.785,305.295,23054108.000000,-0.009474,277.01,285.3,276.31,281.38,120062369.000000,0.015776
2023/7/17,134.56,135.62,133.21,133.56,48450198.000000,-0.007432,124.84,126.06,123.28,123.84,20675297.000000,-0.00801,303.965,308.135,301.135,307.045,25323126.000000,0.010133,286.63,292.23,283.57,290.38,131569593.000000,0.013083
2023/7/18,132.71,133.86,131.36,132.83,54969133.000000,0.000904,123.69,123.77,122.08,122.86,21071248.000000,-0.00671,307.305,310.625,304.045,308.475,20764580.000000,0.003807,290.15,295.26,286.01,293.34,112434713.000000,0.010994
2023/7/19,133.39,135.99,132.53,135.36,54531037.000000,0.014769,123.57,124.25,121.25,121.56,22313803.000000,-0.016266,309.455,315.105,306.945,312.435,21763688.000000,0.00963,296.04,299.29,289.52,291.26,142355353.000000,-0.016146
2023/7/20,134.07,134.79,129.33,129.96,59820579.000000,-0.030656,120.9,123.48,117.47,118.31,27541711.000000,-0.021423,309.925,311.965,298.645,298.945,23836876.000000,-0.035428,279.56,280.93,261.2,262.9,175158273.000000,-0.059594
2023/7/21,131.34,131.37,128.42,130,133307294.000000,-0.010203,119.65,120.08,117.85,119.09,56514645.000000,-0.00468,300.995,301.885,287.625,290.685,42139259.000000,-0.034253,268,268,255.8,260.02,161796073.000000,-0.029776
2023/7/24,130.31,131.66,128.35,128.8,45671535.000000,-0.011588,120.71,122.13,120.16,120.66,22312220.000000,-0.000414,292.205,293.945,284.725,288.035,24949405.000000,-0.014271,255.85,269.85,254.12,269.06,137005037.000000,0.051632
2023/7/25,129.31,129.58,128.53,129.13,39236663.000000,-0.001392,120.66,122.47,120.31,121.57,31820846.000000,0.007542,291.615,294.725,288.285,290.895,19585584.000000,-0.002469,272.38,272.9,265,265.28,112757327.000000,-0.026067
2023/7/26,126.51,129.08,126.11,128.15,53910087.000000,0.012963,129.14,130.15,127.49,128.44,46216895.000000,-0.00542,297.615,298.195,288.325,294.995,47256930.000000,-0.008803,263.25,268.04,261.75,264.35,95856177.000000,0.004179
2023/7/27,131,132.63,127.79,128.25,52610661.000000,-0.020992,130.58,132.38,127.96,128.65,35931612.000000,-0.01478,321.545,321.775,306.265,308.135,64229173.000000,-0.041705,268.31,269.13,255.3,255.71,103697263.000000,-0.046961
2023/7/28,129.69,133.01,129.33,132.21,46317381.000000,0.019431,129.75,132.85,129.7,131.79,26971011.000000,0.015723,313.305,322.625,310.675,321.905,39220270.000000,0.027449,259.86,267.25,258.23,266.44,111446026.000000,0.025321
2023/7/31,133.2,133.87,132.38,133.68,41901516.000000,0.003604,131.79,132.61,130.91,131.89,18381891.000000,0.000759,320.115,322.085,314.015,315.025,25799603.000000,-0.015901,267.48,269.08,263.78,267.43,84582172.000000,-0.000187
2023/8/1,133.55,133.69,131.62,131.69,42298925.000000,-0.013927,129.64,131.7,129.53,130.67,22219012.000000,0.007945,313.965,320.565,311.085,319.135,22889870.000000,0.016467,266.26,266.47,260.25,261.07,83645720.000000,-0.019492
2023/8/2,130.15,130.23,126.82,128.21,51027614.000000,-0.014906,128.62,129.2,126.63,127.42,22705778.000000,-0.00933,314.425,314.815,307.075,310.735,20461094.000000,-0.011736,255.57,259.52,250.49,254.11,101752865.000000,-0.005713
2023/8/3,127.48,129.84,126.41,128.91,91163736.000000,0.011217,127.15,128.55,126.56,127.55,15086132.000000,0.003146,306.355,312.375,306.355,309.615,15215422.000000,0.010641,252.04,260.49,252,259.32,97829545.000000,0.028884
2023/8/4,141.06,143.63,139.32,139.57,153128470.000000,-0.010563,128.38,130.71,127.1,127.32,20521852.000000,-0.008257,311.385,314.835,306.625,307.155,17612762.000000,-0.013584,260.97,264.77,253.11,253.86,99539907.000000,-0.027245
2023/8/7,140.99,142.54,138.95,142.22,71213112.000000,0.008724,128.29,130.84,128.21,130.72,17621041.000000,0.018941,309.655,313.495,306.885,312.985,16236504.000000,0.010754,251.45,253.65,242.76,251.45,111097943.000000,0
2023/8/8,140.62,140.84,138.42,139.94,51710497.000000,-0.004836,129.76,130.72,128.91,130.62,16835952.000000,0.006628,310.825,314.315,306.535,309.065,15183532.000000,-0.005662,247.45,250.92,245.01,249.7,96642183.000000,0.009093
2023/8/9,139.97,140.32,137.1,137.85,50017349.000000,-0.015146,130.97,131.25,128.29,128.93,17745218.000000,-0.015576,309.305,310.055,299.275,301.635,19955783.000000,-0.024798,250.87,251.1,241.9,242.19,101596324.000000,-0.0346
2023/8/10,139.08,140.41,137.49,138.56,58928402.000000,-0.003739,130.75,131.43,128.82,128.99,17855681.000000,-0.013461,304.365,308.765,300.295,302.165,14358897.000000,-0.007228,245.4,251.8,243,245.34,109498608.000000,-0.000244
2023/8/11,137.4,139.33,137,138.41,42905833.000000,0.007351,127.98,129.22,127.53,128.95,15205465.000000,0.007579,298.995,301.145,296.785,298.065,14046250.000000,-0.00311,241.77,243.79,238.02,242.65,99038642.000000,0.00364
2023/8/14,138.3,140.59,137.75,140.57,47148699.000000,0.016414,128.63,130.69,128.37,130.61,17526195.000000,0.015393,297.405,302.635,294.675,302.615,15641921.000000,0.017518,235.7,240.66,233.75,239.76,98595331.000000,0.017225
2023/8/15,140.05,141.28,137.23,137.67,42781521.000000,-0.016994,130.37,130.77,128.6,129.05,14769173.000000,-0.010125,302.565,303.655,296.455,298.375,11623613.000000,-0.013848,238.73,240.5,232.61,232.96,88197599.000000,-0.02417
2023/8/16,137.19,137.27,135.01,135.07,41675903.000000,-0.015453,128.06,129.68,127.24,127.89,17548355.000000,-0.001328,296.625,297.505,290.705,290.715,18547741.000000,-0.019924,228.02,233.97,225.38,225.6,112484520.000000,-0.010613
2023/8/17,135.46,136.09,133.53,133.98,48354085.000000,-0.010926,129.23,131.27,128.63,129.24,23665562.000000,0.000077,289.475,292.475,281.375,281.515,23950089.000000,-0.027498,226.06,226.74,218.83,219.22,120718417.000000,-0.030257
2023/8/18,131.62,134.07,131.15,133.22,48497698.000000,0.012156,127.84,128.61,125.78,126.89,23627202.000000,-0.007431,275.455,282.115,270.805,279.675,35347925.000000,0.01532,214.12,217.58,212.36,215.49,136276584.000000,0.006398
2023/8/21,133.74,135.19,132.71,134.68,41442483.000000,0.007029,126.63,128.04,125.94,127.71,21851070.000000,0.008529,279.875,286.925,278.275,286.325,20181475.000000,0.023046,221.55,232.13,220.58,231.28,135702671.000000,0.043918
2023/8/22,135.08,135.65,133.73,134.25,32935104.000000,-0.006145,127.91,129.73,127.71,128.47,15569373.000000,0.004378,288.975,289.325,283.175,284.025,12999913.000000,-0.01713,240.25,240.82,229.55,233.19,130597886.000000,-0.029386
2023/8/23,134.5,135.95,133.22,135.52,42801043.000000,0.007584,129.63,132.85,129.29,131.99,26497027.000000,0.018206,284.925,293.825,284.095,290.665,18287001.000000,0.020146,229.34,238.98,229.29,236.86,101077635.000000,0.03279
2023/8/24,136.4,136.78,131.83,131.84,43646250.000000,-0.033431,133.51,133.75,129.08,129.2,18680381.000000,-0.032282,294.925,295.885,283.065,283.175,18360882.000000,-0.039841,238.66,238.92,228.18,230.04,99777432.000000,-0.036118
2023/8/25,132.47,133.87,130.58,133.26,44147451.000000,0.005964,128.92,130.18,126.82,129.47,20678096.000000,0.004266,282.555,284.815,272.455,281.925,23701443.000000,-0.00223,231.31,239,230.35,238.59,106612231.000000,0.031473
2023/8/28,133.78,133.95,131.85,133.14,34108410.000000,-0.004784,130.86,132.02,129.63,130.57,16715467.000000,-0.002216,284.425,287.875,282.225,286.685,14239285.000000,0.007946,242.58,244.38,235.35,238.82,107673727.000000,-0.0155
2023/8/29,133.38,135.14,133.25,134.91,38646093.000000,0.011471,131.78,136.08,131.76,134.27,30803265.000000,0.018895,285.015,295.575,284.605,294.415,20844522.000000,0.032981,238.58,257.48,237.77,257.18,134047603.000000,0.077961
2023/8/30,134.93,135.68,133.92,135.07,36137015.000000,0.001038,134.35,136.03,133.8,135.71,21773356.000000,0.010123,293.595,294.715,289.855,291.525,17717024.000000,-0.007051,254.2,260.51,250.59,256.9,121988437.000000,0.010622
2023/8/31,135.06,138.79,135,138.01,58781314.000000,0.021842,135.83,137.18,135.6,136.13,28147850.000000,0.002209,292.225,297.525,292.085,292.315,17229865.000000,0.000308,255.98,261.18,255.05,258.08,108861698.000000,0.008204
2023/9/1,139.46,139.96,136.88,138.12,40991536.000000,-0.009608,137.21,137.36,134.72,135.58,16671647.000000,-0.01188,295.795,298.165,290.895,292.805,12842257.000000,-0.010108,257.26,259.08,242.01,245.01,132541640.000000,-0.047617
2023/9/5,137.73,137.8,135.82,137.27,40636738.000000,-0.00334,135.22,136.15,134.34,135.49,17730218.000000,0.001997,293.445,297.815,291.935,296.575,14955989.000000,0.010666,245,258,244.86,256.49,129469565.000000,0.046898
2023/9/6,136.32,137.45,134.61,135.36,41785507.000000,-0.007042,135.8,136.26,133.47,134.15,15814327.000000,-0.01215,298.135,299.725,292.085,295.595,15418092.000000,-0.00852,255.14,255.39,245.06,251.92,116959759.000000,-0.012621
2023/9/7,133.9,138.03,133.16,137.85,48498912.000000,0.0295,133.38,135.36,132.74,134.98,16975956.000000,0.011996,294.425,303.475,288.645,295.095,33748737.000000,0.002276,245.07,252.81,243.27,251.49,115312886.000000,0.026197
2023/9/8,136.86,138.85,136.75,138.23,38365929.000000,0.01001,134.65,136.3,134.65,135.98,17820005.000000,0.009877,295.645,301.675,293.205,294.315,17572203.000000,-0.004499,251.22,256.52,246.67,248.5,118559635.000000,-0.010827
2023/9/11,138.75,143.62,138.64,143.1,56764525.000000,0.031351,136.16,137.04,135.33,136.52,17180755.000000,0.002644,297.835,305.465,297.705,303.985,19489330.000000,0.020649,264.27,274.85,260.61,273.58,174667852.000000,0.035229
2023/9/12,142.32,143,140.61,141.23,42668452.000000,-0.007659,135.91,136.42,134.71,134.85,15212934.000000,-0.007799,302.755,305.085,296.655,298.085,13480400.000000,-0.015425,270.76,278.39,266.6,267.48,135999866.000000,-0.012114
2023/9/13,140.95,144.98,140.87,144.85,60465175.000000,0.027669,134.68,136.48,133.71,136.28,16394915.000000,0.01188,298.785,303.605,297.745,301.485,13210915.000000,0.009037,270.07,274.98,268.1,271.3,111673737.000000,0.004554
2023/9/14,145.08,145.86,142.95,144.72,64033607.000000,-0.002481,137.17,138.33,135.84,137.77,19064607.000000,0.004374,303.165,309.295,301.455,308.145,19343102.000000,0.016427,271.32,276.71,270.42,276.04,107709842.000000,0.017396
2023/9/15,142.69,143.57,140.09,140.39,102909327.000000,-0.016119,137.58,138.14,135.96,137.08,48958837.000000,-0.003634,308.035,308.425,295.175,296.735,28131140.000000,-0.036684,277.55,278.98,271,274.39,133692313.000000,-0.011385
2023/9/18,140.48,141.75,139.22,139.98,42823480.000000,-0.003559,136.41,138.71,136.41,137.74,16233590.000000,0.00975,294.615,300.025,294.225,298.975,14234158.000000,0.014799,271.16,271.44,263.76,265.28,101543305.000000,-0.021685
2023/9/19,138.7,138.84,135.56,137.63,61482470.000000,-0.007714,137.03,137.96,136.28,137.61,15484644.000000,0.004233,298.905,302.595,296.235,301.495,15931618.000000,0.008665,264.35,267.85,261.2,266.5,103704040.000000,0.008133
2023/9/20,138.55,139.37,135.2,135.29,46263716.000000,-0.023529,137.61,137.62,133.3,133.37,21473533.000000,-0.030812,301.475,304.485,295.855,296.095,19379515.000000,-0.017846,267.04,273.93,262.46,262.59,122514643.000000,-0.016664
2023/9/21,131.94,132.24,129.31,129.33,70343342.000000,-0.019782,131.17,131.97,129.87,130.14,22058375.000000,-0.007852,292.125,296.685,289.695,292.155,21319582.000000,0.000103,257.85,260.86,254.21,255.7,119951516.000000,-0.008338
2023/9/22,131.11,132.03,128.52,129.12,59904348.000000,-0.015178,130.46,131.79,129.29,130.03,17355284.000000,-0.003296,295.725,301.805,294.695,295.505,25369592.000000,-0.000744,257.4,257.79,244.48,244.88,127524083.000000,-0.04864
2023/9/25,129.36,131.78,128.77,131.27,46017825.000000,0.014765,129.55,131,128.81,130.95,14650032.000000,0.010807,292.065,297.375,290.125,297.255,18987014.000000,0.01777,243.38,247.1,238.31,246.99,104636557.000000,0.014833
2023/9/26,130.12,130.39,125.28,125.98,73048207.000000,-0.031817,129.69,130.19,126.97,128.23,20378789.000000,-0.011258,294.085,296.725,292.435,295.385,19417161.000000,0.00442,242.98,249.55,241.66,244.12,101993631.000000,0.004692
2023/9/27,125.76,127.48,124.13,125.98,66553449.000000,0.001749,128.22,130.5,128.16,130.24,18764201.000000,0.015754,296.875,297.725,283.215,294.165,36429835.000000,-0.009128,244.26,245.33,234.58,240.5,136597184.000000,-0.015393
2023/9/28,124.04,126.58,123.04,125.98,54554968.000000,0.01564,129.47,132.96,129.47,131.91,18201389.000000,0.018846,295.365,302.755,293.125,300.385,22167075.000000,0.016996,240.02,247.55,238.65,246.38,117058870.000000,0.026498
2023/9/29,128.2,129.15,126.32,127.12,62411730.000000,-0.008424,132.86,133.67,130.1,130.63,23237336.000000,-0.016785,303.805,307.065,295.785,296.635,25373695.000000,-0.023601,250,254.77,246.35,250.22,128522729.000000,0.00088
2023/10/2,127.28,130.47,126.54,129.46,48029744.000000,0.017128,130.94,134.14,130.85,133.95,19210394.000000,0.022988,299.165,303.605,298.055,303.245,16265571.000000,0.013638,244.81,254.28,242.62,251.6,123810402.000000,0.027736
2023/10/3,128.06,128.52,124.25,124.72,51564991.000000,-0.026082,133.71,134.02,131.6,132.08,19628736.000000,-0.012191,300.685,303.195,296.065,297.365,17362250.000000,-0.011041,248.61,250.02,244.45,246.53,101985305.000000,-0.008367
2023/10/4,126.06,127.36,125.68,127,44203870.000000,0.007457,132.44,135.35,132.21,135.05,22847987.000000,0.019707,295.155,303.325,294.925,302.005,16880484.000000,0.023208,248.14,261.86,247.6,261.16,129721567.000000,0.05247
2023/10/5,126.71,126.73,124.33,125.96,39660643.000000,-0.005919,134.91,135.28,133.24,134.77,15922944.000000,-0.001038,301.055,302.635,295.925,301.215,19129957.000000,0.000531,260,263.6,256.25,260.05,119159214.000000,0.000192
2023/10/6,124.16,128.45,124.13,127.96,46836698.000000,0.030606,133.72,137.97,133.72,137.51,20826683.000000,0.028343,297.865,312.735,297.335,311.855,21803856.000000,0.046968,253.98,261.65,250.65,260.53,118121812.000000,0.025789
2023/10/9,126.22,128.79,124.76,128.26,38773738.000000,0.016162,136.77,138.75,135.48,138.28,16599099.000000,0.01104,308.925,316.755,308.245,314.785,22503662.000000,0.018969,255.31,261.36,252.05,259.67,101377947.000000,0.017077
2023/10/10,128.82,130.74,128.05,129.48,42178619.000000,0.005123,138.29,139.52,137.21,137.98,19554916.000000,-0.002242,315.545,321.085,314.585,318.265,19037973.000000,0.00862,257.75,268.94,257.65,263.62,122656030.000000,0.022774
2023/10/11,129.74,132.05,129.61,131.83,40741842.000000,0.016109,138.63,141,138.62,140.48,20146341.000000,0.013345,319.435,325.265,319.375,324.245,22036297.000000,0.015058,266.2,268.6,260.9,262.99,103706266.000000,-0.012059
2023/10/12,132.17,134.48,131.23,132.33,55528581.000000,0.001211,140.94,141.16,138.23,139.07,18173107.000000,-0.013268,324.425,326.965,319.115,320.585,20530518.000000,-0.011836,262.92,265.41,256.63,258.87,111508114.000000,-0.015404
2023/10/13,132.98,133.31,128.95,129.79,45824685.000000,-0.023989,139.43,140.12,136.75,137.36,19447565.000000,-0.014846,319.955,321.475,308.795,311.115,21360790.000000,-0.027629,258.9,259.6,250.22,251.12,102296786.000000,-0.03005
2023/10/16,130.69,133.07,130.43,132.55,42832918.000000,0.014232,138.51,139.69,138.1,139.27,17345556.000000,0.005487,315.065,318.245,311.945,317.575,16536114.000000,0.007967,250.05,255.4,248.48,253.92,88917176.000000,0.015477
2023/10/17,130.39,132.58,128.71,131.47,49344550.000000,0.008283,138.81,140.03,137.3087,139.77,17424024.000000,0.006916,314.605,320.825,313.725,320.425,16387799.000000,0.018499,250.1,257.18,247.08,254.85,93562909.000000,0.018992
2023/10/18,129.9,130.67,127.51,128.13,42699479.000000,-0.013626,139.53,140.77,137.485,138.06,18304776.000000,-0.010535,317.815,322.365,311.985,313.395,16851003.000000,-0.013907,252.7,254.63,242.08,242.68,125147846.000000,-0.039652
2023/10/19,130.57,132.24,127.47,128.4,60961355.000000,-0.016619,138.58,139.785,137.38,137.76,21831127.000000,-0.005917,316.305,318.315,308.175,309.235,18709160.000000,-0.022352,225.95,230.61,216.78,220.11,170772713.000000,-0.025846
2023/10/20,128.05,128.17,124.97,125.17,56406061.000000,-0.022491,137.37,137.82,135.025,135.52,24970233.000000,-0.013467,310.565,311.725,302.895,305.075,22312237.000000,-0.017677,217.01,218.8606,210.42,211.99,138009893.000000,-0.023133
2023/10/23,124.63,127.88,123.98,126.56,48259909.000000,0.015486,135.01,137.8,133.89,136.68,20780665.000000,0.012369,305.925,313.785,303.685,310.435,17796603.000000,0.014742,210,216.98,202.51,212.08,150683368.000000,0.009905
2023/10/24,127.74,128.8,126.34,128.56,46477121.000000,0.006419,137.94,139.4899,137.53,138.9,26535198.000000,0.00696,313.205,314.775,307.055,308.975,19525483.000000,-0.013506,216.5,222.05,214.11,216.52,118231103.000000,0.000092
2023/10/25,126.04,126.34,120.79,121.39,74577462.000000,-0.036893,128.55,128.88,124.87,125.45,58796051.000000,-0.024115,306.425,307.305,295.265,295.955,42192437.000000,-0.034168,215.88,220.1,212.2,212.42,107064904.000000,-0.016027
2023/10/26,120.63,121.6393,118.35,119.57,100419514.000000,-0.008787,123.25,124.24,121.1,122.22,33907315.000000,-0.008357,291.425,291.425,275.828,284.775,66683755.000000,-0.022819,211.32,214.8,204.88,205.76,115112520.000000,-0.026311
2023/10/27,126.2,130.02,125.52,127.74,125309284.000000,0.012203,122.81,123.22,120.24,122.18,37367630.000000,-0.00513,290.905,295.735,289.395,293.155,29596226.000000,0.007734,210.6,212.41,205.77,207.3,94881171.000000,-0.01567
2023/10/30,129.72,133,128.56,132.71,72485518.000000,0.02305,123.24,125.33,122.66,124.53,24165584.000000,0.010467,295.515,305.8217,295.475,299.085,28435011.000000,0.012081,209.28,210.88,194.67,197.36,136448006.000000,-0.056957
2023/10/31,132.75,133.57,131.71,133.09,51589380.000000,0.002561,125.05,125.34,122.705,124.08,21123260.000000,-0.007757,299.735,300.105,293.285,297.695,19434168.000000,-0.006806,196.12,202.8,194.07,200.84,118068172.000000,0.024067
2023/11/1,133.96,137.35,133.71,137,61529397.000000,0.022693,124.12,126.52,123.705,126.35,26536504.000000,0.017966,298.275,309.165,298.275,308.275,20434570.000000,0.033526,204.04,205.99,197.85,205.66,121661656.000000,0.00794
2023/11/2,138.73,138.81,136.47,138.07,52236403.000000,-0.004757,128.34,128.87,126.89,127.36,24091288.000000,-0.007636,313.725,315.245,304.755,307.295,21631819.000000,-0.020496,212.97,219.2,211.45,218.51,125987515.000000,0.026013
2023/11/3,138.99,139.49,137.45,138.6,44059697.000000,-0.002806,127.87,129.51,127.79,129.15,19529447.000000,0.01001,308.975,311.975,307.4417,311.025,16764214.000000,0.006635,221.15,226.3701,218.4,219.96,119534764.000000,-0.005381
2023/11/6,138.76,140.73,138.36,139.74,44970337.000000,0.007063,129,130.34,128.71,130.23,15360262.000000,0.009535,312.405,314.755,310.875,312.225,12887687.000000,-0.000576,223.98,226.32,215,219.27,117335719.000000,-0.021029
2023/11/7,140.55,143.37,140.5,142.71,53553389.000000,0.015368,130.76,132.06,129.92,131.18,19223622.000000,0.003212,313.485,317.425,311.545,315.245,14055522.000000,0.005614,219.98,223.12,215.72,222.18,116900041.000000,0.010001
2023/11/8,142.97,143.12,141.2183,142.08,44521589.000000,-0.006225,131.14,132.32,130.94,132.04,15093587.000000,0.006863,314.565,317.755,311.305,316.205,13609121.000000,0.005214,223.15,224.15,217.64,222.11,106584767.000000,-0.004661
2023/11/9,142.02,142.65,139.84,140.6,36235366.000000,-0.009999,132.14,132.74,130.29,130.47,17976433.000000,-0.012638,315.843,320.6049,315.225,316.975,16103070.000000,0.003584,219.75,220.8,206.68,209.98,142110454.000000,-0.04446
2023/11/10,140.46,143.65,139.91,143.56,49349884.000000,0.02207,130.31,133.05,129.65,132.84,20879838.000000,0.019415,316.365,325.525,315.885,325.195,19116858.000000,0.027911,210.03,215.38,205.69,214.65,131310113.000000,0.021997
2023/11/13,142.08,143.23,140.67,142.59,35680570.000000,0.00359,132.14,132.89,131.55,132.42,16409728.000000,0.002119,322.625,328.755,322.125,325.615,16908867.000000,0.009268,215.6,225.4,211.6101,223.71,140447513.000000,0.037616
2023/11/14,145,147.26,144.68,145.8,56674524.000000,0.005517,134.43,136.02,133.88,134.21,22317327.000000,-0.001637,330.965,334.525,329.755,332.735,17179241.000000,0.005348,235.03,238.135,230.72,237.41,149771428.000000,0.010126
2023/11/15,147.06,147.29,142.59,143.2,63875720.000000,-0.026248,135.42,135.62,134.11,135.16,15840690.000000,-0.00192,334.355,334.825,326.445,329.135,14531179.000000,-0.015612,239.29,246.7,236.45,242.84,150353950.000000,0.014836
2023/11/16,140.91,143.32,139.52,142.83,49653500.000000,0.013626,135.74,137.6599,134.86,137.48,17615068.000000,0.012819,325.795,331.005,322.805,330.615,18932474.000000,0.014795,239.49,240.88,230.96,233.59,136816543.000000,-0.024636
2023/11/17,142.66,145.23,142.545,145.18,49678322.000000,0.017664,136.6,136.78,134.26,135.72,25590146.000000,-0.006442,326.685,331.925,325.775,331.465,14519181.000000,0.014632,232,237.39,226.54,234.3,142766105.000000,0.009914
2023/11/20,145.13,146.63,144.725,146.13,41978735.000000,0.00689,134.28,137.205,134.27,136.7,19588711.000000,0.018022,331.315,338.295,330.615,336.395,16976030.000000,0.015333,234.04,237.1,231.02,235.6,116562214.000000,0.006666
2023/11/21,143.91,144.05,141.5,143.9,71225888.000000,-0.000069,136.72,137.745,136.485,137.4,17648067.000000,0.004974,334.755,336.3265,332.325,333.405,12027796.000000,-0.004033,235.04,243.62,233.34,241.2,122287730.000000,0.026208
2023/11/22,144.57,147.74,144.57,146.71,45700002.000000,0.014803,137.88,139.88,137.78,138.8,17310209.000000,0.006672,335.635,339.345,335.005,337.915,10715064.000000,0.006793,242.04,244.01,231.4,234.21,118117043.000000,-0.03235
2023/11/24,146.7,147.2,145.32,146.74,21549822.000000,0.000273,138.32,138.457,136.25,137,8808656,-0.009543,336.555,338.2806,333.195,334.655,5440275,-0.005645,233.75,238.75,232.33,235.45,64720746.000000,0.007273
2023/11/27,147.53,149.26,146.88,147.73,53762427.000000,0.001356,136.35,138.41,136.32,136.83,17886389.000000,0.00352,332.605,336.325,330.625,331.125,15684375.000000,-0.00445,236.89,238.33,232.1,236.08,112031763.000000,-0.003419
2023/11/28,146.98,147.5999,145.53,147.03,42711676.000000,0.00034,136.41,137.44,135.82,137.4,17046809.000000,0.007258,329.825,335.8,329.825,335.415,12636500.000000,0.016948,236.68,247,234.01,246.72,148549913.000000,0.04242
2023/11/29,147.85,148.54,145.97,146.32,40610906.000000,-0.010348,137.765,138.45,135.075,135.18,21014700.000000,-0.018764,336.115,336.325,327.205,328.625,16024477.000000,-0.022284,249.21,252.75,242.76,244.14,135401335.000000,-0.020344
2023/11/30,144.76,146.93,144.332,146.09,65813884.000000,0.009188,135.18,135.74,131.57,132.7,29913380.000000,-0.018346,328.315,329.925,318.8287,323.575,23146057.000000,-0.014437,245.14,245.22,236.91,240.08,132352657.000000,-0.020641
2023/12/1,146,147.245,145.55,147.03,39951833.000000,0.007055,132.1,132.28,130.9317,132.1,24267914.000000,0,321.905,323.285,317.185,321.245,15276268.000000,-0.00205,233.14,240.19,231.9,238.83,121331656.000000,0.024406
2023/12/4,145.25,145.35,142.81,144.84,48294151.000000,-0.002823,130.074,130.23,128.18,129.41,24117071.000000,-0.005105,313.715,317.285,310.085,316.445,19036819.000000,0.008702,235.75,239.3733,233.2902,235.58,104099783.000000,-0.000721
2023/12/5,143.55,148.57,143.13,146.88,46822278.000000,0.023197,129.15,132.32,128.51,131.17,19234529.000000,0.015641,315.405,318.305,311.815,314.715,16951788.000000,-0.002188,233.87,246.66,233.7,238.72,137971066.000000,0.020738
2023/12/6,147.58,147.85,144.28,144.52,39678959.000000,-0.020735,131.68,132.09,130.09,130.21,16360648.000000,-0.011163,318.355,318.675,313.465,313.875,11294320.000000,-0.014072,242.92,246.57,239.1709,239.37,126435964.000000,-0.014614
2023/12/7,146.15,147.92,145.34,146.88,52352774.000000,0.004995,135.38,138.78,135.01,137.23,38419249.000000,0.013665,314.195,324.665,314.195,323.015,15905079.000000,0.028072,241.55,244.08,236.98,242.64,107142262.000000,0.004513
2023/12/8,145.48,147.84,145.4,147.42,41905964.000000,0.013335,134.44,136.77,134.35,135.42,23016139.000000,0.007289,319.515,329.595,319.425,329.175,14087279.000000,0.030233,240.27,245.27,239.2701,243.84,103126618.000000,0.014858
2023/12/11,145.66,146.19,143.64,145.89,50907226.000000,0.001579,132.6,133.57,131.67,133.48,24502462.000000,0.006637,325.825,326.315,316.42,321.705,25802462.000000,-0.012645,242.74,243.441,237.45,239.74,97913888.000000,-0.012359
2023/12/12,145.52,147.5,145.3,147.48,44944165.000000,0.013469,132.05,133.32,131.61,132.42,26583981.000000,0.002802,321.025,330.895,320.985,330.645,18485461.000000,0.029967,238.55,238.99,233.87,237.01,95328313.000000,-0.006456
2023/12/13,148.12,149.46,146.82,148.84,52766160.000000,0.004861,133.325,133.56,131.73,132.75,25414461.000000,-0.004313,330.355,334.795,329.065,331.165,16353321.000000,0.002452,234.19,240.3,228.2,239.29,146286348.000000,0.021777
2023/12/14,149.93,150.54,145.52,147.42,58400848.000000,-0.016741,133.55,133.815,129.84,131.98,29618704.000000,-0.011756,330.275,331.125,325.0621,329.595,19607115.000000,-0.002059,241.22,253.88,240.79,251.05,160829239.000000,0.040751
2023/12/15,148.38,150.57,147.88,149.97,110089317.000000,0.010716,131.7,133.61,131.41,132.62,58593987.000000,0.006986,328.415,335.085,327.645,331.345,31776852.000000,0.008922,251.21,254.13,248.3,253.5,135932712.000000,0.009116
2023/12/18,150.56,154.855,150.05,154.07,62512797.000000,0.023313,132.64,137.16,132.55,135.97,25699627.000000,0.025106,333.905,343.985,333.445,341.045,18993730.000000,0.021383,253.78,258.74,251.36,252.08,116416487.000000,-0.006699
2023/12/19,154.4,155.12,152.69,153.79,43171288.000000,-0.003951,136.78,137.55,136.23,136.88,20660975.000000,0.000731,342.005,350.025,341.545,346.785,17729301.000000,0.013976,253.48,258.3399,253.01,257.22,106737363.000000,0.014755
2023/12/20,152.9,155.63,151.56,152.12,50322046.000000,-0.005101,139.11,141.8583,138.19,138.44,33507256.000000,-0.004816,345.075,351.385,344.215,345.705,16369850.000000,0.001826,256.41,259.84,247,247.14,125096970.000000,-0.036153
2023/12/21,153.3,153.97,152.1,153.84,36305722.000000,0.003523,139.55,140.81,139.2525,140.58,18101128.000000,0.007381,349.405,352.83,345.635,350.515,15289556.000000,0.003177,251.9,254.7999,248.55,254.5,109594078.000000,0.010322
2023/12/22,153.77,154.35,152.71,153.42,29514031.000000,-0.002276,140.91,142.03,140.835,141.5,18513524.000000,0.004187,352.005,353.6249,347.645,349.815,11772759.000000,-0.006222,256.76,258.22,251.37,252.54,93369994.000000,-0.016436
2023/12/26,153.56,153.975,153.03,153.41,25067195.000000,-0.000977,141.76,142.725,141.2801,141.6,11170053.000000,-0.001129,351.415,353.405,349.875,351.255,9898607,-0.000455,254.49,257.97,252.91,256.61,86892382.000000,0.00833
2023/12/27,153.56,154.78,153.12,153.34,31434733.000000,-0.001433,141.61,142.1,139.8312,140.22,17288357.000000,-0.009816,352.495,355.425,351.735,354.255,13207745.000000,0.004993,258.35,263.34,257.52,261.44,106494358.000000,0.011961
2023/12/28,153.72,154.08,152.95,153.38,27056960.000000,-0.002212,140.63,141.05,139.6083,140.06,12192534.000000,-0.004053,356.125,358.325,354.235,354.745,11798797.000000,-0.003875,263.66,265.13,252.71,253.18,113619840.000000,-0.039748
2023/12/29,153.1,153.89,151.03,151.94,39823154.000000,-0.007577,139.46,140.215,138.68,139.71,14880837.000000,0.001793,355.415,356.425,348.245,350.385,14986689.000000,-0.014152,255.1,255.19,247.43,248.48,100891528.000000,-0.025951
2024/1/2,151.54,152.38,148.39,149.93,47339202.000000,-0.010624,138.38,139.3947,136.52,138.34,20071623.000000,-0.000289,347.745,349.585,336.435,342.715,19042041.000000,-0.014465,250.08,251.25,244.41,248.42,104653800.000000,-0.006638
2024/1/3,149.2,151.05,148.33,148.47,49425413.000000,-0.004893,137.38,139.87,137.21,139.14,18974117.000000,0.012811,341.405,344.375,339.6,340.895,15451094.000000,-0.001494,244.98,245.68,236.32,238.45,121082544.000000,-0.026655
2024/1/4,145.59,147.38,144.05,144.57,56039807.000000,-0.007006,138.63,139.415,136.79,136.82,18253330.000000,-0.013056,340.925,344.5749,339.8237,343.545,12099895.000000,0.007685,239.25,242.7,237.73,237.93,102629283.000000,-0.005517
2024/1/5,144.69,146.59,144.53,145.24,45153036.000000,0.003801,137.132,137.59,135.63,136.17,15439459.000000,-0.007015,343.415,349.925,342.6851,348.375,13750694.000000,0.014443,236.86,240.1196,234.9001,237.49,92488925.000000,0.00266
2024/1/8,146.74,149.4,146.15,149.1,46757052.000000,0.016083,136.78,139.42,136.66,139.31,17645127.000000,0.018497,351.125,355.405,348.475,355.085,13890165.000000,0.011278,236.14,241.25,235.3,240.45,85166538.000000,0.018252
2024/1/9,148.33,151.71,148.21,151.37,43812276.000000,0.020495,138.84,141.5798,138.57,141.34,19579611.000000,0.018006,352.825,357.065,351.785,353.855,13463852.000000,0.002919,238.11,238.9646,232.04,234.96,96705630.000000,-0.013229
2024/1/10,152.06,154.42,151.881,153.73,44421817.000000,0.010983,141.3,143.305,141.24,142.58,16641723.000000,0.009059,356.595,369.365,355.505,366.895,22116785.000000,0.028884,235.1,235.5,231.29,233.94,91628502.000000,-0.004934
2024/1/11,155.04,157.17,153.12,155.18,49072690.000000,0.000903,143.675,145.44,140.995,142.45,17471130.000000,-0.008526,368.555,369.205,359.355,366.095,17204952.000000,-0.006675,230.57,230.93,225.37,227.22,105873612.000000,-0.014529
2024/1/12,155.39,156.2,154.01,154.62,40484147.000000,-0.004955,143.12,143.52,142.14,143.02,13998640.000000,-0.000699,366.58,373.485,365.965,370.915,19310046.000000,0.011826,220.08,225.34,217.1501,218.89,123043695.000000,-0.005407
2024/1/16,153.53,154.99,152.15,153.16,41384403.000000,-0.00241,142.21,144.62,141.8364,142.86,19198939.000000,0.004571,370.075,372.035,363.655,363.885,15306876.000000,-0.016726,215.1,223.49,212.18,219.91,115355045.000000,0.022362
2024/1/17,151.49,152.15,149.91,151.71,34953178.000000,0.001452,141.69,142.19,139.29,141.67,17884498.000000,-0.000141,362.725,364.965,355.035,364.795,12724680.000000,0.005707,214.86,215.67,212.01,215.55,103164243.000000,0.003211
2024/1/18,152.77,153.775,151.82,153.5,37850222.000000,0.004778,142.22,144.365,142.13,143.77,18876760.000000,0.010899,367.915,373.275,367.375,372.555,16354332.000000,0.012612,216.88,217.45,208.74,211.88,108595228.000000,-0.023054
2024/1/19,153.83,155.76,152.74,155.34,51651628.000000,0.009816,145.085,146.82,144.58,146.75,27181032.000000,0.011476,375.425,380.785,374.395,379.875,21670753.000000,0.011853,209.99,213.19,207.56,212.19,102260343.000000,0.010477
2024/1/22,156.89,157.05,153.9,154.78,43687072.000000,-0.013449,147.49,148.795,146.36,146.49,21829228.000000,-0.00678,384.375,386.7775,377.5851,378.205,17680310.000000,-0.016052,212.26,217.8,206.27,208.8,117952472.000000,-0.016301
2024/1/23,154.85,156.21,153.93,156.02,37986035.000000,0.007556,146.5,147.64,145.97,147.46,14113191.000000,0.006553,381.04,384.805,378.5,381.625,15505974.000000,0.001535,211.3,215.65,207.7516,209.14,106605906.000000,-0.010222
2024/1/24,157.8,158.51,156.48,156.87,48547314.000000,-0.005894,149.07,150.35,148.62,149.13,19244144.000000,0.000402,386.425,392.575,384.235,387.125,15604138.000000,0.001811,211.88,212.73,206.77,207.83,123369906.000000,-0.019115
2024/1/25,156.95,158.505,154.5501,157.75,43638592.000000,0.005097,150.52,153.54,150,152.42,21495034.000000,0.012623,386.595,391.915,382.085,389.605,15090948.000000,0.007786,189.7,193,180.06,182.63,198076781.000000,-0.037269
2024/1/26,158.42,160.72,157.91,159.12,51047329.000000,0.004419,151.65,152.89,151.58,152.57,19494383.000000,0.006067,390.775,393.215,388.0158,390.565,13159280.000000,-0.000537,185.5,186.78,182.1,183.25,107343231.000000,-0.012129
2024/1/29,159.34,161.29,158.9,161.26,45270350.000000,0.01205,152.42,153.98,151.7,153.62,20909030.000000,0.007873,391.41,399.355,389.525,397.445,18742433.000000,0.015419,185.63,191.48,183.67,190.93,125013148.000000,0.028551
2024/1/30,160.7,161.73,158.49,159,45207430.000000,-0.010579,152.79,153.82,151.555,151.83,26578862.000000,-0.006283,400.015,402.785,395.995,396.485,18614624.000000,-0.008825,195.33,196.3593,190.61,191.59,109982227.000000,-0.019147
2024/1/31,157,159.01,154.81,155.2,50284351.000000,-0.011465,144.17,144.37,140.33,140.58,43908512.000000,-0.024901,385.425,394.425,383.525,386.565,20180430.000000,0.002958,186.995,193.97,185.8459,187.29,103221430.000000,0.001578
2024/2/1,155.87,159.76,155.62,159.28,76542385.000000,0.021877,142.47,143.4,141.04,141.49,25526616.000000,-0.006879,390.365,396.925,389.475,391.205,29726999.000000,0.002152,188.5,189.88,184.28,188.86,91843274.000000,0.00191
2024/2/2,169.19,172.5,167.33,171.81,117218313.000000,0.015486,139.67,142.66,136.95,142.32,42136117.000000,0.018973,456.025,482.385,449.435,471.415,84707636.000000,0.033748,185.04,188.69,182,187.91,110612672.000000,0.01551
2024/2/5,170.2,170.55,167.7,170.31,55081297.000000,0.000646,142.82,145.45,142.69,143.71,29254443.000000,0.006232,466.305,468.325,455.645,455.835,40831850.000000,-0.022453,184.26,184.68,175.01,181.06,134294404.000000,-0.017367
2024/2/6,169.39,170.71,167.65,169.15,42505406.000000,-0.001417,144.74,145.52,143.3,144.19,21517585.000000,-0.0038,460.425,463.545,449.425,451.145,21655006.000000,-0.020155,177.21,186.49,177.11,185.1,122675942.000000,0.044523
2024/2/7,169.48,170.88,168.94,170.53,47174060.000000,0.006195,144.9,145.78,143.9903,145.46,21436125.000000,0.003865,454.425,467.945,452.6023,466.015,23065751.000000,0.025505,188.18,189.79,182.68,187.58,111535190.000000,-0.003188
2024/2/8,169.65,171.43,168.88,169.84,42316454.000000,0.00112,145.75,146.39,145.2,146,18241312.000000,0.001715,464.745,467.015,461.455,466.425,18814952.000000,0.003615,189,191.6171,185.58,189.56,83033915.000000,0.002963
2024/2/9,170.9,175,170.5803,174.45,56985985.000000,0.020772,146.73,149.475,146.21,149,21877683.000000,0.015471,469.375,470.015,463.89,464.535,18413123.000000,-0.010312,190.18,194.12,189.48,193.57,84476347.000000,0.017825
2024/2/12,174.8,175.39,171.54,172.34,51049725.000000,-0.014073,148.32,149.37,147.34,147.51,17235664.000000,-0.005461,464.615,475.57,463.005,465.325,19381460.000000,0.001528,192.11,194.73,187.28,188.13,95498366.000000,-0.020717
2024/2/13,167.73,170.95,165.75,168.64,56345112.000000,0.005425,144.85,146.82,143.89,145.15,18138354.000000,0.002071,453.295,464.315,451.515,456.545,20916602.000000,0.00717,183.99,187.26,182.1087,184.02,86759478.000000,0.000163
2024/2/14,169.21,171.21,168.28,170.98,42815542.000000,0.01046,146.15,146.61,144.335,145.92,16651824.000000,-0.001574,464.355,470.535,462.5151,469.705,16858312.000000,0.011521,185.3,188.89,183.35,188.71,81202987.000000,0.018403
2024/2/15,170.58,171.17,167.59,169.8,49854976.000000,-0.004573,143.24,143.54,140.66,142.72,26724305.000000,-0.00363,471.705,485.045,468.645,480.455,24212188.000000,0.01855,189.16,200.88,188.8595,200.45,120831762.000000,0.059685
2024/2/16,168.74,170.42,167.17,169.51,48107719.000000,0.004563,142.99,143.26,140.3,140.54,21865018.000000,-0.017134,474.535,475.385,465.635,469.745,23324578.000000,-0.010094,202.06,203.17,197.4,199.95,111346705.000000,-0.010442
2024/2/20,167.83,168.71,165.74,167.08,41980102.000000,-0.004469,139.72,142.1085,139.58,140.98,18625245.000000,0.009018,466.14,472.605,462.985,468.175,18015520.000000,0.004366,196.13,198.6,189.13,193.76,104545760.000000,-0.012084
2024/2/21,168.94,170.23,167.14,168.59,44575622.000000,-0.002072,141.42,142.76,140.69,142.62,16499577.000000,0.008485,463.425,465.925,458.715,464.955,12976249.000000,0.003302,193.36,199.44,191.95,194.77,103844007.000000,0.007292
2024/2/22,173.1,174.8,171.77,174.58,55392298.000000,0.00855,144.9,144.98,142.79,144.1,23024649.000000,-0.005521,477.165,486.915,472.9868,483.055,21625749.000000,0.012344,194,198.32,191.36,197.41,92739367.000000,0.017577
2024/2/23,174.28,175.75,173.7,174.99,59715095.000000,0.004074,143.75,144.735,143.57,144.07,14519344.000000,0.002226,484.975,491.2849,479.2732,480.955,18374209.000000,-0.008289,195.31,197.57,191.5,191.97,78841802.000000,-0.017101
2024/2/26,175.7,176.37,174.26,174.73,44368613.000000,-0.005521,142.23,142.62,137.52,137.53,33513011.000000,-0.033045,480.395,483.065,477.525,478.665,12101401.000000,-0.003601,192.29,201.78,192,199.4,111746933.000000,0.036975
2024/2/27,174.075,174.62,172.86,173.54,31141732.000000,-0.003073,138.19,139.27,137.28,138.88,22363977.000000,0.004993,476.9,484.195,476.845,483.975,10809371.000000,0.014835,204.04,205.6,198.26,199.73,108645182.000000,-0.021123
2024/2/28,172.44,174.05,172.27,173.16,28180482.000000,0.004175,137.88,138.06,135.42,136.21,30628702.000000,-0.012112,481.925,487.975,479.675,480.945,12715117.000000,-0.002034,200.42,205.3,198.44,202.04,99805970.000000,0.008083
2024/2/29,173.01,177.22,172.85,176.76,53805228.000000,0.021675,137.13,138.73,136.35,138.56,35484815.000000,0.010428,485.365,488.625,479.535,487.055,17732025.000000,0.003482,204.18,205.28,198.4463,201.88,85906955.000000,-0.011265
2024/3/1,176.75,178.725,176.07,178.22,31981090.000000,0.008317,138.39,138.78,136.755,136.86,28551391.000000,-0.011056,489.035,501.175,488.775,499.225,15884313.000000,0.020837,200.52,204.52,198.5,202.64,82242951.000000,0.010573
2024/3/4,177.53,180.14,177.49,177.58,37381520.000000,0.000282,135.32,135.41,131.64,132.98,43571485.000000,-0.017292,499.925,501.345,493.345,495.065,12324043.000000,-0.009721,198.73,199.75,186.72,188.13,134334865.000000,-0.053339
2024/3/5,176.93,176.93,173.303,174.12,37228302.000000,-0.015882,131.52,132.8,130.33,132.56,28447419.000000,0.007908,491.925,492.505,484.815,487.145,15325299.000000,-0.009717,183.05,184.59,177.57,180.74,119660740.000000,-0.01262
2024/3/6,175.54,176.46,173.26,173.51,32090898.000000,-0.011564,133.02,133.52,130.73,131.34,23174823.000000,-0.01263,494.555,499.895,491.217,493.015,11757553.000000,-0.003114,179.99,181.576,173.7,176.54,107920827.000000,-0.019168
2024/3/7,174.83,177.99,173.72,176.82,34063241.000000,0.011382,132.67,134.6,131.44,134.02,24107282.000000,0.010176,500.205,516.775,498.305,509.115,18586022.000000,0.017813,174.35,180.04,173.7,178.65,102129004.000000,0.024663
2024/3/8,176.44,178.785,174.33,175.35,37893189.000000,-0.006178,133.815,137.765,133.58,135.07,26495160.000000,0.009379,511.115,520.495,496.275,502.875,18596744.000000,-0.016122,181.5,182.73,174.7,175.34,85544444.000000,-0.033939
2024/3/11,174.31,174.47,171.47,171.96,28484776.000000,-0.013482,135.85,138.76,135.85,137.72,22536322.000000,0.013765,493.935,494.243,472.925,480.515,20428126.000000,-0.02717,175.445,182.87,174.8,177.77,85391528.000000,0.013252
2024/3/12,173.5,176.76,171.98,175.39,36610602.000000,0.010893,137.03,139.06,136.99,138.4,19019536.000000,0.009998,490.185,499.235,481.655,496.675,15447693.000000,0.01324,177.77,179.43,172.4101,177.54,87391683.000000,-0.001294
2024/3/13,175.9,177.62,175.55,176.555,30772578.000000,0.003724,138.84,140.97,138.79,139.55,19636860.000000,0.005114,492.315,497.905,487.9568,492.495,12090298.000000,0.000366,173.05,176.05,169.15,169.48,106524462.000000,-0.02063
2024/3/14,177.69,179.53,176.465,178.75,43705736.000000,0.005965,141.08,143.51,140.265,143.12,36117805.000000,0.01446,497.18,498.275,485.085,488.755,12619504.000000,-0.016946,167.77,171.17,160.51,162.5,126325645.000000,-0.031412
2024/3/15,176.64,177.93,173.9,174.42,72147331.000000,-0.012568,142.19,143.12,139.9101,140.95,41039316.000000,-0.008721,485.935,488.755,478.2251,481.025,29153567.000000,-0.010104,163.16,165.1845,160.76,163.57,97146748.000000,0.002513
2024/3/18,175.8,176.69,174.28,174.48,31250524.000000,-0.007509,148.15,151.71,146.92,147.26,47676402.000000,-0.006007,488.835,494.345,483.735,493.905,11755081.000000,0.010372,170.02,174.72,165.9,173.8,108214189.000000,0.022233
2024/3/19,174.215,176.09,173.52,175.9,26880868.000000,0.009672,147.76,148.4,145.79,146.7,17748104.000000,-0.007174,485.095,493.5546,478.205,493.165,10902915.000000,0.016636,172.36,172.82,167.42,171.32,77271382.000000,-0.006034
2024/3/20,176.14,178.53,174.64,178.15,29946974.000000,0.011411,147.57,148.54,146.445,148.46,17729927.000000,0.006031,496.425,505.1249,492.095,502.445,11711100.000000,0.012127,173,176.25,170.82,175.66,83846538.000000,0.015376
2024/3/21,179.988,181.415,178.15,178.15,32824172.000000,-0.010212,149.1,150.085,146.7901,147.52,19843868.000000,-0.010597,511.635,511.965,502.935,504.685,9712292,-0.013584,176.39,178.18,171.8,172.82,73178012.000000,-0.020239
2024/3/22,177.752,179.255,176.75,178.87,27995326.000000,0.00629,149.02,151.34,148.87,150.55,19252771.000000,0.010267,503.925,506.895,501.265,506.505,8120575,0.00512,166.69,171.2,166.3,170.83,75580565.000000,0.024837
2024/3/25,178.01,180.99,177.24,179.71,29815419.000000,0.00955,149.73,150.236,147.58,149.93,15114565.000000,0.001336,502.715,504.145,497.1661,499.945,8380617,-0.00551,168.76,175.24,168.73,172.63,74228552.000000,0.022932
2024/3/26,180.15,180.45,177.95,178.3,29658924.000000,-0.010269,150.02,151.98,149.81,150.48,19312694.000000,0.003066,502.055,506.925,492.1387,492.815,11205297.000000,-0.018404,178.58,184.25,177.38,177.67,113186175.000000,-0.005096
2024/3/27,179.88,180,177.3099,179.83,33272549.000000,-0.000278,150.925,151.47,148.91,150.72,16621881.000000,-0.001358,496.225,496.815,484.995,490.785,9989612,-0.010963,181.41,181.91,176,179.83,81804042.000000,-0.00871
2024/3/28,180.17,181.7,179.26,180.38,38051588.000000,0.001166,150.78,151.45,150.11,151.04,21105628.000000,0.001724,489.765,489.815,482.075,482.505,15212058.000000,-0.014823,177.45,179.57,175.3,175.79,77654838.000000,-0.009355
2024/4/1,180.79,183,179.95,180.97,29174521.000000,0.000996,150.61,155.78,150.43,155.28,24469815.000000,0.031007,484.125,494.355,478.705,488.275,9246709,0.008572,176.17,176.75,170.21,175.22,81562126.000000,-0.005393
2024/4/2,179.07,180.79,178.38,180.69,32611546.000000,0.009047,153.53,154.77,152.24,154.65,17598064.000000,0.007295,482.025,494.455,481.575,494.295,11080645.000000,0.025455,164.75,167.69,163.43,166.63,116650484.000000,0.011411
2024/4/3,179.9,182.87,179.8,182.41,31046638.000000,0.013952,153.7,155.33,152.91,155.15,17266175.000000,0.009434,495.855,504.165,495.675,503.665,12099165.000000,0.015751,164.02,168.82,163.28,168.38,82950141.000000,0.026582
2024/4/4,184,185.1,180,180,41624261.000000,-0.021739,153.86,154.96,150.66,150.72,24184842.000000,-0.020408,513.345,526.925,507.505,507.845,26476217.000000,-0.010714,170.07,177.19,168.01,171.11,123161960.000000,0.006115
2024/4/5,182.38,186.27,181.97,185.07,42373992.000000,0.014749,150.46,153.62,149.86,152.72,16297319.000000,0.015021,513.78,527.625,511.3349,524.265,19262824.000000,0.020408,169.08,170.86,160.51,164.9,143157603.000000,-0.024722
2024/4/8,186.9,187.29,184.81,185.19,39221282.000000,-0.009149,152.8,155.44,152.77,154.92,16641530.000000,0.013874,526.205,528.4149,515.815,516.175,13260579.000000,-0.019061,169.34,174.5,167.79,172.98,104423320.000000,0.021495
2024/4/9,187.24,187.34,184.2,185.67,36546946.000000,-0.008385,156.13,158.67,155.42,156.92,21538140.000000,0.00506,519.155,522.795,503.665,513.825,10881010.000000,-0.010267,172.91,179.22,171.92,176.88,103232675.000000,0.02296
2024/4/10,182.77,186.27,182.67,185.95,35879151.000000,0.017399,156.66,156.94,154.98,156.44,16339174.000000,-0.001404,506.215,519.4849,502.725,516.755,11418341.000000,0.020821,173.04,174.93,170.01,171.76,84532407.000000,-0.007397
2024/4/11,186.74,189.77,185.51,189.05,40020742.000000,0.01237,157.12,159.9,156.71,159.57,17841703.000000,0.015593,518.035,520.785,514.215,520.085,10369203.000000,0.003957,172.55,175.88,168.51,174.6,94515987.000000,0.011881
2024/4/12,187.72,188.38,185.08,186.13,38608849.000000,-0.00847,158.19,160.48,157.38,157.97,16989765.000000,-0.001391,514.675,517.1149,506.255,508.825,11984316.000000,-0.011366,172.34,173.81,170.36,171.05,64722669.000000,-0.007485
2024/4/15,187.43,188.69,183,183.62,48052395.000000,-0.020328,159.06,159.61,154.93,155.11,21140948.000000,-0.024833,513.645,515.455,494.205,497.155,13512811.000000,-0.032104,170.24,170.69,161.38,161.48,100245310.000000,-0.051457
2024/4/16,183.27,184.83,182.26,183.32,32891265.000000,0.000273,154.42,156.01,153.83,154.78,15413201.000000,0.002331,495.035,501.6949,494.035,496.685,9847836,0.003333,156.74,158.19,153.75,157.11,96999956.000000,0.002361
2024/4/17,184.31,184.57,179.82,181.28,31359673.000000,-0.01644,155.97,157.46,154.92,155.66,16237752.000000,-0.001988,500.025,500.085,484.065,491.095,12193657.000000,-0.017859,157.64,158.33,153.78,155.45,82439718.000000,-0.013892
2024/4/18,181.47,182.39,178.65,179.22,30723793.000000,-0.012399,155.71,157.27,154.99,156.24,14016065.000000,0.003404,496.745,509.135,495.965,498.725,14808259.000000,0.003986,151.25,152.2,148.7,149.93,96098830.000000,-0.008727
2024/4/19,178.74,179,173.44,174.63,56000729.000000,-0.022994,156.53,156.77,152.69,154.5,21479881.000000,-0.012969,499.725,499.725,472.655,477.995,25215314.000000,-0.043484,148.97,150.94,146.22,147.05,87074484.000000,-0.012889
2024/4/22,176.94,178.87,174.56,177.23,37924890.000000,0.001639,154.79,157.97,154.44,156.73,17243870.000000,0.012533,486.64,488.935,470.325,478.655,17270860.000000,-0.016408,140.56,144.44,138.8025,142.05,107097440.000000,0.0106
2024/4/23,178.08,179.93,175.98,179.54,37046519.000000,0.008199,157.37,159.26,156.75,158.7,16115408.000000,0.008451,488.175,495.685,485.895,493.025,15079041.000000,0.009935,143.33,147.26,141.11,144.68,124545104.000000,0.009419
2024/4/24,179.94,180.32,176.18,176.59,34185109.000000,-0.018617,157.87,160.17,157.6,159.88,19485694.000000,0.012732,504.985,506.925,481.505,490.425,37771881.000000,-0.028833,162.84,167.97,157.51,162.13,181178020.000000,-0.00436
2024/4/25,169.68,173.92,166.32,173.67,49249390.000000,0.023515,152.14,157.06,151.55,156.73,36197789.000000,0.03017,418.325,442.695,411.425,438.305,82890712.000000,0.047762,158.96,170.88,158.36,170.18,126427521.000000,0.070584
2024/4/26,177.8,180.82,176.13,179.62,43919765.000000,0.010236,174.77,175.2,170.18,172.47,56500787.000000,-0.01316,438.385,443.365,428.885,440.215,32691442.000000,0.004174,168.85,172.12,166.37,168.29,109815725.000000,-0.003317
2024/4/29,182.75,183.53,179.39,180.96,54063937.000000,-0.009795,169.55,170.16,165.84,166.68,35914561.000000,-0.016927,436.485,436.685,425.485,429.545,21502570.000000,-0.0159,188.42,198.87,184.54,194.05,243869678.000000,0.02988
2024/4/30,181.09,182.99,174.8,175,94639786.000000,-0.03363,166.16,168.65,163.28,163.42,29420755.000000,-0.01649,427.975,436.5449,426.645,427.095,18429495.000000,-0.002056,186.98,190.95,182.84,183.28,127031787.000000,-0.019788
2024/5/1,181.64,185.15,176.56,179,94645148.000000,-0.014534,164.96,167.59,163.68,164.35,25223245.000000,-0.003698,425.525,446.885,424.035,436.115,20344946.000000,0.024887,182,185.86,179.01,179.99,92829719.000000,-0.011044
2024/5/2,180.85,185.1,179.91,184.72,54303510.000000,0.021399,165.45,167.31,164.47,167.24,17041119.000000,0.010819,435.765,440.885,429.205,438.605,15221116.000000,0.006517,182.86,184.6,176.02,180.01,89148041.000000,-0.015586
2024/5/3,186.99,187.87,185.42,186.21,39171898.000000,-0.004171,168.32,168.63,163.76,167.77,22766368.000000,-0.003268,442.855,451.095,440.775,448.885,16488910.000000,0.013616,182.1,184.78,178.42,181.19,75491515.000000,-0.004997
2024/5/6,186.28,188.745,184.8,188.7,34724825.000000,0.012991,168,168.68,166.67,168.61,15147764.000000,0.003631,452.505,463.085,450.265,462.605,15094422.000000,0.02232,183.8,187.56,182.2,184.76,84390253.000000,0.005223
2024/5/7,188.92,189.94,187.305,188.76,34048901.000000,-0.000847,168.9,172.25,168.78,171.76,21102434.000000,0.016933,463.215,468.455,458.235,465.165,13406816.000000,0.00421,182.4,183.26,177.4,177.81,75045829.000000,-0.025164
2024/5/8,187.44,188.43,186.385,188,26136338.000000,0.002988,169.53,170.6892,169.302,169.94,14569703.000000,0.002418,460.425,472.505,459.927,469.525,11683896.000000,0.019764,171.59,176.06,170.15,174.72,79969039.000000,0.018241
2024/5/9,188.88,191.7,187.44,189.5,43368377.000000,0.003283,169.93,171.22,168.71,170.36,11937704.000000,0.00253,466.925,473.005,464.555,472.345,9437339,0.011608,175.01,175.62,171.37,171.97,65950113.000000,-0.01737
2024/5/10,189.16,189.892,186.93,187.48,34141693.000000,-0.008881,168.47,170.12,166.69,169.07,18739979.000000,0.003561,474.015,474.425,466.525,473.125,10749997.000000,-0.001878,173.05,173.0599,167.75,168.47,72627148.000000,-0.026466
2024/5/13,188,188.31,185.36,186.57,24898524.000000,-0.007606,164.627,169.73,164.54,169.68,19647909.000000,0.030694,469.675,470.275,459.775,464.935,14668780.000000,-0.010092,170,175.4,169,171.89,67018868.000000,0.011118
2024/5/14,183.82,187.72,183.45,187.07,38698111.000000,0.01768,170.37,171.56,169.2,170.71,18729377.000000,0.001996,460.295,469.465,457.005,468.775,10478365.000000,0.018423,174.4959,179.49,174.07,177.55,86407265.000000,0.017502
2024/5/15,185.97,186.7193,182.73,185.99,75459909.000000,0.000108,171.08,172.8259,170.81,172.66,20957849.000000,0.009235,471.905,479.4249,468.125,478.465,13100252.000000,0.013901,179.9,180,173.11,173.99,79662982.000000,-0.032852
2024/5/16,185.6,187.31,183.46,183.63,38834402.000000,-0.010614,173.38,175.12,172.83,174.21,17246878.000000,0.004787,471.925,474.615,469.675,470.155,16608179.000000,-0.003751,174.1,175.79,171.43,174.84,59812148.000000,0.00425
2024/5/17,183.76,185.3,183.35,184.7,33175654.000000,0.005115,174.33,176.275,173.76,176.07,16546009.000000,0.009981,467.755,469.725,465.345,468.835,10806777.000000,0.002309,173.55,179.63,172.75,177.46,77445790.000000,0.02253
2024/5/20,184.34,186.665,183.28,183.54,30511524.000000,-0.00434,176.09,178.73,176.005,177.24,17495122.000000,0.006531,466.875,470.125,463.965,465.765,11745079.000000,-0.002378,177.56,177.754,173.52,174.95,61727400.000000,-0.014699
2024/5/21,182.3,183.26,180.75,183.15,50839067.000000,0.004663,177.18,178.6,176.09,178.32,14705834.000000,0.006434,464.045,467.625,459.195,461.555,11741323.000000,-0.005366,175.51,186.875,174.71,186.6,115266509.000000,0.063187
2024/5/22,183.88,185.22,181.9715,183.13,28148778.000000,-0.004079,177.18,177.632,175.5601,176.78,16189401.000000,-0.002258,464.795,470.6449,462.575,464.705,10078542.000000,-0.000194,182.85,183.8,178.12,180.11,88313275.000000,-0.014985
2024/5/23,183.66,184.76,180.08,181.05,33670111.000000,-0.014211,177.56,178.69,173.32,173.84,14928177.000000,-0.020951,469.805,471.2831,458.465,462.705,11747785.000000,-0.015113,181.8,181.9,173.26,173.74,71975418.000000,-0.044334
2024/5/24,181.65,182.435,180.3,180.75,27471569.000000,-0.004955,175.3,176.0844,173.98,175.11,11403402.000000,-0.001084,464.545,476.7749,463.225,475.145,12024253.000000,0.022818,174.835,180.08,173.73,179.24,65584448.000000,0.025195
2024/5/28,179.93,182.24,179.49,182.15,29926929.000000,0.012338,174.52,177.29,174.46,176.8,15652280.000000,0.013064,473.5,477.785,471.765,476.845,10174683.000000,0.007064,176.4,178.25,173.16,176.75,59736620.000000,0.001984
2024/5/29,181.7,184.08,181.55,182.02,32009077.000000,0.001761,175.59,177.01,175.04,176.18,15023502.000000,0.00336,471.585,476.775,470.625,471.285,9225605,-0.000636,174.19,178.15,173.93,176.19,54782649.000000,0.011482
2024/5/30,181.31,181.34,178.355,179.32,29249127.000000,-0.010976,175.47,175.47,172.01,172.34,18843847.000000,-0.017838,468.595,468.655,461.635,463.975,10735223.000000,-0.009859,178.575,182.67,175.38,178.79,77784630.000000,0.001204
2024/5/31,178.3,179.21,173.87,176.44,58903930.000000,-0.010432,172.18,173.2,169.75,172.74,28085151.000000,0.003252,462.725,466.045,451.3851,463.755,16919701.000000,0.002226,178.5,180.32,173.82,178.08,67314592.000000,-0.002353
2024/6/3,177.7,178.7,175.92,178.34,30786580.000000,0.003602,172.66,174.64,171.23,173.2,20742706.000000,0.003128,467.785,476.525,465.165,474.415,11279263.000000,0.014173,178.13,182.6389,174.49,176.29,68568859.000000,-0.01033
2024/6/4,177.64,179.82,176.44,179.34,27198320.000000,0.00957,173.23,173.97,172,173.91,14066515.000000,0.003925,473.925,475.815,470.1572,473.915,7088718,-0.000021,174.775,177.755,174,174.77,60056323.000000,-0.000029
2024/6/5,180.1,181.5,178.75,181.28,32116394.000000,0.006552,175.315,176.75,174.07,175.85,15233614.000000,0.003052,481.375,493.575,480.835,491.985,15690196.000000,0.022041,175.35,176.15,172.13,175,57953638.000000,-0.001996
2024/6/6,181.745,185,181.49,185,31371043.000000,0.01791,176.21,177.49,175.99,177.13,14255811.000000,0.005221,489.905,499.745,487.815,490.685,10667048.000000,0.001592,174.6,179.73,172.73,177.94,69886829.000000,0.019129
2024/6/7,184.9,186.2888,183.36,184.3,28021473.000000,-0.003245,177.24,178.2,174.57,174.73,14715868.000000,-0.014162,492.835,495.835,487.0951,489.885,9380642,-0.005986,176.13,179.35,175.58,177.48,56244682.000000,0.007665
2024/6/10,184.07,187.23,183.79,187.06,34494421.000000,0.016244,175.43,177.45,173.36,175.61,17121774.000000,0.001026,490.785,499.585,490.335,499.525,11236523.000000,0.017808,176.06,178.57,173.17,173.79,50869245.000000,-0.012893
2024/6/11,187.06,187.77,184.5373,187.23,27265073.000000,0.000909,176.7,177.37,174.42,177.17,14402294.000000,0.00266,497.085,504.525,495.195,504.395,9672671,0.014706,173.92,174.75,167.41,170.66,64761836.000000,-0.018744
2024/6/12,188.015,188.35,185.43,186.89,33984045.000000,-0.005984,178.73,181.06,176.76,178.54,18600404.000000,-0.001063,510.915,510.935,501.395,505.765,11982233.000000,-0.01008,171.12,180.55,169.8,177.29,90389401.000000,0.036057
2024/6/13,186.09,187.67,182.666,183.83,39721453.000000,-0.012145,176.82,177.49,175.64,175.72,15956941.000000,-0.006221,502.635,506.285,498.285,501.025,9954343,-0.003203,188.39,191.08,181.23,182.47,118984120.000000,-0.031424
2024/6/14,183.08,183.72,182.23,183.66,25456392.000000,0.003168,174.832,177.71,174.832,177.35,12360326.000000,0.014402,500.075,504.575,498.175,501.585,10243211.000000,0.00302,185.8,186,176.92,178.01,82038065.000000,-0.041927
2024/6/17,182.52,185,181.22,184.06,35601872.000000,0.008437,175.96,178.9,175.47,177.76,15272798.000000,0.01023,499.095,508.175,493.435,504.055,11266598.000000,0.009938,177.92,188.81,177,187.44,109785856.000000,0.053507
2024/6/18,183.735,184.29,181.43,182.81,36659143.000000,-0.005034,177.77,177.89,174.6,175.43,15640219.000000,-0.013163,501.985,503.425,492.445,496.915,13059542.000000,-0.0101,186.56,187.2,182.37,184.86,68982249.000000,-0.009112
2024/6/20,182.91,186.51,182.72,186.1,44726352.000000,0.01744,175.69,177.72,175.44,176.69,16752950.000000,0.005692,499.425,501.095,494.195,499.125,11801146.000000,-0.000601,184.68,185.21,179.66,181.57,55893042.000000,-0.01684
2024/6/21,187.8,189.275,185.86,189.08,72931433.000000,0.006816,177.47,181.4917,177.04,179.24,59726423.000000,0.009974,500.875,500.875,489.815,492.205,23130365.000000,-0.01731,182.3,183.95,180.69,183.01,63029482.000000,0.003895
2024/6/24,189.33,191,185.33,185.57,50610272.000000,-0.01986,180.26,181.06,179.21,179.77,18198282.000000,-0.002718,496.625,505.225,491.715,496.335,13524638.000000,-0.000584,184.97,188.8,182.55,182.58,61991874.000000,-0.012921
2024/6/25,186.81,188.84,185.42,186.34,45898446.000000,-0.002516,180.125,184.73,180.085,184.56,18917725.000000,0.024622,494.475,508.135,492.925,508.025,12109628.000000,0.027403,184.4,187.97,182.01,187.35,63678162.000000,0.015998
2024/6/26,186.92,194.8,186.26,193.61,65103840.000000,0.035791,183.18,184.91,182.97,184.35,13375412.000000,0.006387,504.07,511.235,502.1015,510.545,8882302,0.012845,186.54,197.755,186.36,196.37,95737066.000000,0.052696
2024/6/27,195.005,199.84,194.2,197.85,74397446.000000,0.014589,184.625,186.48,184.43,185.84,13025566.000000,0.006581,511.675,520.3049,511.325,516.985,10120767.000000,0.010378,195.17,198.72,194.05,197.42,72746520.000000,0.011528
2024/6/28,197.73,198.85,192.5,193.25,76930158.000000,-0.022657,184.7,185.56,182.305,182.4,23032332.000000,-0.012453,514.575,519.305,501.265,501.645,15855134.000000,-0.025128,199.55,203.2,195.26,197.88,95437932.000000,-0.008369
2024/7/1,193.49,198.2957,192.82,197.2,41192011.000000,0.019174,183.46,184.32,181.71,183.47,11815560.000000,0.000055,502.375,504.005,490.595,502.105,10328139.000000,-0.000537,201.02,213.23,200.85,209.86,135691354.000000,0.043976
2024/7/2,197.28,200.43,195.93,200,45600013.000000,0.013788,182.45,185.93,182.04,185.59,12555441.000000,0.01721,498.185,507.925,496.875,506.925,7739444,0.017544,218.89,231.3,218.06,231.26,205047870.000000,0.056512
2024/7/3,199.94,200.029,196.7601,197.59,31374477.000000,-0.011754,185.28,186.6,184.365,186.37,7354778,0.005883,503.795,508.705,503.445,507.385,5976282,0.007126,234.56,248.35,234.25,246.39,163632816.000000,0.050435
2024/7/5,198.65,200.55,198.17,200,39858732.000000,0.006796,186.3,191.24,186.3,190.94,14303062.000000,0.024906,509.025,538.295,509.025,537.335,21354093.000000,0.055616,249.81,252.37,242.4601,251.52,154501090.000000,0.006845
2024/7/8,200.04,201.2,197.96,199.29,34767245.000000,-0.003749,190.345,190.6591,188.3,189.46,12097463.000000,-0.004649,539.775,540.235,524.075,526.745,14917338.000000,-0.02414,247.71,259.439,244.57,252.94,157219441.000000,0.021113
2024/7/9,199.4,200.57,199.045,199.34,32756551.000000,-0.000301,190.73,191.84,189.21,189.42,10224878.000000,-0.006868,531.175,534.905,525.6151,527.425,8769067,-0.00706,251,265.61,250.3,262.33,160742515.000000,0.045139
2024/7/10,199.995,200.11,197.69,199.79,32883623.000000,-0.001025,189.73,192.29,189.6,191.64,12052467.000000,0.010067,528.215,536.305,525.785,532.115,10983263.000000,0.007383,262.8,267.59,257.86,263.26,128519332.000000,0.00175
2024/7/11,200.09,200.2699,192.86,195.05,44565041.000000,-0.025189,190.32,191.39,185.8,186.28,16451981.000000,-0.021227,528.315,532.885,505.7983,510.125,16458105.000000,-0.03443,263.3,271,239.65,241.03,221706997.000000,-0.08458
2024/7/12,194.8,196.47,193.8301,194.49,30598453.000000,-0.001591,185.9,187.67,185.12,185.76,14448032.000000,-0.000753,495.18,505.515,491.655,496.295,19750452.000000,0.002252,235.8,251.84,233.0912,248.23,155954673.000000,0.052714
2024/7/15,194.56,196.19,190.83,192.72,40683057.000000,-0.009457,185.47,188.88,185.47,187.17,12185944.000000,0.009166,496.055,504.1049,490.795,493.585,12539144.000000,-0.004979,255.97,265.6,251.73,252.64,146912703.000000,-0.013009
2024/7/16,195.59,196.62,192.24,193.02,33994703.000000,-0.01314,187.94,189.32,184.1,184.48,12760013.000000,-0.01841,498.925,501.3749,483.215,487.215,14075670.000000,-0.02347,255.31,258.62,245.8001,256.56,126332369.000000,0.004896
2024/7/17,191.35,191.58,185.99,187.93,48076139.000000,-0.017873,183.66,184.21,180.6,181.6,17376563.000000,-0.011216,476.595,476.595,456.545,459.415,28076415.000000,-0.036047,252.73,258.47,246.182,248.5,115584787.000000,-0.016737
2024/7/18,189.59,189.68,181.448,183.75,51043615.000000,-0.030803,182.52,183.03,177.19,178.2,17875992.000000,-0.023669,472.425,476.6643,461.965,473.275,19266928.000000,0.001799,251.09,257.14,247.2,249.23,110868878.000000,-0.007408
2024/7/19,181.14,184.93,180.11,183.13,43081761.000000,0.010986,179.35,180.95,177.84,178.37,14485647.000000,-0.005464,473.485,484.135,473.135,474.215,15149202.000000,0.001542,247.79,249.44,236.83,239.2,87403772.000000,-0.034666
2024/7/22,185,185.06,182.48,182.55,39931759.000000,-0.013243,181.33,183.28,180.88,182.33,16303896.000000,0.005515,484,489.485,481.325,484.825,12022723.000000,0.001705,244.21,253.21,243.75,251.51,101225430.000000,0.029892
2024/7/23,184.1,189.39,183.56,186.41,47537580.000000,0.012548,182.82,184.2,182.31,182.58,23772541.000000,-0.001313,487.265,492.645,485.145,486.115,9454824,-0.00236,253.6,255.7594,245.63,246.38,111928182.000000,-0.02847
2024/7/24,183.2,185.45,180.41,180.83,41532353.000000,-0.012937,174.37,176.93,172.55,173.35,31250512.000000,-0.00585,469.73,473.725,458.005,458.695,17649429.000000,-0.023492,225.42,225.99,214.71,215.99,167942397.000000,-0.041833
2024/7/25,182.91,183.8958,176.8,179.85,44463847.000000,-0.01673,173.23,174.18,168.03,168.14,28967870.000000,-0.029383,460.685,460.973,440.075,450.835,18240403.000000,-0.021381,216.8,226,216.231,220.25,100636441.000000,0.015913
2024/7/26,180.39,183.19,180.24,182.5,29505614.000000,0.011697,167.75,168.82,164.845,167.66,25149999.000000,-0.000537,461.62,467.195,456.845,463.125,14222220.000000,0.00326,221.19,222.2799,215.33,219.8,94604042.000000,-0.006284
2024/7/29,183.84,184.75,182.38,183.2,33270053.000000,-0.003481,169.48,171.14,168.7,170.11,13768598.000000,0.003717,467.305,471.385,462.445,463.135,11339506.000000,-0.008924,224.9,234.27,224.7,232.1,129201755.000000,0.032014
2024/7/30,184.72,185.86,179.38,181.71,39508144.000000,-0.016295,170.81,171.93,169.1,170.84,13681264.000000,0.000176,464.425,470.155,454.125,460.615,11390434.000000,-0.008204,232.25,232.41,220,222.62,100560333.000000,-0.041464
2024/7/31,185.05,187.94,184.46,186.98,41667176.000000,0.01043,173.9,174.89,170.7,172.13,15649921.000000,-0.010178,468.445,473.925,464.175,472.255,24285751.000000,0.008133,227.9,234.68,226.7875,232.07,67496974.000000,0.018297
2024/8/1,189.285,190.6,181.87,184.07,70435630.000000,-0.027551,170.96,174.66,169.49,171.43,17177445.000000,0.002749,518.425,524.5959,489.525,495.165,43083066.000000,-0.044867,227.69,231.867,214.3328,216.86,83861897.000000,-0.047565
2024/8/2,166.75,168.77,160.55,167.9,141448261.000000,0.006897,167.17,169.19,165.37,167.38,18907771.000000,0.001256,486.425,498.57,473.575,485.565,24044402.000000,-0.001768,214.88,216.13,205.78,207.67,82879735.000000,-0.033554
2024/8/5,154.21,162.96,151.61,161.02,83149430.000000,0.044161,156.35,164.92,155.58,159.62,34907487.000000,0.020915,448.77,480.905,448.225,473.155,21396191.000000,0.054337,185.22,203.8799,182,198.88,100308786.000000,0.07375
2024/8/6,161.71,165.08,158.5404,161.93,59950816.000000,0.00136,159.925,161.33,157.11,159.52,36146380.000000,-0.002532,476.425,499.985,476.075,491.515,20954859.000000,0.031673,200.75,202.9,192.67,200.64,73783939.000000,-0.000548
2024/8/7,166.55,167.58,161.43,162.77,48408239.000000,-0.022696,162.22,163.77,159.22,159.73,19333544.000000,-0.01535,500.555,507.575,484.285,486.345,20105303.000000,-0.028388,200.77,203.49,191.48,191.76,71159737.000000,-0.044877
2024/8/8,165.165,166.6899,162.55,165.8,44616206.000000,0.003845,161.324,164.48,161.01,162.82,15733612.000000,0.009273,494.925,507.385,492.145,507.055,16156372.000000,0.024509,195.7,200.7,192.04,198.84,65033872.000000,0.016045
2024/8/9,166.4,168.55,165.85,166.94,36400885.000000,0.003245,160.625,164.5,159.91,164.37,13549226.000000,0.023315,505.135,515.765,503.125,515.195,13696640.000000,0.019915,197.05,200.88,195.11,200,58648168.000000,0.014971
2024/8/12,168.14,168.55,166.1101,166.8,30072782.000000,-0.00797,164.975,165.68,162.53,162.93,12434604.000000,-0.012396,514.285,515.445,506.525,513.375,9767317,-0.001769,199.02,199.26,194.67,197.49,64044812.000000,-0.007688
2024/8/13,167.81,171.04,167.1,170.23,39237553.000000,0.014421,164.165,165.52,163.75,164.91,12717618.000000,0.004538,517.435,528.9249,515.575,525.965,13743685.000000,0.016485,198.47,208.49,197.06,207.83,76247251.000000,0.047161
2024/8/14,172.11,172.28,168.86,170.1,28843743.000000,-0.011679,163.19,163.94,158.51,161.01,22515828.000000,-0.013359,525.485,531.425,520.555,524.185,11444004.000000,-0.002474,207.39,208.44,198.75,201.38,70250004.000000,-0.028979
2024/8/15,174.86,177.91,173.99,177.59,51698512.000000,0.015612,161.19,162.5,160.47,162.15,18392447.000000,0.005956,529.215,537.195,524.125,534.755,13481823.000000,0.010468,205.02,215.88,204.82,214.14,89848414.000000,0.044483
2024/8/16,177.04,178.34,176.2601,177.06,31489173.000000,0.000113,162.39,165.93,162.06,163.72,16852798.000000,0.00819,529.325,531.085,522.085,524.845,14776593.000000,-0.008464,211.15,219.8,210.8,216.12,88765122.000000,0.023538
2024/8/19,177.64,178.3,176.16,178.22,31129505.000000,0.003265,165.98,167.45,165.07,167.38,13100699.000000,0.008435,524.295,529.085,520.185,526.625,9879264,0.004444,217.07,222.98,214.09,222.72,76434911.000000,0.026028
2024/8/20,177.92,179.01,177.4308,178.88,26255084.000000,0.005396,167.72,169.39,167.64,167.94,12622032.000000,0.001312,525.775,528.515,523.305,524.155,7943996,-0.003081,224.88,228.22,219.56,221.1,74001132.000000,-0.016809
2024/8/21,179.92,182.385,178.8937,180.11,35599120.000000,0.001056,165.97,167.62,165.55,166.61,15269470.000000,0.003856,524.575,536.825,524.36,532.585,13423243.000000,0.01527,222.67,224.6594,218.86,223.27,70145928.000000,0.002695
2024/8/22,181.38,181.47,175.68,176.13,32047464.000000,-0.028945,168.02,168.4,164.01,164.47,19123204.000000,-0.021128,534.425,541.655,526.015,529.355,15708043.000000,-0.009487,223.82,224.8,210.32,210.66,79514200.000000,-0.058797
2024/8/23,177.34,178.9699,175.24,177.04,29150091.000000,-0.001692,165.53,166.93,164.64,166.41,14281609.000000,0.005316,534.345,537.295,522.485,525.425,11323923.000000,-0.016693,214.455,221.48,214.21,220.32,81525079.000000,0.027348
2024/8/26,176.7,177.4682,174.3,175.5,22366185.000000,-0.006791,167.135,168.36,165.3,166.91,11989431.000000,-0.001346,525.025,525.425,512.375,518.545,9583959,-0.012342,218.75,219.09,211.01,213.21,59301178.000000,-0.025326
2024/8/27,174.15,174.89,172.25,173.12,29841863.000000,-0.005914,166.59,167.225,165.14,165.36,13718161.000000,-0.007383,516.405,521.435,512.735,516.525,6282720,0.000232,213.25,215.66,206.94,209.21,62821272.000000,-0.018945
2024/8/28,173.69,173.69,168.92,170.8,29044720.000000,-0.016639,165.76,166.37,162.26,163.48,15208736.000000,-0.013755,515.1,518.51,509.875,514.205,9106013,-0.001738,209.72,211.84,202.59,205.75,64115923.000000,-0.01893
2024/8/29,173.22,174.29,170.81,172.12,26407815.000000,-0.00635,165.04,166.61,160.962,162.38,17133451.000000,-0.016117,516.475,524.625,513.1039,515.645,8317201,-0.001607,209.8,214.89,205.97,206.28,62308804.000000,-0.016778
2024/8/30,172.78,178.9,172.6,178.5,43429340.000000,0.033106,163.2,164.26,162.39,164.09,18498777.000000,0.005453,518.775,520.965,512.625,518.735,9157293,-0.000077,208.63,214.5701,207.03,214.11,63370531.000000,0.026267
2024/9/3,177.55,178.26,175.26,176.25,37817285.000000,-0.007322,162.295,162.36,156.835,157.59,26533064.000000,-0.02899,517.065,522.915,506.0426,509.185,12459086.000000,-0.01524,215.26,219.9043,209.64,210.6,76714062.000000,-0.021648
2024/9/4,174.48,175.98,172.54,173.33,30309074.000000,-0.006591,157.055,159.38,156.42,156.79,17410403.000000,-0.001687,503.495,514.015,501.495,510.165,8334910,0.013247,210.59,222.22,210.57,219.41,80651664.000000,0.041882
2024/9/5,175,179.875,174.995,177.89,40170526.000000,0.016514,156.76,159.995,156.5,157.58,14139498.000000,0.005231,509.145,519.0545,508.575,514.285,8639359,0.010095,223.49,235,222.25,230.17,119354929.000000,0.029889
2024/9/6,177.24,178.38,171.16,171.39,41466522.000000,-0.033006,157.67,158.2,150.915,151.11,24998758.000000,-0.041606,519.305,522.0099,495.675,497.695,14744423.000000,-0.041613,232.6,233.6,210.51,210.73,112176933.000000,-0.094024
2024/9/9,174.53,175.85,173.51,175.4,29037362.000000,0.004985,152.81,153.82,147.38,148.72,28057420.000000,-0.026765,503.585,508.755,499.505,502.215,11047798.000000,-0.00272,216.2,219.87,213.67,216.27,67443458.000000,0.000324
2024/9/10,177.49,180.5,176.79,179.55,36233795.000000,0.011606,150.63,151.48,148.7227,149.19,20401710.000000,-0.00956,505.585,511.605,497.4528,502.215,9898820,-0.006666,220.07,226.4,218.6377,226.17,78891120.000000,0.027718
2024/9/11,180.095,184.99,175.73,184.52,42564694.000000,0.02457,150.27,151.66,147.88,151.33,18991483.000000,0.007054,504.435,510.545,493.025,509.255,10782476.000000,0.009555,224.55,228.47,216.8003,228.13,83548630.000000,0.015943
2024/9/12,184.8,187.41,183.54,187,33622463.000000,0.011905,153.99,154.79,152.68,154.72,21023962.000000,0.004741,514.475,524.135,512.645,523.025,11992346.000000,0.016619,224.66,231.45,223.83,229.81,72020038.000000,0.022924
2024/9/13,187,188.5,185.91,186.49,26495351.000000,-0.002727,155.542,158.455,155.29,157.55,16733316.000000,0.01291,517.765,525.006,514.535,522.045,10321169.000000,0.008266,228,232.67,226.32,230.29,59515035.000000,0.010044
2024/9/16,185.29,185.81,183.36,184.89,26065470.000000,-0.002159,157.51,158.42,156.79,158.17,14157604.000000,0.00419,522.465,532.025,515.325,531.205,9527638,0.016728,229.3,229.96,223.53,226.78,54322859.000000,-0.01099
2024/9/17,186.85,189.45,186.14,186.88,26091682.000000,0.000161,159.27,160.77,158.59,159.46,12064350.000000,0.001193,535.525,540.025,528.495,534.24,11690732.000000,-0.0024,229.45,234.57,226.5533,227.87,66761477.000000,-0.006886
2024/9/18,186.45,188.8,185.06,186.43,34447944.000000,-0.000107,160.03,160.81,158.84,159.99,16756449.000000,-0.00025,534.99,542.125,531.8276,535.875,10323435.000000,0.001654,230.09,235.68,226.88,227.2,78010200.000000,-0.01256
2024/9/19,190.04,190.99,188.47,189.87,39543167.000000,-0.000895,164,164.17,161.7016,162.42,17548180.000000,-0.009634,547.925,559.995,544.445,557.025,15646456.000000,0.016608,234,244.24,232.13,243.92,102694576.000000,0.042393
2024/9/20,190.23,191.84,187.41,191.6,100378148.000000,0.007202,163.7,163.93,162.36,163.82,46361962.000000,0.000733,557.925,562.425,554.2251,559.275,22066710.000000,0.00242,241.52,243.99,235.92,238.25,99878659.000000,-0.013539
2024/9/23,191.64,194.45,190.57,193.88,36993110.000000,0.011689,164.52,165.79,162.13,162.25,15648172.000000,-0.013798,567.425,571.9049,560.335,562.335,12830632.000000,-0.00897,242.61,250,241.92,250,86927193.000000,0.03046
2024/9/24,194.27,195.37,190.13,193.96,43478837.000000,-0.001596,163.43,163.73,161.21,162.82,18773530.000000,-0.003732,564.605,565.67,552.115,561.255,12992757.000000,-0.005933,254.08,257.19,249.0501,254.27,88490998.000000,0.000748
2024/9/25,193.75,193.9498,192.16,192.53,26391043.000000,-0.006297,162.15,163.397,161.955,162.17,13607892.000000,0.000123,561.975,574.805,561.645,566.235,16543190.000000,0.00758,252.54,257.05,252.28,257.02,65034318.000000,0.01774
2024/9/26,194.31,194.53,189.54,191.16,36334854.000000,-0.016211,164.21,164.68,162.68,163.01,18234447.000000,-0.007308,573.655,575.325,560.2751,565.765,14400694.000000,-0.013754,260.6,261.75,251.53,254.22,67142154.000000,-0.024482
2024/9/27,190.68,190.9,187.34,187.97,36002194.000000,-0.014212,163.09,166.15,163.01,164.47,13604165.000000,0.008462,568.025,568.7649,562.435,565.285,9397525,-0.004824,257.375,260.6999,254.12,260.46,70988041.000000,0.011986
2024/9/30,187.14,188.49,184.65,186.33,41680081.000000,-0.004328,163.96,166.54,163.82,166.37,14083451.000000,0.014699,565.625,572.605,562.725,570.365,12806899.000000,0.00838,259.04,264.86,255.77,261.63,80873335.000000,0.009998
2024/10/1,184.9,186.19,183.4519,185.13,36044809.000000,0.001244,168.04,169.62,165.08,167.6,18629506.000000,-0.002618,575.905,580.965,568.025,574.395,15259074.000000,-0.002622,262.67,263.98,248.53,258.02,87397370.000000,-0.017703
2024/10/2,184.44,186.6,184.04,184.76,23703997.000000,0.001735,166.94,168.06,165.43,166.49,12744845.000000,-0.002696,572.785,573.925,567.265,570.735,6524579,-0.003579,247.55,251.1585,241.5,249.02,93983930.000000,0.005938
2024/10/3,183.045,183.44,180.875,181.96,30204290.000000,-0.005928,165,167.09,164.55,166.39,11004333.000000,0.008424,568.075,581.285,566.655,580.695,11580926.000000,0.022215,244.48,249.79,237.81,240.66,80729083.000000,-0.015625
2024/10/4,185.75,187.6,183.6,186.51,41078722.000000,0.004092,168.52,168.73,166.14,167.74,11435318.000000,-0.004629,581.655,594.775,579.355,593.865,14199662.000000,0.020992,246.69,250.96,244.58,250.08,86726110.000000,0.013742
2024/10/7,182.95,183.6,180.25,180.8,42364139.000000,-0.011752,168.32,169.08,163.31,163.57,14034659.000000,-0.02822,596.145,600.875,581.965,582.705,12014175.000000,-0.022545,249,249.83,240.7,240.83,68113083.000000,-0.032811
2024/10/8,181.915,183.09,180.92,182.72,26372047.000000,0.004425,164.61,165.28,163.49,164.88,11723296.000000,0.00164,587.615,591.485,583.895,590.815,7856462,0.005446,243.56,246.21,240.56,244.5,56303160.000000,0.003859
2024/10/9,182.82,185.845,182.05,185.17,26343113.000000,0.012854,164.035,165.44,160.3,162.24,19666372.000000,-0.010943,591.915,592.315,579.535,588.435,9529629,-0.005879,243.82,247.43,239.51,241.05,66289521.000000,-0.011361
2024/10/10,187.13,188.134,185.83,186.65,27784737.000000,-0.002565,161.29,163.4907,160.82,162.36,12900492.000000,0.006634,585.495,588.155,580.445,581.755,7740418,-0.006388,241.81,242.7899,232.34,238.77,83087051.000000,-0.012572
2024/10/11,186.63,189.9284,186.3,188.82,25751454.000000,0.011734,162.51,164.45,161.68,163.7,10945538.000000,0.007323,582.755,589.135,580.635,587.875,8586987,0.008786,220.13,223.34,214.38,217.8,142628763.000000,-0.010585
2024/10/14,189.78,189.83,187.36,187.54,22614224.000000,-0.011803,164.09,166.8,163.96,165.53,9981743,0.008776,592.145,598.025,587.885,588.345,8251970,-0.006417,220.13,221.91,213.74,219.16,86291922.000000,-0.004406
2024/10/15,187.63,188.41,184.58,187.69,32178919.000000,0.00032,166.32,168.27,165.23,166.08,14829290.000000,-0.001443,588.085,588.535,578.068,584.195,9563940,-0.006615,220.01,224.26,217.12,219.57,62988762.000000,-0.002
2024/10/16,187.05,187.78,185.61,186.89,23456797.000000,-0.000855,165.21,166.46,164.396,165.92,9965898,0.004298,579.32,580.005,571.955,574.715,11268331.000000,-0.007949,221.4,222.8199,218.93,221.33,49632670.000000,-0.000316
2024/10/17,188.22,188.94,186,187.53,25039315.000000,-0.003666,166.56,167.11,163.55,163.69,15113356.000000,-0.017231,581.255,582.895,573.125,574.855,8700970,-0.011011,221.59,222.08,217.9,220.89,50791565.000000,-0.003159
2024/10/18,187.15,190.74,186.28,188.99,37417669.000000,0.009832,164.05,165.5499,163.93,164.23,13090983.000000,0.001097,579.025,581.8925,573.175,574.395,7694269,-0.007996,220.71,222.28,219.23,220.7,49611866.000000,-0.000045
2024/10/21,188.05,189.46,186.4,189.07,24639353.000000,0.005424,163.76,165.4,163.485,164.98,11383929.000000,0.00745,573.955,575.1649,567.035,573.085,8171636,-0.001516,218.9,220.48,215.726,218.85,47328988.000000,-0.000228
2024/10/22,188.35,191.5201,186.975,189.7,29650593.000000,0.007168,163.88,166.65,163.85,166,11958437.000000,0.012936,572.215,581.455,570.045,579.935,8543980,0.013491,217.31,218.22,215.26,217.97,43268704.000000,0.003037
2024/10/23,188.85,189.16,183.69,184.71,31937014.000000,-0.021922,165.61,166.78,162.8125,163.66,12753845.000000,-0.011775,577.895,582.925,560.425,561.615,14248050.000000,-0.028171,217.125,218.72,212.11,213.65,80938841.000000,-0.016005
2024/10/24,185.25,187.11,183.86,186.38,21647205.000000,0.0061,163.77,164.23,161.95,163.71,12764372.000000,-0.000366,565.05,566.8049,559.445,565.705,7183978,0.001159,244.68,262.1199,242.65,260.48,204491766.000000,0.064574
2024/10/25,187.85,190.45,187.53,187.83,29361804.000000,-0.000106,164.545,166.58,164.41,166.17,14566281.000000,0.009876,571.86,579.215,569.645,571.175,11337666.000000,-0.001198,256.01,269.49,255.32,269.19,161611915.000000,0.051482
2024/10/28,189.565,190.21,188.21,188.39,27930816.000000,-0.006198,169.77,169.786,164.97,167.52,20858200.000000,-0.013253,579.925,581.6749,572.045,576.085,10925130.000000,-0.006622,270,273.536,262.24,262.51,107653594.000000,-0.027741
2024/10/29,188.58,191.4599,187.815,190.83,35690106.000000,0.011931,168.565,171.04,167.84,170.32,28916106.000000,0.010411,578.07,591.595,573.323,591.205,13019092.000000,0.022722,264.51,264.98,255.51,259.52,80521424.000000,-0.018865
2024/10/30,194.695,195.61,192.42,192.73,37707550.000000,-0.010093,181.59,182.97,174.9251,175.32,49697553.000000,-0.034528,598.905,599.125,587.305,589.725,26864876.000000,-0.015328,258.035,263.35,255.8201,257.55,53993377.000000,-0.00188
2024/10/31,190.51,190.6,185.23,186.4,75146759.000000,-0.021574,173.9,177.6,171.74,171.87,32801898.000000,-0.011673,582.925,587.825,560.935,565.505,26838151.000000,-0.029884,257.99,259.75,249.25,249.85,66575250.000000,-0.031552
2024/11/1,199,200.5,197.02,197.93,99686910.000000,-0.005377,170.72,173,169.49,171.83,21752697.000000,0.006502,565.53,571.595,560.485,565.085,15302862.000000,-0.000787,252.043,254,246.63,248.98,57544562.000000,-0.012153
2024/11/4,196.45,197.33,194.3101,195.78,38491980.000000,-0.003411,170.42,171.1,168.665,169.86,16192923.000000,-0.003286,562.025,566.615,555.815,558.605,12064595.000000,-0.006085,244.56,248.9,238.88,242.84,68802226.000000,-0.007033
2024/11/5,196.04,199.82,195.99,199.5,30564657.000000,0.017649,170.01,171.2773,169.55,170.59,12518280.000000,0.003412,565.23,571.405,564.595,570.355,9775236,0.009067,247.34,255.2799,246.2101,251.44,69282078.000000,0.016576
2024/11/6,200.01,207.55,199.14,207.09,72292005.000000,0.035398,174.53,177.82,174.22,177.51,27061510.000000,0.017074,560.675,570.925,553.0929,569.975,18305420.000000,0.016587,284.67,289.59,275.62,288.53,165228557.000000,0.01356
2024/11/7,207.44,212.25,207.19,210.05,52878210.000000,0.012582,178.29,181.76,178.07,181.46,16730138.000000,0.01778,574.815,592.7249,573.135,589.625,14653627.000000,0.025765,288.89,299.75,285.52,296.91,117309178.000000,0.027761
2024/11/8,209.72,209.9633,207.44,208.18,36075839.000000,-0.007343,181.18,181.53,178.75,179.04,15021434.000000,-0.011811,589.465,591.025,582.445,587.265,9414926,-0.003732,299.14,328.71,297.66,321.22,204782722.000000,0.073812
2024/11/11,208.5,209.65,205.59,206.84,35455856.000000,-0.007962,179.25,181.265,179.17,181.15,12503318.000000,0.0106,584.285,584.925,574.435,581.095,10208975.000000,-0.00546,346.3,358.64,336,350,210521573.000000,0.010684
2024/11/12,208.37,209.54,206.01,208.91,38942882.000000,0.002592,180.56,183.205,180.17,182.5,14065653.000000,0.010744,586.47,597.585,578.305,582.745,16287720.000000,-0.006352,342.74,345.84,323.31,328.49,155725986.000000,-0.041577
2024/11/13,209.4,215.09,209.14,214.1,46212943.000000,0.022445,181.33,181.795,179.3,179.67,13969556.000000,-0.009155,580.53,583.565,573.095,577.925,10757582.000000,-0.004487,335.85,344.5999,322.5,330.24,125405410.000000,-0.016704
2024/11/14,214.16,215.9,210.88,211.48,42620267.000000,-0.012514,178.93,179.625,175.21,176.53,17925760.000000,-0.013413,574.925,578.685,570.935,575.085,11053742.000000,0.000278,327.69,329.98,310.37,311.18,120726049.000000,-0.050383
2024/11/15,206.76,207.34,199.61,202.61,86591094.000000,-0.020072,174.82,175.06,171.925,173.07,21708764.000000,-0.01001,569.145,570.495,549.425,552.005,17712694.000000,-0.030115,310.57,324.6799,309.22,320.72,114440286.000000,0.032682
2024/11/18,204.15,204.67,200.95,201.7,36512295.000000,-0.012001,174.135,176.09,173.6,175.98,18725411.000000,0.010595,554.965,557.825,548.015,552.325,14346404.000000,-0.004757,340.73,348.5499,330.01,338.74,126547428.000000,-0.00584
2024/11/19,199.33,205.3,198.78,204.61,31197867.000000,0.026489,174.415,179.35,174.296,178.76,15392864.000000,0.024912,549.785,559.355,548.525,559.015,9521421,0.016788,335.76,347.3799,332.75,346,88852309.000000,0.030498
2024/11/20,202.98,203.13,199.45,202.88,32768854.000000,-0.000493,178.01,178.29,174.51,176.51,15729304.000000,-0.008426,560.855,564.2749,552.1251,563.445,9797012,0.004618,345,346.5999,334.3,342.03,66340650.000000,-0.008609
2024/11/21,203.49,203.49,195.75,198.38,58800036.000000,-0.025112,174.635,174.76,164.49,168.42,38839358.000000,-0.035589,567.445,567.925,546.975,561.015,11154697.000000,-0.011331,343.81,347.9899,335.28,339.64,58011527.000000,-0.012129
2024/11/22,198.25,199.2599,196.75,197.12,31530730.000000,-0.0057,166.34,167.4445,164.89,165.75,24496752.000000,-0.003547,561.475,561.7523,552.515,557.065,9164001,-0.007854,341.085,361.53,337.7,352.56,89140666.000000,0.033643
2024/11/25,199.28,201.9499,199,201.45,40685129.000000,0.010889,167.17,169.64,166.58,168.61,21395652.000000,0.008614,560.025,570.5165,554.315,563.035,13599698.000000,0.005375,360.14,361.93,338.2,338.59,95890845.000000,-0.059838
2024/11/26,201.9,208,201.79,207.86,41673736.000000,0.02952,168.67,170.675,168.61,169.8,14937048.000000,0.006699,563.925,575.425,563.125,571.465,10356450.000000,0.013371,341,346.96,335.66,338.23,62295827.000000,-0.008123
2024/11/27,206.98,207.64,205.05,205.74,28061622.000000,-0.005991,169.86,170.32,168.85,170,12433365.000000,0.000824,572.815,572.905,562.0251,567.125,7199668,-0.009933,341.8,342.55,326.59,332.89,57896379.000000,-0.026068
2024/11/29,205.83,208.2,204.59,207.89,24773662.000000,0.010008,169.24,170.05,167.93,169.67,8965687,0.002541,566.925,576.385,564.825,572.245,6965080,0.009384,336.08,345.45,334.6501,345.16,34989087.000000,0.027017
2024/12/2,209.96,212.99,209.5101,210.71,39523179.000000,0.003572,169.5,172.78,169.45,172.16,16593422.000000,0.015693,575.425,592.425,573.495,590.755,12522242.000000,0.026641,352.38,360,351.1501,357.09,77986478.000000,0.013366
2024/12/3,210.31,214.02,209.65,213.44,32214618.000000,0.014883,172.3,173.5,171.69,172.2,15721483.000000,-0.00058,592.925,612.125,589.1751,611.575,14907061.000000,0.031454,351.8,355.69,348.2,351.42,58266997.000000,-0.00108
2024/12/4,215.96,220,215.75,218.16,48745714.000000,0.010187,171.96,175.61,171.93,175.27,18239744.000000,0.019249,610.885,615.705,603.025,611.705,14696839.000000,0.001342,353,358.1,348.6,357.93,50810770.000000,0.013966
2024/12/5,218.03,222.15,217.3,220.55,41140220.000000,0.011558,176.5,176.89,173.19,173.49,16145283.000000,-0.017054,615,617.825,604.975,606.855,8079514,-0.013244,359.87,375.43,359.5,369.49,81403568.000000,0.026732
2024/12/6,220.75,227.15,220.6,227.03,44178060.000000,0.028448,173.06,176.0189,172.73,175.67,13319358.000000,0.015081,608.025,627.7149,606.455,621.695,16935306.000000,0.022483,377.42,389.49,370.8,389.22,81455698.000000,0.031265
2024/12/9,227.21,230.08,225.67,226.09,46819332.000000,-0.004929,175.095,177.42,174.78,176.48,19887083.000000,0.00791,621.85,624.325,604.0951,611.495,11425596.000000,-0.016652,397.61,404.8,378.01,389.79,96358918.000000,-0.019668
2024/12/10,226.09,229.06,224.2002,225.04,31199771.000000,-0.004644,183.915,187.41,182.05,185.91,34317308.000000,0.010847,615.485,623.515,610.665,617.245,10938492.000000,0.00286,392.68,409.73,390.85,400.99,97563577.000000,0.021162
2024/12/11,226.41,231.2,226.26,230.26,35385619.000000,0.017005,186.08,196.27,185.64,196.09,41664348.000000,0.053794,621.295,636.325,619.4599,630.605,10837051.000000,0.014985,409.7,424.88,402.38,424.77,104287099.000000,0.036783
2024/12/12,229.83,231.09,227.63,228.97,28203984.000000,-0.003742,195.68,196.0853,192.66,193.01,25197668.000000,-0.013645,629.425,634.5849,625.1344,628.715,7474629,-0.001128,424.84,429.3,415,418.1,87752066.000000,-0.015865
2024/12/13,228.4,230.2,225.8608,227.46,28768045.000000,-0.004116,192.09,193.72,190.64,190.76,18883013.000000,-0.006924,625.145,629.005,614.811,618.275,8453185,-0.010989,420,436.3,415.71,436.23,88999998.000000,0.038643
2024/12/16,230.23,233,228.01,232.93,37552084.000000,0.011727,193.745,200.02,193.49,197.54,32248209.000000,0.019588,628.4,629.575,617.005,622.665,10885625.000000,-0.009126,441.09,463.19,436.15,463.02,114083805.000000,0.049718
2024/12/17,232.39,232.73,227.85,231.15,35948019.000000,-0.005336,197.91,202.26,196.07,196.5,24129470.000000,-0.007124,624.595,630.795,614.965,617.865,12897829.000000,-0.010775,475.9,483.99,457.5101,479.86,131222579.000000,0.008321
2024/12/18,230.77,231.3999,220.11,220.52,43281329.000000,-0.044417,196.21,198.0699,188.66,189.53,27638276.000000,-0.034045,619.425,625.785,594.745,595.615,17075288.000000,-0.038439,466.495,488.5399,427.01,440.13,149340587.000000,-0.056517
2024/12/19,224.91,226.09,222.92,223.29,39918739.000000,-0.007203,192.66,193.98,188.9,189.08,26980953.000000,-0.018582,608.815,609.945,593.425,593.995,14958078.000000,-0.024342,451.88,456.36,420.02,436.17,118566095.000000,-0.034766
2024/12/20,219.84,226.21,218.73,224.92,88279184.000000,0.023108,186.39,193.5154,185.75,192.34,45319326.000000,0.031922,589.005,601.535,578.425,583.675,48989280.000000,-0.009049,425.505,447.08,417.64,421.06,132215940.000000,-0.010446
2024/12/23,225.01,226.88,223.9,225.06,28069911.000000,0.000222,193.41,195.87,191.01,195.37,15235918.000000,0.010134,588.025,599.515,584.675,598.275,10205579.000000,0.017431,431,434.51,415.4112,430.6,72697791.000000,-0.000928
2024/12/24,226.94,229.14,226.13,229.05,14355716.000000,0.009298,195.55,197.05,194.5779,196.95,6403241,0.007159,601.14,606.415,597.7099,606.175,4687874,0.008376,435.9,462.78,435.14,462.25,57101178.000000,0.06045
2024/12/26,228.5,228.5,226.6706,227.05,16174373.000000,-0.006346,196.12,197.54,195.25,196.48,7918190,0.001836,603.905,604.725,597.365,601.775,6090830,-0.003527,465.16,465.3299,451.02,454.13,76651210.000000,-0.023712
2024/12/27,225.6,226.03,220.9,223.75,27367117.000000,-0.0082,195.85,196.18,191.352,193.42,14692994.000000,-0.012407,597.835,600.275,588.225,598.235,8083749,0.000669,449.52,450,426.5,431.66,82666775.000000,-0.039731
2024/12/30,220.06,222.9972,218.43,221.3,28321233.000000,0.005635,190.245,193.16,189.74,192.07,12209156.000000,0.009593,587.175,595.3649,584.005,589.665,7025784,0.004241,419.4,427,415.75,417.41,64940773.000000,-0.004745
2024/12/31,222.965,223.2299,218.94,219.39,24819473.000000,-0.016034,191.825,192.63,188.96,189.82,14355157.000000,-0.010452,590.69,592.395,582.275,583.935,6018818,-0.011436,423.79,427.93,402.54,403.84,76824968.000000,-0.047075
2025/1/2,222.03,225.15,218.19,220.22,33956578.000000,-0.008152,190.865,192.58,188.09,190.01,17545120.000000,-0.00448,588.145,603.335,586.245,597.665,12682122.000000,0.016186,390.1,392.7299,373.04,379.28,109710672.000000,-0.027736
2025/1/3,222.505,225.36,221.62,224.19,27515558.000000,0.007573,192.105,193.88,190.73,192.51,12874937.000000,0.002108,603.185,607.925,594.8386,603.055,11436621.000000,-0.000216,381.48,411.8799,379.45,410.44,95423204.000000,0.075915
2025/1/6,226.78,228.835,224.84,227.61,31848057.000000,0.00366,194.53,198.94,194.44,197.34,19483313.000000,0.014445,610.25,629.415,604.045,628.625,14560649.000000,0.030111,423.2,426.43,401.7,411.05,85516304.000000,-0.02871
2025/1/7,227.9,228.381,221.46,222.11,28083701.000000,-0.025406,197.65,201.52,195.32,196.09,16966736.000000,-0.007893,630.125,630.5261,606.655,616.315,12071143.000000,-0.021916,405.83,414.33,390,394.36,75699474.000000,-0.028263
2025/1/8,223.185,223.52,220.2,222.13,25033154.000000,-0.004727,193.33,197.02,193.13,194.77,14334778.000000,0.007448,611.82,614.8647,601.215,609.145,10085442.000000,-0.004372,392.95,402.4999,387.4,394.94,73038805.000000,0.005064
2025/1/10,221.46,221.71,216.5,218.94,36811470.000000,-0.011379,194.8,197,190.98,192.55,20753736.000000,-0.01155,608.455,628.335,595.765,614.285,19256499.000000,0.009582,391.4,399.28,377.29,394.74,62287328.000000,0.008533
2025/1/13,218.06,219.4,216.47,218.46,27262596.000000,0.001834,190.73,191.87,188.04,191.67,13169036.000000,0.004928,605.525,607.395,596.87,606.755,10784997.000000,0.002031,383.21,403.79,380.07,403.31,67580272.000000,0.052452
2025/1/14,220.44,221.82,216.2,217.76,24711640.000000,-0.012158,191.88,192.65,189.02,190.43,13651183.000000,-0.007557,603.49,603.915,586.975,592.675,13597678.000000,-0.017921,414.34,422.64,394.54,396.36,84565010.000000,-0.043394
2025/1/15,222.83,223.57,220.75,223.35,31290879.000000,0.002334,193.73,197.18,192.71,196.36,12894819.000000,0.013576,608.635,620.885,604.925,615.545,15524292.000000,0.011353,409.9,429.8,405.661,428.22,81375313.000000,0.044694
2025/1/16,224.42,224.65,220.31,220.66,24756216.000000,-0.016754,195.205,196.3599,193.68,193.79,13449461.000000,-0.007249,609.925,614.675,608.135,609.725,8355245,-0.000328,423.49,424,409.13,413.82,68335143.000000,-0.022834
2025/1/17,225.84,226.51,223.08,225.94,42370114.000000,0.000443,197.43,198.19,194.69,196.93,22109129.000000,-0.002533,622.475,623.395,602.095,611.195,17280597.000000,-0.018121,421.5,439.74,419.75,426.5,94991429.000000,0.011862
2025/1/21,228.9,231.78,226.94,230.71,39951326.000000,0.007907,199.89,203.22,198.82,199.01,19005197.000000,-0.004402,616.25,619.925,607.4332,614.885,11673425.000000,-0.002215,432.64,433.2,406.31,424.07,87320794.000000,-0.019809
2025/1/22,232.02,235.44,231.19,235.01,41448207.000000,0.012887,199.93,201.5,198.58,199.41,15477357.000000,-0.002601,621.725,632.125,617.86,621.925,12273214.000000,0.000322,416.81,428,414.59,415.11,60963342.000000,-0.004079
2025/1/23,234.1,235.52,231.51,235.42,26404356.000000,0.005639,199.36,201.32,196.2,198.96,15170725.000000,-0.002006,625.785,635.025,619.575,634.875,9910006,0.014526,416.06,420.73,408.95,412.38,50690475.000000,-0.008845
2025/1/24,234.5,236.4,232.93,234.85,25890389.000000,0.001493,199.23,201.95,199.1642,201.28,12732376.000000,0.01029,634.825,650.425,632.625,645.915,19065328.000000,0.017469,414.45,418.88,405.78,406.58,56426990.000000,-0.018989
2025/1/27,226.21,235.61,225.86,235.42,49428331.000000,0.040714,193.57,198.05,192.08,193.15,24969932.000000,-0.00217,625.035,662.295,623.525,658.305,28398890.000000,0.053229,394.8,406.69,389,397.15,58125507.000000,0.005952
2025/1/28,234.29,241.77,233.98,238.15,41587095.000000,0.016475,194.03,196.61,191.99,196.45,15939134.000000,0.012472,664.425,681.005,657.89,672.755,20949979.000000,0.012537,396.91,400.59,386.5,398.09,48910676.000000,0.002973
2025/1/29,239.015,240.39,236.15,237.07,26091703.000000,-0.008138,196.75,197.8395,194.57,196.56,12286567.000000,-0.000966,673.425,679.4709,664.095,674.915,21377623.000000,0.002213,395.21,398.5899,384.48,389.1,68033613.000000,-0.01546
2025/1/30,237.14,237.95,232.22,234.64,32020708.000000,-0.010542,199.14,202.6184,198.8517,202.01,14571454.000000,0.014412,695.245,709.215,674.525,685.425,29322783.000000,-0.014125,410.78,412.5,384.41,400.28,98092667.000000,-0.025561
2025/1/31,236.5,240.29,236.41,237.68,36161966.000000,0.004989,203.095,206.46,202.96,204.98,17087330.000000,0.009281,689.425,703.7249,684.005,687.605,19331557.000000,-0.00264,401.53,419.99,401.34,404.6,83568044.000000,0.007646
2025/2/3,234.06,239.25,232.9,237.42,37285777.000000,0.014355,201.595,204.6,201.04,202.02,16719145.000000,0.002108,674.335,702.425,673.675,695.885,21415372.000000,0.031957,386.68,389.17,374.36,383.68,93732110.000000,-0.007758
2025/2/4,239.01,242.52,238.03,242.06,29713745.000000,0.012761,203.88,208.08,203.64,207.09,28285313.000000,0.015745,700.925,706.135,690.035,702.615,13826107.000000,0.002411,382.63,394,381.4,392.21,57072235.000000,0.025037
2025/2/5,237.02,238.32,235.2,236.17,38831896.000000,-0.003586,192.48,193.9299,189.29,192.68,43719589.000000,0.001039,701.975,716.565,697.435,703.295,17793766.000000,0.00188,387.51,388.39,375.53,378.17,57614719.000000,-0.024103
2025/2/6,238.01,239.6599,236.01,238.83,60897094.000000,0.003445,190.37,193.21,189.87,192.69,20816582.000000,0.012187,704.305,717.325,701.925,710.415,13080690.000000,0.008675,373.03,375.4,363.18,374.32,77918214.000000,0.003458
2025/2/7,232.5,234.81,228.06,229.15,77538874.000000,-0.014409,192.12,192.395,184.48,186.52,29565500.000000,-0.029148,715.22,723.435,710.175,712.945,16427067.000000,-0.003181,370.19,380.5459,360.34,361.62,70297478.000000,-0.02315
2025/2/10,230.545,233.92,229.2,233.14,35419701.000000,0.011256,188.44,189.37,186.99,187.58,16606020.000000,-0.004564,716.985,719.625,709.755,715.825,12904243.000000,-0.001618,356.21,362.7,350.51,350.73,77514806.000000,-0.015384
2025/2/11,231.92,233.44,230.13,232.76,23713645.000000,0.003622,186.215,188.18,185.46,186.45,13028022.000000,0.001262,711.745,722.085,708.465,718.225,12997829.000000,0.009104,345.8,349.37,325.1,328.5,118543350.000000,-0.050029
2025/2/12,230.46,231.18,228.16,228.93,32285153.000000,-0.006639,184.61,186.21,183.01,184.81,17632314.000000,0.001083,713.725,725.525,711.025,723.805,12016504.000000,0.014123,329.94,346.4,329.12,336.51,105382679.000000,0.019913
2025/2/13,228.85,230.42,227.52,230.37,31346512.000000,0.006642,185.31,187.37,184.26,187.26,12729328.000000,0.010523,719.9447,727.425,716.465,726.985,12568589.000000,0.009779,345,358.69,342.85,355.94,89441364.000000,0.03171
2025/2/14,229.2,229.89,227.23,228.68,27030995.000000,-0.002269,186.21,187.53,185.49,186.25,12714138.000000,0.000215,724.565,739.335,724.045,735.095,16901248.000000,0.014533,360.62,362,347.5,355.84,68277213.000000,-0.013255
2025/2/18,228.82,229.3,223.72,226.65,42975117.000000,-0.009483,186.82,187.16,182.96,185.18,19795426.000000,-0.008779,734.425,735.425,704.865,714.795,21938681.000000,-0.026728,355.01,359.1,350.02,354.11,51631642.000000,-0.002535
2025/2/19,225.52,226.83,223.71,226.63,28566473.000000,0.004922,185.565,186.74,184.88,186.51,13120458.000000,0.005093,702.52,705.425,693.815,702.195,17535027.000000,-0.000463,354,367.34,353.67,360.56,67093820.000000,0.018531
2025/2/20,224.775,225.13,221.81,222.88,30001625.000000,-0.008431,185.88,186.5,183.98,186.02,12063454.000000,0.000753,695.7,704.055,692.065,693.265,12587298.000000,-0.0035,361.51,362.3,348,354.4,45965354.000000,-0.019668
2025/2/21,223.28,223.31,214.74,216.58,55323766.000000,-0.030007,186.67,186.85,180.51,180.96,19520761.000000,-0.030589,695.005,702.295,680.785,681.975,15660349.000000,-0.018748,353.44,354.98,334.42,337.8,74058648.000000,-0.044251
2025/2/24,217.45,217.715,212.42,212.71,42387584.000000,-0.021798,183.18,184.47,180.26,180.57,18733628.000000,-0.014248,684.705,685.695,660.875,666.555,15676410.000000,-0.026508,338.14,342.3973,324.7,330.53,76052317.000000,-0.022505
2025/2/25,211.63,213.34,204.16,212.8,58957976.000000,0.005529,179.535,180.14,176.15,176.75,20832353.000000,-0.015512,664.397,666.425,640.285,655.925,20579650.000000,-0.012751,327.025,328.89,297.2512,302.8,134228524.000000,-0.074077
2025/2/26,214.94,218.16,213.09,214.35,39120602.000000,-0.002745,176.325,177.46,172.97,174.08,23693102.000000,-0.012732,658.075,681.4328,656.425,672.125,14488619.000000,0.02135,303.715,309,288.04,290.8,100118206.000000,-0.042523
2025/2/27,218.35,219.97,208.37,208.74,40548565.000000,-0.044012,175.32,175.97,169.132,169.59,25930485.000000,-0.032683,680.875,687.0719,655.995,656.665,12499755.000000,-0.035557,291.16,297.23,280.88,281.95,101748146.000000,-0.031632
2025/2/28,208.65,212.62,206.99,212.28,51771526.000000,0.017398,169.68,171.88,167.77,171.6,30049764.000000,0.011315,656.465,668.055,641.0267,666.625,17534038.000000,0.015477,279.5,293.88,273.6,292.98,115696749.000000,0.048229
2025/3/3,213.352,214.01,202.55,205.02,42948425.000000,-0.039053,173.11,174.38,167.02,168.04,24121927.000000,-0.029288,672.1,679.675,649.2689,653.475,10843758.000000,-0.027712,300.34,303.94,277.3,284.65,115550486.000000,-0.052241
2025/3/4,200.11,206.8,197.432,203.8,60853072.000000,0.01844,167.32,174.545,166.92,171.99,30710815.000000,0.027911,643.935,648.175,622.075,638.425,21495178.000000,-0.008557,270.93,284.35,261.8401,272.04,126706521.000000,0.004097
2025/3/5,204.8,209.98,203.26,208.36,38609861.000000,0.017383,171.7,175.13,170.31,174.37,18848016.000000,0.01555,639.425,657.925,636.085,654.895,13769761.000000,0.024194,272.92,279.55,267.71,279.1,94042817.000000,0.022644
2025/3/6,204.4,205.77,198.3015,200.7,49863754.000000,-0.018102,171.93,176.11,171.888,173.59,19082048.000000,0.009655,646.425,648.9875,622.535,626.355,13446454.000000,-0.031048,272.06,272.65,260.02,263.45,98451421.000000,-0.031647
2025/3/7,199.49,202.2653,192.53,199.25,59802153.000000,-0.001203,172.622,176.28,171.63,175.13,16395235.000000,0.014529,623.795,633.215,599.035,624.085,21375662.000000,0.000465,259.32,266.2499,250.73,262.67,102369640.000000,0.012918
2025/3/10,195.6,196.73,190.85,194.54,62350826.000000,-0.005419,169.74,170.03,165.145,167.39,28989848.000000,-0.013845,606.495,608.5309,585.2951,596.415,21999897.000000,-0.01662,252.535,253.37,220,222.15,189076932.000000,-0.12032
2025/3/11,193.9,200.18,193.4,196.59,54002852.000000,0.013873,166.26,168.235,162.82,165.56,23704945.000000,-0.00421,593.48,613.359,591.755,604.135,17401103.000000,0.017953,225.305,237.0649,217.02,230.58,174896286.000000,0.023413
2025/3/12,200.72,201.52,195.29,198.89,43679203.000000,-0.009117,168.05,169.11,165.06,168.58,19879852.000000,0.003154,628.325,631.755,607.775,617.985,15746773.000000,-0.016456,247.22,251.84,241.1,248.09,142215670.000000,0.003519
2025/3/13,198.165,198.8799,191.82,193.89,41270761.000000,-0.021573,167.56,167.7,163.65,164.31,15206009.000000,-0.019396,618.67,618.925,584.935,589.065,16480128.000000,-0.047853,248.125,248.29,232.6,240.68,114813525.000000,-0.030005
2025/3/14,197.41,198.65,195.32,197.95,38096524.000000,0.002735,164.895,167.83,164.09,167.2,18611094.000000,0.013979,601.755,607.81,593.73,606.55,12364330.000000,0.007968,247.31,251.58,240.73,249.98,100242143.000000,0.010796
2025/3/17,198.77,199,194.3247,195.74,47341642.000000,-0.015244,166.905,168.04,165.39,166.15,17839139.000000,-0.004524,606.41,612.05,596.95,603.85,15473890.000000,-0.004222,245.055,245.4,232.8,238.01,111900533.000000,-0.028749
2025/3/18,192.52,194,189.38,192.82,40414829.000000,0.001558,165.54,166.02,158.38,162.25,24616242.000000,-0.019874,599,599.2,573.61,581.31,20297707.000000,-0.029533,228.155,230.1,222.28,225.31,111477631.000000,-0.01247
2025/3/19,193.38,195.965,191.96,195.54,39442535.000000,0.01117,163.495,167.7134,162.63,165.86,24955717.000000,0.014465,583.23,591.2723,573.72,583.01,20537355.000000,-0.000377,231.61,241.41,229.201,235.86,111993753.000000,0.01835
2025/3/20,193.07,199.32,192.3,194.95,38920895.000000,0.009737,163.405,166.61,162.72,164.63,19981192.000000,0.007497,581.705,609.15,578.46,584.95,24336429.000000,0.005578,233.345,238,230.0501,236.26,99028242.000000,0.012492
2025/3/21,192.9,196.99,192.52,196.21,60056916.000000,0.017159,162.96,166.05,162.61,165.83,29881343.000000,0.017612,582.375,596.495,579.9,595.2,25015860.000000,0.022022,234.985,249.52,234.55,248.71,132728684.000000,0.058408
2025/3/24,200,203.64,199.95,203.26,41625355.000000,0.0163,168.845,170.08,167.02,169.51,18742838.000000,0.003939,613.92,621.49,611.1501,617.8,15741091.000000,0.00632,258.075,278.64,256.33,278.39,169079752.000000,0.078717
2025/3/25,203.595,206.21,203.22,205.71,31170968.000000,0.010388,170.76,172.49,170.13,172.37,13841221.000000,0.009428,625.71,632.83,620.13,625.26,15312540.000000,-0.000719,283.6,288.2,271.28,288.14,150361535.000000,0.016008
2025/3/26,205.835,206.01,199.925,201.13,32990794.000000,-0.022858,170.88,171.5196,166.4406,166.72,22553897.000000,-0.024345,623.84,625.6999,605.56,609.93,12661852.000000,-0.022297,282.66,284.9,266.51,272.06,156254386.000000,-0.037501
2025/3/27,200.89,203.79,199.2821,201.36,27317495.000000,0.00234,166.29,167.02,163.43,163.66,21571122.000000,-0.015816,600.95,613.2,599.05,601.53,10436213.000000,0.000965,272.48,291.85,271.8216,273.13,162572097.000000,0.002385
2025/3/28,198.42,199.26,191.881,192.72,52548145.000000,-0.028727,161.94,163.39,154.9194,155.64,34866284.000000,-0.038903,599.26,600.7,572.87,575.69,17602420.000000,-0.039332,275.575,276.1,260.57,263.55,123809340.000000,-0.043636
2025/3/31,188.19,191.33,184.4,190.26,63547471.000000,0.011,154.39,156.71,151.79,155.81,33591355.000000,0.009197,562.45,577.65,552.25,575.31,21124667.000000,0.022864,249.31,260.56,243.3601,259.16,134008847.000000,0.039509
2025/4/1,187.86,193.93,187.2,192.17,41267120.000000,0.022943,154.88,159.66,154.835,158.46,20111171.000000,0.023115,569.79,588.86,568.95,584.95,12836082.000000,0.026606,263.8,277.45,259.25,268.46,146486911.000000,0.017665
2025/4/2,187.66,198.34,187.66,196.01,53679087.000000,0.044495,156.54,159.855,156.11,158.44,17113220.000000,0.012137,573.86,591.61,572.31,582.88,13470237.000000,0.015718,254.6,284.99,251.27,282.76,212787806.000000,0.110605
2025/4/3,182.995,184.13,176.92,178.41,95553615.000000,-0.025055,152.415,154.2672,151.76,152.21,28415079.000000,-0.001345,545.17,551.5096,529.25,530.57,34777332.000000,-0.026781,265.29,276.3,261.51,267.28,136174241.000000,0.007501
2025/4/4,167.145,178.1436,166,171,123159359.000000,0.023064,149.48,152.67,147.12,147.32,39832118.000000,-0.01445,505.57,516.95,493.15,503.68,38589809.000000,-0.003738,255.38,261,236,239.43,181229205.000000,-0.062456
2025/4/7,162,183.4099,161.38,175.26,109327054.000000,0.081852,142.97,154.51,142.24,148.82,47822463.000000,0.040918,484.05,538.32,480.85,515.2,36606060.000000,0.064353,223.78,252,214.25,233.29,183453774.000000,0.042497
2025/4/8,185.23,185.9,168.57,170.66,87710151.000000,-0.078659,153.155,154.02,144.79,146.16,35304377.000000,-0.045673,542.2,546.38,501.81,509.4,28034211.000000,-0.060494,245,250.44,217.8,221.86,171603472.000000,-0.094449
2025/4/9,172.115,192.65,169.93,191.1,116804296.000000,0.110304,145.91,161.45,145.39,160.64,46479532.000000,0.100953,508.215,586.84,501.06,584.72,39216544.000000,0.150537,224.69,274.69,223.88,272.2,219433335.000000,0.211447
2025/4/10,185.44,186.8692,175.8518,181.22,68301885.000000,-0.022757,158.34,159.61,151.78,154.95,35270425.000000,-0.02141,574.44,580.25,534.25,545.24,28172967.000000,-0.050832,260,262.49,239.33,252.4,181722604.000000,-0.029231
2025/4/11,179.93,185.86,178,184.87,50594328.000000,0.027455,155.165,159.44,155.165,158.98,22581989.000000,0.024587,534.455,546.35,527.5401,542.52,17642307.000000,0.01509,251.84,257.74,241.3629,252.31,128948022.000000,0.001866
2025/4/14,186.84,187.44,179.23,182.12,48002491.000000,-0.025262,161.89,163.61,159.5,161.05,18255345.000000,-0.005189,555.125,556.72,527.23,530.43,14130546.000000,-0.044485,258.36,261.8,245.93,252.35,100135150.000000,-0.023262
2025/4/15,181.41,182.35,177.9331,179.59,43641546.000000,-0.010033,161.15,161.63,157.225,158.26,15690687.000000,-0.017934,531.055,536.89,516.45,520.47,15558433.000000,-0.019932,249.91,258.75,247.54,254.11,79594154.000000,0.016806
2025/4/16,176.29,179.1046,171.41,174.33,51875191.000000,-0.011118,155.05,157.76,153.49,155.08,16920705.000000,0.000193,507.46,512.32,494.58,501.26,18734861.000000,-0.012218,247.61,251.97,233.89,241.55,112378714.000000,-0.024474
2025/4/17,176,176.21,172,172.61,44726422.000000,-0.019261,156.19,156.65,150.48,152.94,19513408.000000,-0.020808,504.2,506.25,496.9633,500.43,14593474.000000,-0.007477,243.47,244.34,237.6833,241.37,83404775.000000,-0.008625
2025/4/21,169.6,169.6,165.285,167.32,48126110.000000,-0.013443,150.545,150.64,147.98,149.44,16145730.000000,-0.00734,490.275,492.45,478.75,483.61,16165940.000000,-0.013594,230.26,232.21,222.79,227.5,97767981.000000,-0.011986
2025/4/22,169.845,176.78,169.35,173.18,56607195.000000,0.019636,150.65,154.19,150.45,153.48,15910045.000000,0.018785,490.82,505.83,485.31,499.23,17399142.000000,0.017135,230.96,242.79,229.8501,237.97,120858452.000000,0.030352
2025/4/23,183.45,187.38,180.19,180.6,63470149.000000,-0.015536,157.49,159.6,155.93,157.3,18575729.000000,-0.001206,527.475,534.2876,515.47,519.22,18173834.000000,-0.01565,254.86,259.4499,244.43,250.74,150381872.000000,-0.016166
2025/4/24,180.915,186.74,180.18,186.54,43763132.000000,0.031092,158.105,161.29,157.67,161.05,30787101.000000,0.018627,517.68,532.85,516.45,532.1,13910011.000000,0.027855,250.5,259.54,249.2,259.51,94464022.000000,0.035968
2025/4/25,187.62,189.94,185.49,188.99,36414001.000000,0.007302,166.68,167.82,162.58,163.43,35148053.000000,-0.019498,545.75,548.81,535.2,546.22,17098895.000000,0.000861,261.69,286.85,259.63,284.95,167560459.000000,0.088884
2025/4/28,190.105,190.22,184.885,187.7,33224731.000000,-0.012651,163.84,164.53,159.9601,162,20871122.000000,-0.01123,554.59,557.4399,539.54,548.69,15178894.000000,-0.010638,288.98,294.86,272.42,285.88,151731771.000000,-0.010727
2025/4/29,183.99,188.0158,183.68,187.39,41667243.000000,0.018479,161.625,162.26,158.97,161.64,15955215.000000,0.000093,544.95,555.5199,543.07,553.39,11835026.000000,0.015488,285.5,293.32,279.4695,292.03,108906412.000000,0.022872
2025/4/30,182.17,185.05,178.85,184.42,55176421.000000,0.012351,159.44,160.954,156.735,160.47,20639520.000000,0.00646,537.35,548.05,528.45,547.95,29243781.000000,0.019726,279.9,284.45,270.78,282.16,128961045.000000,0.008074
2025/5/1,190.63,191.8071,187.5,190.2,74265963.000000,-0.002256,162.1,163.52,160.51,162.37,21902443.000000,0.001666,591.025,591.9,569.45,571.16,31158871.000000,-0.033611,280.01,290.8688,279.81,280.52,99658865.000000,0.001821
2025/5/2,191.435,192.88,186.4,189.98,77903487.000000,-0.0076,164.535,166.28,163.24,165.39,16844823.000000,0.005196,582.405,603.29,577.28,595.97,24739245.000000,0.023291,284.9,294.78,279.81,287.21,114454217.000000,0.008108
2025/5/5,186.51,188.18,185.53,186.35,35217016.000000,-0.000858,164.095,166.68,164.05,165.63,15309321.000000,0.009354,590.17,602.16,587,598.22,13887572.000000,0.01364,284.57,284.849,274.4,280.26,94618711.000000,-0.015146
2025/5/6,184.57,187.93,183.85,185.01,29313955.000000,0.002384,163.54,166.32,162.71,164.78,10691663.000000,0.007582,591.475,594.98,585.53,586.26,10600391.000000,-0.008817,273.105,277.73,271.35,275.35,76715760.000000,0.00822
2025/5/7,185.56,190.99,185.01,188.71,44002883.000000,0.016976,165.65,166.57,149.0701,152.38,78900399.000000,-0.080109,589.31,602.025,585.62,595.76,13160975.000000,0.010945,276.88,277.92,271,276.22,71882321.000000,-0.002384
2025/5/8,191.43,194.33,188.82,192.08,41043585.000000,0.003395,155.5,156.99,153.68,155.33,38386883.000000,-0.001093,605.235,610.2459,595.57,596.96,14622637.000000,-0.013672,279.63,289.8,279.41,284.82,97539448.000000,0.01856
2025/5/9,193.375,194.69,191.16,193.06,29663142.000000,-0.001629,155.13,156.01,153.41,153.96,22871025.000000,-0.007542,602.67,605.92,590.6562,591.44,10427162.000000,-0.018634,290.21,307.04,290,298.26,132387497.000000,0.027739
2025/5/12,210.71,211.66,205.75,208.64,75205040.000000,-0.009824,158.68,160.02,157.4698,159.16,31884685.000000,0.003025,629.87,639.3396,619.98,638.38,21964923.000000,0.013511,321.99,322.21,311.5,318.38,112826614.000000,-0.011212
2025/5/13,211.08,214.84,210.1,211.37,56193504.000000,0.001374,159.5,161.64,157.16,160.47,24944093.000000,0.006082,644.495,659.87,641.78,654.98,18570588.000000,0.016269,320,337.5894,316.8,334.07,136992481.000000,0.043969
2025/5/14,211.45,211.93,208.85,210.25,38492057.000000,-0.005675,160.89,167.92,160.51,166.39,31769208.000000,0.034185,660.16,661.62,653.26,658.31,12348129.000000,-0.002802,342.5,350,337,347.68,136997168.000000,0.015124
2025/5/15,206.45,206.88,202.673,205.17,64347316.000000,-0.0062,166.72,167.09,163.42,164.98,22717554.000000,-0.010437,653.225,656.26,637.53,642.83,14341831.000000,-0.015913,340.34,346.1393,334.7153,342.82,97882578.000000,0.007287
2025/5/16,206.85,206.85,204.374,205.59,43318465.000000,-0.006091,168.51,170.23,166.53,167.01,36271279.000000,-0.008902,636.905,639.39,625.1,639.29,18518972.000000,0.003745,346.24,351.62,342.33,349.98,95895665.000000,0.010802
2025/5/19,201.645,206.62,201.26,206.16,34314805.000000,0.022391,165.295,167.53,164.995,167.45,21374688.000000,0.013037,627.2,641.95,626.75,639.38,9592371,0.01942,336.3,343,333.37,342.09,88869853.000000,0.017217
2025/5/20,204.628,205.5899,202.65,204.07,29470305.000000,-0.002727,167.34,169.26,163.84,164.9,33563193.000000,-0.014581,634.96,638.3036,631.21,636.05,6743221,0.001717,347.87,354.9899,341.63,343.82,131715545.000000,-0.011642
2025/5/21,201.61,203.455,200.06,201.12,42460919.000000,-0.00243,164.53,174.11,164.47,169.64,45567474.000000,0.031058,630.74,645.56,629.12,634.45,11464399.000000,0.005882,344.43,347.35,332.2,334.62,102354759.000000,-0.028482
2025/5/22,201.38,205.76,200.16,203.1,38938596.000000,0.008541,172.93,177.71,171.46,171.56,45024081.000000,-0.007922,633,642.2,629.66,635.52,8228159,0.003981,331.9,347.27,331.39,341.04,97113292.000000,0.027538
2025/5/23,198.9,202.37,197.85,200.99,33393512.000000,0.010508,169.86,170.785,168.84,169.17,24962869.000000,-0.004062,622.95,631.395,621.6,626.01,8453875,0.004912,337.92,343.18,333.21,339.34,84654623.000000,0.004202
2025/5/27,203.085,206.69,202.19,206.02,34891910.000000,0.014452,170.88,173.87,170.79,173.56,24341131.000000,0.015684,634.36,642.03,631.7,641.27,9508003,0.010893,347.35,363.79,347.32,362.89,120146413.000000,0.044739
2025/5/28,205.915,207.66,204.41,204.72,28549618.000000,-0.005803,173.56,176.06,172.5946,172.96,25999075.000000,-0.003457,641.55,649.83,641.4972,642.53,9042366,0.001528,364.84,365,355.91,356.9,91404309.000000,-0.021763
2025/5/29,208.025,208.81,204.23,205.7,34699831.000000,-0.011177,174.58,174.98,171.36,172.54,21233525.000000,-0.011685,650.595,652.27,638.45,644,8883431,-0.010137,365.29,367.71,356,358.43,88545654.000000,-0.01878
2025/5/30,204.84,205.99,201.695,205.01,51679184.000000,0.00083,171.99,173.02,168.105,172.43,36258251.000000,0.002558,641.45,648.3599,631.73,646.44,16240940.000000,0.007779,355.52,363.68,345.29,346.46,123474938.000000,-0.025484
2025/6/2,204.98,207,202.68,206.65,29113275.000000,0.008147,168.59,170.6424,168.23,169.95,24742863.000000,0.008067,643.34,672.21,643.2116,669.85,15766183.000000,0.041207,343.5,348.02,333.33,342.69,81873827.000000,-0.002358
2025/6/3,207.105,208.9469,205.03,205.71,33138728.000000,-0.006736,168.445,169.38,166.26,167.29,25386637.000000,-0.006857,670.395,674.53,663.98,665.8,11585031.000000,-0.006854,346.595,355.4,343.04,344.27,99324544.000000,-0.006708
2025/6/4,206.55,208.18,205.18,207.23,29915557.000000,0.003292,167.86,169.16,167.375,168.97,18508732.000000,0.006613,668.27,687.95,667.52,686.9,14031931.000000,0.027878,345.095,345.6,327.3308,332.05,98912074.000000,-0.037801
2025/6/5,209.55,212.81,207.56,207.91,51978852.000000,-0.007826,171.2,171.94,168.93,169.39,25422557.000000,-0.010572,690.61,693.33,681.2,683.57,13120092.000000,-0.010194,322.49,324.5499,273.21,284.7,292818454.000000,-0.117182
2025/6/6,212.4,213.8699,210.5,213.57,39832400.000000,0.005508,171.88,175.41,171.88,174.5,22258065.000000,0.015243,695.12,701.756,690.82,696.66,11727961.000000,0.002215,298.83,305.5,291.14,295.14,164747671.000000,-0.012348
2025/6/9,214.75,217.85,212.88,216.98,38102429.000000,0.010384,175.66,177.705,175.45,177.42,18817530.000000,0.010019,697.41,704.14,692.89,693.01,12773051.000000,-0.006309,285.955,309.83,281.85,308.58,140908836.000000,0.079121
2025/6/10,216.78,217.69,214.15,217.61,31303260.000000,0.003829,177.55,182.235,176.265,179.8,32907990.000000,0.012672,700.295,702.18,690.51,701.35,10850021.000000,0.001507,314.94,327.83,310.667,326.09,151256520.000000,0.035404
2025/6/11,217.41,218.4,212.89,213.2,39325975.000000,-0.019364,181.02,181.54,177.79,178.58,18994278.000000,-0.013479,702.655,707.8207,690.94,693.09,9582224,-0.013613,334.395,335.5,322.5,326.43,122611360.000000,-0.023819
2025/6/12,211.78,213.58,211.33,213.24,27639931.000000,0.006894,177.27,177.92,175.9,176.76,17345864.000000,-0.002877,692.25,694.33,685.95,692.31,7320239,0.000087,323.075,332.56,316.86,319.11,105127470.000000,-0.012273
2025/6/13,209.96,214.05,209.62,212.1,29337744.000000,0.010192,173.37,178.1332,173.36,175.67,20873142.000000,0.013266,686.9,693.52,679.96,681.82,9274302,-0.007396,313.97,332.99,313.3,325.31,128964279.000000,0.036118
2025/6/16,212.31,217.06,211.6,216.1,33284158.000000,0.017851,175.695,178.035,175.61,177.73,18131506.000000,0.011583,698.805,706.625,692.9853,701.595,13720227.000000,0.003993,331.29,332.05,326.41,329.13,83925855.000000,-0.00652
2025/6/17,215.195,217.41,214.56,214.82,32086253.000000,-0.001743,176.79,178.505,175.73,177.02,17656111.000000,0.001301,701.475,705.445,695.535,696.705,10066103.000000,-0.0068,326.09,327.26,314.74,316.35,88282644.000000,-0.029869
2025/6/18,215.09,217.96,212.34,212.52,44360484.000000,-0.011948,177.07,177.6135,172.63,173.77,32531752.000000,-0.018637,697.655,701.065,694.375,695.245,10068010.000000,-0.003454,317.31,329.32,315.45,322.05,95137485.000000,0.014938
2025/6/20,214.68,214.89,208.2709,209.69,75350605.000000,-0.023244,174.655,175.155,166.06,167.52,55402500.000000,-0.040852,700.225,701.2947,678.145,681.825,22538621.000000,-0.026277,327.95,332.36,317.78,322.16,108687910.000000,-0.017655
2025/6/23,209.79,210.39,207.3101,208.47,37311719.000000,-0.006292,167.11,168.27,163.12,165.8,36975570.000000,-0.007839,683.165,698.525,678.225,698.005,11080054.000000,0.021722,327.54,357.54,327.48,348.68,190716815.000000,0.064542
2025/6/24,212.135,214.34,211.045,212.77,38378722.000000,0.002993,167.475,169.04,166.7,167.53,27310266.000000,0.000328,704.36,712.665,701.585,711.675,13823178.000000,0.010385,356.17,356.26,340.44,340.47,114736040.000000,-0.04408
2025/6/25,214.615,216.03,211.11,211.99,31755698.000000,-0.012231,168.44,173.15,168.3505,171.28,23627253.000000,0.016861,712.79,716.055,704.855,708.155,9320189,-0.006503,342.7,343,320.4,327.55,119845050.000000,-0.044208
2025/6/26,213.12,218.035,212.01,217.12,50480744.000000,0.018769,173.175,174.44,170.65,174.22,25908738.000000,0.006034,713.83,727.695,710.525,725.565,13964492.000000,0.016439,324.61,331.05,323.61,325.78,80440907.000000,0.003604
2025/6/27,219.92,223.3,216.74,223.3,119217040.000000,0.015369,174.42,178.63,172.5,178.06,74053108.000000,0.020869,725.99,734.905,725.335,733.105,18775661.000000,0.0098,324.51,329.3393,317.495,323.63,89066930.000000,-0.002712
2025/6/30,223.52,223.82,219.12,219.39,58887775.000000,-0.018477,180.575,181.37,175.29,177.18,43964515.000000,-0.018801,744.025,747.375,733.725,737.565,15402105.000000,-0.008683,319.9,325.5799,316.6,317.66,76694920.000000,-0.007002
2025/7/1,219.5,221.875,217.93,220.46,39256717.000000,0.004374,176.595,177.01,174.45,176.7,25778458.000000,0.000595,736.35,737.2249,714.845,718.695,13430933.000000,-0.023976,298.46,305.89,293.21,300.71,145085426.000000,0.007539
2025/7/2,219.73,221.6,219.06,219.92,30894110.000000,0.000865,176.335,179.725,175.88,179.55,19325770.000000,0.018232,714.8,719.775,712.275,713.045,9336604,-0.002455,312.63,316.832,303.82,315.65,119483649.000000,0.00966
2025/7/3,221.82,224.01,221.36,223.41,29266152.000000,0.007168,179.61,180.56,177.98,180.34,13155006.000000,0.004064,726.085,728.505,713.895,718.485,8517398,-0.010467,317.99,318.45,312.76,315.35,56417928.000000,-0.008302
2025/7/7,223,224.29,222.37,223.47,36604138.000000,0.002108,179.925,180.13,176.43,177.35,20991269.000000,-0.014312,717.075,726.475,712.985,717.825,9456960,0.001046,291.37,296.15,288.7701,293.94,131177899.000000,0.00882
2025/7/8,223.915,224,218.43,219.36,45691973.000000,-0.020343,178.57,178.58,173.71,174.95,24108580.000000,-0.020272,721.045,722.3849,714.285,720.145,7770658,-0.001248,297,304.0499,294.35,297.81,103246668.000000,0.002727
2025/7/9,221.07,224.29,220.47,222.54,38155031.000000,0.006649,175.9,180.07,173.67,177.45,31287839.000000,0.008812,722.19,737.005,722.19,732.255,11417781.000000,0.013937,297.55,300.15,293.55,295.88,75586771.000000,-0.005613
2025/7/10,221.55,222.79,219.7,222.26,30370440.000000,0.003205,176.46,179.38,175.53,178.49,24693596.000000,0.011504,731.025,735.2749,719.075,726.715,9921561,-0.005896,300.05,310.48,300,309.87,104365271.000000,0.032728
2025/7/11,223.58,226.6799,222.37,225.02,50518303.000000,0.006441,177.7,182.4,177.3305,181.1,23975684.000000,0.019133,721.97,724.635,709.175,716.985,10873746.000000,-0.006905,307.89,314.09,305.65,313.51,79236344.000000,0.018253
2025/7/14,225.07,226.66,224.24,225.69,35702040.000000,0.002755,181.86,184.52,180.5009,182.6,20990321.000000,0.004069,717.075,727.475,716.022,720.395,8939358,0.00463,317.73,322.5986,312.67,316.9,78043043.000000,-0.002612
2025/7/15,226.2,227.27,225.455,226.35,34907158.000000,0.000663,183.73,185.2,182.18,182.89,23911542.000000,-0.004572,723.375,723.9466,709.295,709.865,11529325.000000,-0.018676,319.675,321.2,310.5,310.78,77556023.000000,-0.027825
2025/7/16,225.875,226.1,222.18,223.19,39535813.000000,-0.011887,184.11,185.1252,182.87,183.56,21152371.000000,-0.002987,712.845,713.445,698.7451,702.385,13067588.000000,-0.014674,312.8,323.5,312.62,321.67,97284785.000000,0.028357
2025/7/17,223.32,224.5,222.51,223.88,31855690.000000,0.002508,182.905,184.9773,181.29,184.49,21654370.000000,0.008666,703.865,705.375,696.58,700.885,11803093.000000,-0.004234,323.15,324.34,317.0601,319.41,73922865.000000,-0.011574
2025/7/18,225.14,226.4,222.98,226.13,37833787.000000,0.004397,186.41,187.15,184.52,185.73,21033211.000000,-0.003648,701.665,704.185,691.125,703.755,12779752.000000,0.002979,321.66,330.9,321.42,329.65,94254867.000000,0.02484
2025/7/21,225.835,229.69,225.65,229.3,40297504.000000,0.015343,186.89,191.05,186.84,190.94,24664828.000000,0.021671,706.275,716.475,705.235,712.44,9404276,0.008729,334.4,338,326.88,328.49,75768721.000000,-0.017673
2025/7/22,229.68,230,226.35,227.47,37483576.000000,-0.009622,192.21,193.15,188.285,191.9,26212864.000000,-0.001613,715.665,716.075,700.885,704.285,8920994,-0.015901,329.74,335.4098,321.55,332.11,77370365.000000,0.007187
2025/7/23,228.47,228.79,227.09,228.29,28294828.000000,-0.000788,192.15,193.15,189.97,191.3,34068002.000000,-0.004424,705.84,714.1035,704.405,713.055,8771340,0.010222,330.9,336.2,328.67,332.56,92553588.000000,0.005017
2025/7/24,229.17,236,228.64,232.23,42902051.000000,0.013353,197.9,198.76,191.74,192.99,45252043.000000,-0.024811,716.525,723.0989,713.475,714.275,10920699.000000,-0.00314,310,310.15,300.41,305.3,156965924.000000,-0.015161
2025/7/25,232.22,232.48,231.18,231.44,28712043.000000,-0.003359,192.72,195.065,191.92,193.87,31101751.000000,0.005967,716.39,720.1249,711.375,712.155,8271521,-0.005912,308.74,323.63,308.01,316.06,148227027.000000,0.023709
2025/7/28,233.35,234.29,232.25,232.79,26300096.000000,-0.0024,194.2,194.61,191.645,193.21,25553405.000000,-0.005098,714.675,724.2102,712.155,717.105,8715679,0.0034,318.45,330.49,315.69,325.59,112673755.000000,0.022421
2025/7/29,234.15,234.72,230.31,231.01,33716220.000000,-0.01341,193.09,196.45,192.78,196.22,31891490.000000,0.01621,719.475,723.945,699.385,699.475,13266595.000000,-0.027798,325.55,326.25,318.25,321.2,87358861.000000,-0.013362
2025/7/30,231.64,231.8,229.29,230.19,32992929.000000,-0.00626,196.09,198.2699,195.35,197.23,21150502.000000,0.005814,707.565,707.975,690.6751,694.685,27077286.000000,-0.018203,322.18,324.4499,311.6164,319.04,83931930.000000,-0.009746
2025/7/31,235.77,236.53,231.4,234.11,104357154.000000,-0.007041,196.39,196.62,191.87,192.65,27851662.000000,-0.019044,774.675,784.225,764.985,772.915,38831098.000000,-0.002272,319.605,321.37,306.1,308.27,85270877.000000,-0.035466
2025/8/1,217.21,220.4399,212.8,214.75,122258338.000000,-0.011325,189.57,191.4075,188.49,189.74,21236548.000000,0.000897,760.205,765.4749,744.785,749.485,19028323.000000,-0.014101,306.205,309.31,297.82,302.63,89121175.000000,-0.011675
2025/8/4,217.4,217.44,211.42,211.65,77890095.000000,-0.026449,190.965,195.87,190.71,195.54,23385823.000000,0.023957,759.475,776.325,757.885,775.845,15801694.000000,0.021554,309.08,312.1186,303.0001,309.26,78683905.000000,0.000582
2025/8/5,213.05,216.3,212.87,213.75,51505113.000000,0.003286,195.335,198.49,194.465,195.11,19009879.000000,-0.001152,775.92,782.6049,762.475,762.935,11639103.000000,-0.016735,308.95,312.4499,305.5,308.72,57961233.000000,-0.000744
2025/8/6,214.695,222.65,213.7409,222.31,54823045.000000,0.035469,195.04,197.17,194.2573,196.71,15383678.000000,0.008562,769.475,773.115,759.9351,771.465,9733778,0.002586,307.89,320.47,306.9345,319.91,78522920.000000,0.03904
2025/8/7,221,226.22,220.82,223.13,40603413.000000,0.009638,197.5,198.16,195.01,197.07,14660353.000000,-0.002177,772.965,774.475,759.025,761.305,9019268,-0.015085,319.79,322.4,316.16,322.27,66658672.000000,0.007755
2025/8/8,223.14,223.8,221.8836,222.69,32970473.000000,-0.002017,197.77,203.22,197.69,201.88,24379859.000000,0.020782,762.225,769.375,758.055,768.775,7320424,0.008593,321.43,335.15,320.98,329.65,91200319.000000,0.025573
2025/8/11,221.78,223.05,220.4,221.3,31646156.000000,-0.002164,201.345,201.95,199.59,201.42,16690057.000000,0.000372,769.55,772.9334,764.145,765.345,7611945,-0.005464,335,346.64,334.15,339.03,105320110.000000,0.01203
2025/8/12,222.23,223.5,219.05,221.47,37254629.000000,-0.00342,201.885,204.92,201.19,203.95,19871614.000000,0.010229,772.475,793.145,771.905,789.475,14579750.000000,0.022007,345,345.26,332.94,340.84,80690076.000000,-0.012058
2025/8/13,222,224.9185,222,224.56,36508335.000000,0.011532,204.77,205.22,198.43,202.82,19573039.000000,-0.009523,790.625,794.9311,777.705,779.555,8811225,-0.014002,341.5,348.98,338.2,339.38,67838892.000000,-0.006208
2025/8/14,227.4,233.11,227.02,230.98,61545813.000000,0.015743,202.35,205.21,202.1145,203.61,17777012.000000,0.006227,777.355,787.285,771.985,781.605,8115905,0.005467,335.76,340.4699,330.4,335.58,75000662.000000,-0.000536
2025/8/15,232.58,234.08,229.807,231.03,39649234.000000,-0.006664,204.51,207.12,201.875,204.7,21111275.000000,0.000929,783.625,795.725,780.295,784.705,13375360.000000,0.001378,337.655,339.3,327.02,330.56,74319782.000000,-0.021013
2025/8/18,230.225,231.91,228.33,231.49,25248819.000000,0.005495,204.86,205.93,203.2,204.08,12999190.000000,-0.003807,774.56,775.285,756.0351,766.845,16513729.000000,-0.00996,329.62,336.27,329.59,335.16,56956551.000000,0.016807
2025/8/19,230.09,230.5283,227.12,228.01,29890877.000000,-0.00904,203.695,204.08,200.72,202.28,13476407.000000,-0.006947,766.595,766.645,748.835,750.955,12286590.000000,-0.020402,335.79,340.55,327.85,329.31,75955524.000000,-0.019298
2025/8/20,227.12,227.27,220.915,223.81,36604173.000000,-0.014574,201.47,201.96,197.25,199.98,13971683.000000,-0.007396,747.045,749.6749,730.475,747.195,11897819.000000,0.000201,329.22,331.37,314.6,323.9,77481718.000000,-0.016159
2025/8/21,222.65,222.78,220.5,221.95,32140459.000000,-0.003144,200.51,203.15,200.19,200.41,11768850.000000,-0.000499,744.18,744.975,732.5851,738.575,8875944,-0.007532,322.08,324.9,318.68,320.11,55744305.000000,-0.006116
2025/8/22,222.79,229.14,220.82,228.84,37315341.000000,0.027156,203.75,209.02,201.92,206.51,25723637.000000,0.013546,738.705,756.375,733.865,754.265,10612550.000000,0.021064,321.66,340.25,319.69,340.01,94016258.000000,0.057048
2025/8/25,227.35,229.6,227.31,227.94,22633693.000000,0.002595,206.79,210.88,205.74,208.95,22788598.000000,0.010445,754.295,758.355,749.605,752.775,6861062,-0.002015,338.9,349.53,335.03,346.6,86669893.000000,0.022721
2025/8/26,227.11,229,226.02,228.71,26105170.000000,0.007045,208.16,208.25,206.2401,207.74,23050616.000000,-0.002018,750.275,754.345,747.415,753.575,7601770,0.004398,344.93,351.9,343.72,351.67,76651550.000000,0.01954
2025/8/27,228.57,229.87,227.81,229.12,21254401.000000,0.002406,206.25,209.36,206.18,208,15248887.000000,0.008485,751.775,753.6249,742.315,746.855,8315362,-0.006545,351.94,355.39,349.156,349.6,65518716.000000,-0.006649
2025/8/28,229.005,232.71,228.02,231.6,33679515.000000,0.011332,207.63,212.69,207.39,212.16,20915373.000000,0.021818,743.475,752.5298,740.27,750.585,7467902,0.009563,350.91,353.55,340.26,345.98,67903224.000000,-0.014049
2025/8/29,231.32,231.8125,228.16,229,26199018.000000,-0.010029,211.06,215.13,210.76,213.32,24682180.000000,0.010708,744.755,746.615,734.8216,738.175,9070128,-0.008835,347.23,348.7499,331.7,333.87,81145306.000000,-0.038476
2025/9/2,223.52,226.17,221.83,225.34,38843686.000000,0.008142,208.78,212.159,206.75,211.78,28900043.000000,0.014369,725.515,735.475,721.2056,734.585,9350857,0.012501,328.23,333.33,325.6,329.36,58391863.000000,0.003443
2025/9/3,225.21,227.1699,224.36,225.99,29223082.000000,0.003463,226.27,231.59,224.91,230.89,72250269.000000,0.020418,735.475,739.725,733.4643,736.525,7699153,0.001428,335.2,343.33,328.51,334.09,88733057.000000,-0.003311
2025/9/4,231.185,235.77,230.78,235.68,59391779.000000,0.019443,229.945,232.56,226.55,232.47,32195517.000000,0.010981,748.045,760.635,745.295,748.365,11439078.000000,0.000428,336.15,338.89,331.48,338.53,60710753.000000,0.00708
2025/9/5,235.19,236,231.93,232.33,36721802.000000,-0.01216,232.45,235.9199,232.17,234.96,26127737.000000,0.010798,752.09,757.425,744.505,751.925,9663419,-0.000219,348,355.87,344.6801,350.84,108989506.000000,0.008161
2025/9/8,234.94,237.6,233.75,235.84,33947072.000000,0.003831,235.79,238.4,233.73,234.16,23128729.000000,-0.006913,755.47,765.985,751.495,751.775,13087673.000000,-0.004891,354.64,358.44,344.84,346.4,75208220.000000,-0.023235
2025/9/9,236.355,238.85,235.08,238.24,27033776.000000,0.007975,234.19,240.59,233.38,239.94,22854622.000000,0.024553,756.965,765.775,752.905,765.175,10997717.000000,0.010846,348.44,350.77,343.82,346.97,53815928.000000,-0.004219
2025/9/10,237.515,237.68,229.0962,230.33,60907712.000000,-0.030251,239.25,242.08,238.11,239.56,19990049.000000,0.001296,764.605,765.175,750.475,751.455,12477735.000000,-0.017198,350.55,356.33,346.07,347.79,72121679.000000,-0.007873
2025/9/11,231.49,231.53,229.3377,229.95,37485539.000000,-0.006653,240.14,242.57,236.58,240.78,21307916.000000,0.002665,754.125,756.575,747.845,750.375,7921734,-0.004973,350.17,368.99,347.6,368.81,103755961.000000,0.053231
2025/9/12,230.35,230.79,226.29,228.15,38496218.000000,-0.009551,240.8,242.4227,238.5,241.38,14536432.000000,0.002409,748.2,757.0453,743.235,755.065,8248401,0.009175,370.94,396.6899,370.24,395.94,168156191.000000,0.067396
2025/9/15,230.625,233.73,230.32,231.43,33243327.000000,0.003491,245.14,252.7499,244.98,251.76,29934734.000000,0.027005,756.945,773.545,751.46,764.175,10533312.000000,0.009552,423.13,425.7,402.43,410.04,163823661.000000,-0.030936
2025/9/16,232.935,235.9,232.23,234.05,38203886.000000,0.004787,252.33,253.23,249.715,251.42,24493512.000000,-0.003606,766.475,780.835,764.575,778.475,11782432.000000,0.015656,414.495,423.25,411.43,421.62,104285529.000000,0.01719
2025/9/17,233.77,234.3,228.71,231.62,42815208.000000,-0.009197,251.46,251.95,246.58,249.85,20490997.000000,-0.006403,779.465,782.765,765.785,775.19,9400464,-0.005485,415.75,428.3121,409.67,425.86,106133531.000000,0.024317
2025/9/18,232.5,233.48,228.79,231.23,37931736.000000,-0.005462,251.86,254.14,250.11,252.33,21166359.000000,0.001866,780.225,788.255,772.835,779.725,10954752.000000,-0.000641,428.865,432.2199,416.56,416.85,90454451.000000,-0.028016
2025/9/19,232.37,234.16,229.7,231.48,97943016.000000,-0.00383,253.4,256.7,252.0675,255.24,41616803.000000,0.007261,785.895,790.275,768.6651,777.855,23696488.000000,-0.01023,421.82,429.47,421.72,426.07,93131034.000000,0.010075
2025/9/22,230.56,230.565,227.51,227.63,45914378.000000,-0.012708,254.78,256.31,250.81,252.88,20078680.000000,-0.007457,781.845,785.73,764.47,765.16,11706839.000000,-0.021341,431.11,444.98,429.13,434.21,97108777.000000,0.007191
2025/9/23,227.83,227.86,220.07,220.71,70956193.000000,-0.031251,253.655,254.77,251.09,252.34,17520609.000000,-0.005184,769.25,770.6,751.07,755.4,10872373.000000,-0.018005,439.88,440.97,423.72,425.85,83422620.000000,-0.031895
2025/9/24,224.15,224.56,219.45,220.21,49509007.000000,-0.017578,252.15,252.96,247.22,247.83,16958508.000000,-0.017133,757.5,761.11,752.5251,760.66,8828050,0.004172,429.83,444.21,429.0301,442.79,93133303.000000,0.030151
2025/9/25,220.06,220.67,216.47,218.15,52226328.000000,-0.008679,244.84,247.315,241.65,246.57,17379688.000000,0.007066,753.45,756.765,744.55,748.91,10590885.000000,-0.006026,435.24,435.35,419.08,423.39,96746123.000000,-0.027226
2025/9/26,219.08,221.05,218.02,219.78,41650098.000000,0.003195,247.785,250.12,246.64,247.18,16594574.000000,-0.002442,750,751.9299,737.3532,743.75,9696296,-0.008333,428.3,440.47,421.02,440.4,101628148.000000,0.028251
2025/9/29,220.08,222.6,219.3,222.17,44259177.000000,0.009497,248.275,251.6483,243.2,244.36,23157079.000000,-0.015769,748.72,750.78,739.15,743.4,9246664,-0.007105,444.35,450.98,439.5,443.21,79491262.000000,-0.002566
2025/9/30,222.03,222.24,217.89,219.57,48396339.000000,-0.01108,243.06,243.675,239.5707,243.55,22540870.000000,0.002016,742.25,742.97,726.3,734.38,16226630.000000,-0.010603,441.52,445,433.12,444.72,74357955.000000,0.007248
2025/10/1,217.36,222.15,216.61,220.63,43933737.000000,0.015044,241.18,247.15,239.2,245.54,23967374.000000,0.018078,721.49,721.8499,710.2,717.34,20419631.000000,-0.005752,443.8,462.29,440.75,459.46,98121913.000000,0.035286
2025/10/2,221.01,222.81,218.945,222.41,41258502.000000,0.006335,245.64,247.635,243.105,246.43,20657284.000000,0.003216,722.58,727.77,718.14,727.05,11415262.000000,0.006186,470.54,470.75,435.57,436,137008846.000000,-0.073405
2025/10/3,223.44,224.2,219.34,219.51,43639008.000000,-0.017589,245.23,247.1177,242.47,246.45,19940971.000000,0.004975,729.625,731,710.18,710.56,16154176.000000,-0.02613,443.285,446.77,416.575,429.83,133187989.000000,-0.030353
2025/10/6,221,221.73,216.03,220.9,43690603.000000,-0.000452,245.78,252.2,245.69,251.51,18309030.000000,0.023314,705.185,716.88,690.51,715.66,21654684.000000,0.014854,440.75,453.55,436.69,453.25,85324868.000000,0.028361
2025/10/7,220.88,222.89,220.17,221.78,31194678.000000,0.004075,248.93,251.55,246.81,247.13,13810833.000000,-0.007231,717.72,718.4999,705.75,713.08,12062589.000000,-0.006465,447.82,452.68,432.4501,433.09,102296050.000000,-0.032893
2025/10/8,222.92,226.73,221.19,225.22,46685938.000000,0.010318,246.2,247.26,245.09,245.46,14136494.000000,-0.003006,713.45,719.65,707.81,717.84,10789760.000000,0.006153,437.57,441.33,425.23,438.69,71192078.000000,0.00256
2025/10/9,224.995,228.21,221.75,227.74,46412122.000000,0.0122,245.06,245.555,239.6801,242.21,19375633.000000,-0.01163,718.275,733.51,712.44,733.51,12717164.000000,0.021211,431.81,436.35,426.18,435.54,69339678.000000,0.008638
2025/10/10,226.21,228.25,216,216.37,72366999.000000,-0.043499,242.16,244.84,236.685,237.49,22448619.000000,-0.019285,730.92,735.27,704.51,705.3,16979714.000000,-0.035052,436.54,443.13,411.45,413.49,112107422.000000,-0.052802
2025/10/13,217.7,220.68,217.04,220.07,37809639.000000,0.010887,241.03,244.99,240.75,244.64,12464857.000000,0.014977,713.01,719.94,707.6413,715.7,9251357,0.003773,423.53,436.89,419.7,435.9,79552744.000000,0.029207
2025/10/14,215.555,219.32,212.6,216.39,45665562.000000,0.003874,241.755,248.025,241.1775,246.19,17705297.000000,0.018345,707.78,715.55,699.33,708.65,8829757,0.001229,426.79,434.2,417.86,429.24,72669386.000000,0.005741
2025/10/15,216.62,217.71,212.66,215.57,45909248.000000,-0.004847,248.085,252.76,246.79,251.71,16047907.000000,0.014612,717.06,723.9,709.51,717.55,10246415.000000,0.000683,434.9,440.51,426.3301,435.15,71558125.000000,0.000575
2025/10/16,215.67,218.59,212.8101,214.47,42414531.000000,-0.005564,252.465,257.58,250.67,251.88,18945675.000000,-0.002317,717.55,725.49,703.88,712.07,9016892,-0.007637,434.73,439.35,421.3101,428.75,77189717.000000,-0.013756
2025/10/17,214.56,214.8,211.03,213.04,45986922.000000,-0.007084,251.35,254.88,248.59,253.79,17653756.000000,0.009708,707.075,718.54,706.12,716.915,12231216.000000,0.013916,425.5,441.4558,423.6,439.31,89331519.000000,0.032456
2025/10/20,213.88,216.69,213.59,216.48,38882819.000000,0.012156,255.23,257.88,254.6,257.02,13726831.000000,0.007013,721.19,733.77,720.18,732.17,8899806,0.015225,443.865,449.8,440.61,447.43,63718906.000000,0.008032
2025/10/21,218.43,223.32,217.99,222.03,50494565.000000,0.016481,255.25,255.38,244.67,251.34,27836294.000000,-0.015318,736.015,738.5,728.75,733.27,7647267,-0.00373,445.755,449.3,442.05,442.6,54412119.000000,-0.007078
2025/10/22,219.3,220.005,216.52,217.95,44308524.000000,-0.006156,255.01,257.18,250.451,252.53,19650201.000000,-0.009725,733.83,740.6,724.03,733.41,8734490,-0.000572,443.45,445.539,429,438.97,84023442.000000,-0.010103
2025/10/23,219,221.3,218.18,221.09,31539907.000000,0.009543,253.7,255.86,252.7683,253.73,13241223.000000,0.000118,734.7,742.41,733.1,734,9855710,-0.000953,420,449.3999,413.9,448.98,126709830.000000,0.069
2025/10/24,221.97,225.4,221.9,224.21,38685016.000000,0.010091,257.3,262.51,256.1,260.51,18405966.000000,0.012476,736.79,741.21,731.15,738.36,9150893,0.002131,446.83,451.68,430.17,433.72,94727682.000000,-0.02934
2025/10/27,227.66,228.4,225.54,226.97,38266884.000000,-0.003031,265.36,270.8,264.94,269.93,22987425.000000,0.017222,749.73,755.75,748.01,750.82,11321080.000000,0.001454,439.98,460.16,438.69,452.42,105867547.000000,0.028274
2025/10/28,228.215,231.485,226.21,229.25,47099956.000000,0.004535,270.2,271.38,267.17,268.43,20101066.000000,-0.006551,752.63,758.4,745.5201,751.44,12193808.000000,-0.001581,454.775,467,451.6,460.55,80185622.000000,0.012699
2025/10/29,231.672,232.82,227.76,230.3,52036151.000000,-0.005922,268.61,275.97,268.43,275.17,26287850.000000,0.024422,754.75,759.155,742.51,751.67,26818591.000000,-0.004081,462.5,465.7,452.65,461.51,67983445.000000,-0.002141
2025/10/30,227.06,228.44,222.75,222.86,102252937.000000,-0.018497,291.72,291.93,280.45,281.9,48570032.000000,-0.033662,669.15,680.9599,650.17,666.47,88440088.000000,-0.004005,451.05,455.0607,439.61,440.1,72447888.000000,-0.024277
2025/10/31,250.1,250.5,243.98,244.22,166340808.000000,-0.023511,283.205,286.285,277.523,281.82,29932694.000000,-0.00489,674.51,674.89,645.57,648.35,56952933.000000,-0.038784,446.75,458,443.6855,456.56,83135566.000000,0.021959
2025/11/3,255.36,258.6,252.9,254,95997811.000000,-0.005326,282.42,285.94,280.3701,284.12,19691737.000000,0.006019,656,659.3299,636.18,637.71,33003561.000000,-0.027881,455.99,474.07,453.8,468.37,84595239.000000,0.02715
2025/11/4,250.38,257.01,248.66,249.32,51546271.000000,-0.004234,277.065,281.8336,276.865,278.06,18123610.000000,0.003591,628.035,641.7399,626.01,627.32,27356549.000000,-0.001138,454.46,460.22,443.6,444.26,87756541.000000,-0.022444
2025/11/5,249.03,251,246.16,250.2,40610659.000000,0.004698,279.38,286.7,277.88,284.75,20062843.000000,0.019221,632.31,642.23,626.5375,635.95,20219735.000000,0.005757,452.05,466.3299,440.71,462.07,85572966.000000,0.022166
2025/11/6,249.155,250.38,242.17,243.04,46003500.000000,-0.024543,285.735,288.81,281.62,285.34,23103441.000000,-0.001382,635.85,636,618,618.94,23628748.000000,-0.026594,461.96,467.45,435.09,445.91,109622885.000000,-0.034743
2025/11/7,242.9,244.9,238.49,244.41,46374227.000000,0.006217,284.21,284.5,275.74,279.7,21990834.000000,-0.015869,616.485,622.1348,601.2,621.71,29946823.000000,0.008475,437.92,439.36,421.88,429.52,103471482.000000,-0.019182
2025/11/10,248.34,251.75,245.59,248.4,36476512.000000,0.000242,285.265,291.46,283.54,290.59,19508145.000000,0.018667,631.09,635,618.105,631.76,19244968.000000,0.001062,439.6,449.6715,433.36,445.23,76515905.000000,0.012807
2025/11/11,248.41,249.7499,247.23,249.1,23564023.000000,0.002778,288.2,292.34,287.88,291.74,14156331.000000,0.012283,628,629.56,619.39,627.08,13302187.000000,-0.001465,439.4,442.49,432.36,439.62,60533232.000000,0.000501
2025/11/12,250.235,250.37,243.75,244.2,31189938.000000,-0.024117,292.085,292.36,284.38,287.43,16998821.000000,-0.015937,628.13,628.99,607.77,609.01,24493271.000000,-0.03044,442.15,442.329,426.56,430.6,58513518.000000,-0.026122
2025/11/13,243.05,243.75,236.5,237.58,41401723.000000,-0.022506,282.985,283.51,278,279.12,18059918.000000,-0.013658,613.07,617.65,603,609.89,20973809.000000,-0.005187,423.13,424.5,396.34,401.99,118948020.000000,-0.049961
2025/11/14,235.06,238.73,232.89,234.69,38956626.000000,-0.001574,271.895,279.15,271.41,276.98,18330322.000000,0.018702,601.79,613.68,595.2,609.46,20724133.000000,0.012745,386.3,412.19,382.78,404.35,105506669.000000,0.046725
