Date,GLD_Open,GLD_High,GLD_Low,GLD_Close,GLD_Volume,GLD_Return,VOT_Open,VOT_High,VOT_Low,VOT_Close,VOT_Volume,VOT_Return
2006-08-25,61.88,62.0,61.58,61.77,2127000.0,-0.0017776341305752,36.2161,36.2961,36.2161,36.2961,3400.0,0.0022089623123418
2006-08-28,61.8,61.8,60.83,61.0,3584600.0,-0.0129449838187701,36.1761,36.5161,36.1761,36.5161,200.0,0.0093984702607523
2006-08-29,61.0,61.09,60.32,60.94,3609800.0,-0.000983606557377,36.3061,36.3061,36.2661,36.2661,11700.0,-0.0011017432332307
2006-08-30,61.49,61.66,61.09,61.42,2901600.0,-0.0011383964872337,36.8661,36.9161,36.8661,36.9161,3900.0,0.0013562595446764
2006-08-31,62.0,62.3,61.73,62.29,4842300.0,0.0046774193548386,36.9261,37.0261,36.8861,37.0061,7100.0,0.0021664892853565
2006-09-01,61.95,62.29,61.48,62.14,3210200.0,0.0030669895076674,37.2161,37.4361,37.2161,37.4361,500.0,0.0059114200574484
2006-09-05,63.2,63.63,63.06,63.36,4219400.0,0.0025316455696201,37.3661,37.5161,37.3661,37.4961,1700.0,0.0034790893349853
2006-09-06,63.22,63.52,62.83,62.86,3210900.0,-0.0056944005061689,37.2861,37.2861,36.8861,36.8861,1100.0,-0.0107278583708137
2006-09-07,61.87,61.92,60.99,61.25,5402300.0,-0.0100210117989332,36.6361,36.6361,36.3461,36.4061,900.0,-0.0062779608091471
2006-09-08,60.52,60.77,60.28,60.64,3693400.0,0.0019828155981493,36.5161,36.5161,36.3161,36.3161,9800.0,-0.0054770361566542
2006-09-11,58.85,59.25,57.91,58.5,10580700.0,-0.005947323704333,36.0661,36.4661,36.0661,36.4661,1300.0,0.0110907472668239
2006-09-12,58.65,59.09,58.18,58.32,5836200.0,-0.0056265984654731,36.6661,37.2661,36.6661,37.2661,2300.0,0.0163638892601067
2006-09-13,58.6,58.93,57.97,58.62,3539100.0,0.0003412969283275,37.4661,37.7761,37.3461,37.7761,1200.0,0.0082741464950982
2006-09-14,58.59,58.72,57.08,57.19,7637700.0,-0.0238948626045401,37.6261,37.6261,37.5861,37.5861,400.0,-0.001063091843162
2006-09-15,57.2,57.79,56.66,57.4,6454800.0,0.0034965034965034,37.8461,37.8461,37.6061,37.6061,1000.0,-0.0063414724370543
2006-09-18,57.47,58.39,57.42,58.23,4438700.0,0.0132242909344005,37.7961,38.2861,37.6661,37.7661,35500.0,-0.0007937326867058
2006-09-19,58.02,58.11,56.84,56.92,5287000.0,-0.0189589796621854,38.5761,38.5761,37.2361,37.2361,2100.0,-0.0347365337605407
2006-09-20,57.81,58.24,57.2,57.26,5385200.0,-0.0095139249264833,37.8161,38.0061,37.8161,37.8161,1300.0,0.0
2006-09-21,57.35,58.09,57.22,57.95,3870800.0,0.010462074978204,38.0061,38.0061,37.5061,37.5361,900.0,-0.0123664359142349
2006-09-22,58.7,58.75,57.99,58.5,3320300.0,-0.0034071550255537,37.3261,37.3261,36.9361,36.9761,700.0,-0.0093768167582467
2006-09-25,58.15,58.76,57.78,58.5,3797300.0,0.0060189165950129,37.0161,37.1061,36.7261,37.1061,500.0,0.0024313744559798
2006-09-26,58.5,58.97,58.25,58.74,2763400.0,0.0041025641025641,37.6861,37.9561,37.6861,37.9461,2200.0,0.0068990954224501
2006-09-27,59.22,59.86,58.73,59.81,4656900.0,0.0099628503883823,38.0661,38.1661,38.0061,38.0061,6600.0,-0.0015762056002583
2006-09-28,59.88,60.27,59.57,59.79,3930900.0,-0.0015030060120241,38.2161,38.2161,37.9461,37.9461,11700.0,-0.0070650851342757
2006-09-29,59.52,59.63,58.98,59.47,3201000.0,-0.0008400537634409,38.1261,38.1261,37.8561,37.8761,12300.0,-0.0065571878581863
2006-10-02,59.8,59.88,59.03,59.15,2018800.0,-0.0108695652173912,37.7661,37.8861,37.4961,37.4961,1600.0,-0.0071492687886756
2006-10-03,57.93,58.14,56.91,57.11,5233800.0,-0.014155014672881,37.0761,37.4761,37.0461,37.1161,18700.0,0.0010788621241178
2006-10-04,57.47,57.52,55.55,56.37,8153900.0,-0.0191404210892639,37.2161,37.9661,37.2161,37.9361,3900.0,0.019346465642558
2006-10-05,56.94,57.02,56.32,56.92,3890700.0,-0.0003512469265893,38.2961,38.6761,38.1661,38.6261,12100.0,0.0086170654453063
2006-10-06,56.28,57.02,55.63,56.99,4282700.0,0.0126154939587775,38.1961,38.4461,38.1261,38.2661,14200.0,0.0018326478357738
2006-10-09,57.46,57.5,56.72,57.2,2689800.0,-0.004524886877828,38.2961,38.6261,38.2861,38.4061,3400.0,0.0028723551484354
2006-10-10,56.55,57.28,56.48,57.0,3422100.0,0.0079575596816976,38.4961,38.6461,38.4961,38.6061,1000.0,0.002857432311325
2006-10-11,57.3,57.52,56.7,56.88,2944200.0,-0.007329842931937,38.3761,38.5561,38.3461,38.3461,1800.0,-0.0007817365495712
2006-10-12,56.74,57.49,56.65,57.49,2777500.0,0.0132181882270003,38.7061,39.1061,38.7061,39.1061,2300.0,0.010334288393819
2006-10-13,58.25,58.6,57.94,58.57,3078400.0,0.0054935622317596,39.1061,39.3961,39.1061,39.2261,16200.0,0.0030685749793511
2006-10-16,58.93,59.18,58.72,59.17,1986300.0,0.0040726285423384,39.4161,39.7961,39.4161,39.7461,11600.0,0.0083722133848858
2006-10-17,59.0,59.1,58.12,58.65,2657100.0,-0.0059322033898305,39.3461,39.3461,39.0661,39.2361,12400.0,-0.0027957027507173
2006-10-18,58.82,59.03,58.26,58.59,3679000.0,-0.0039102346140767,39.5461,39.5461,38.9761,39.0561,12800.0,-0.0123906023602833
2006-10-19,59.04,59.65,59.02,59.41,2952900.0,0.0062669376693766,39.3661,39.3761,39.2561,39.3661,10700.0,0.0
2006-10-20,59.45,59.48,58.65,58.78,3190500.0,-0.0112699747687132,39.1461,39.1461,39.0061,39.0061,10800.0,-0.0035763460472433
2006-10-23,57.88,58.19,57.52,57.76,3521800.0,-0.0020732550103663,38.9661,39.3461,38.9661,39.2161,10800.0,0.0064158332499275
2006-10-24,57.2,58.26,56.87,58.17,3558200.0,0.0169580419580419,39.2661,39.4261,39.2261,39.3961,11300.0,0.0033107438732136
2006-10-25,57.83,58.78,57.55,58.76,4384200.0,0.0160816185370914,39.3161,39.6161,39.3161,39.6161,2200.0,0.0076304618209843
2006-10-26,59.03,59.45,58.98,59.29,5241100.0,0.004404540064374,39.9061,39.9061,39.6861,39.8461,1000.0,-0.0015035295355848
2006-10-27,59.43,59.57,59.04,59.4,3080700.0,-0.0005047955577991,40.0461,40.0461,39.6761,39.6761,3400.0,-0.0092393516472266
2006-10-30,60.05,60.65,59.88,59.9,4675700.0,-0.0024979184013321,39.5961,39.7961,39.4561,39.6661,11400.0,0.0017678508742022
2006-10-31,59.59,60.36,59.57,60.24,4603000.0,0.0109078704480617,39.6661,39.6761,39.4061,39.4061,4000.0,-0.0065547154875321
2006-11-01,61.03,61.55,60.68,61.36,8172300.0,0.0054071767982958,39.7261,39.7261,38.7561,38.7761,15200.0,-0.0239137493990097
2006-11-02,61.47,62.19,61.47,61.92,6680500.0,0.0073206442166911,38.6061,38.8761,38.6061,38.7661,11900.0,0.0041444227725671
2006-11-03,61.81,62.5,61.65,62.3,7359200.0,0.0079275198187994,39.0061,39.0061,38.7061,38.8461,13300.0,-0.004101922519811
2006-11-06,62.17,62.34,61.85,61.89,4078400.0,-0.0045037799581792,39.1261,39.7361,39.1261,39.6261,9900.0,0.0127791934284275
2006-11-07,62.35,62.48,61.97,62.04,5332400.0,-0.004971932638332,39.7261,40.0061,39.7261,39.7761,17100.0,0.0012586183894214
2006-11-08,61.94,62.08,60.87,61.11,5319300.0,-0.0134000645786244,39.6961,40.0961,39.6961,40.0161,16600.0,0.0080612453112522
2006-11-09,62.12,63.13,61.94,62.95,6634800.0,0.0133612363168062,40.1361,40.2661,39.6961,39.7061,16500.0,-0.0107135471558023
2006-11-10,62.7,62.82,62.06,62.49,4437000.0,-0.0033492822966507,39.7961,39.8361,39.6561,39.8161,16900.0,0.0005025618088203
2006-11-13,61.93,62.25,61.77,62.19,3408800.0,0.0041982883901178,39.9561,40.1561,39.9561,40.0761,23800.0,0.0030032961174888
2006-11-14,62.31,62.52,61.46,61.63,5706200.0,-0.0109131760552078,40.1861,40.5661,40.0161,40.5661,22400.0,0.0094560059323993
2006-11-15,61.34,62.07,61.25,61.84,3760500.0,0.0081512879034887,40.7561,41.1661,40.6661,40.9361,29600.0,0.0044165167913514
2006-11-16,62.16,62.3,61.27,61.31,4347500.0,-0.0136743886743885,41.0561,41.0561,40.8661,40.8961,3600.0,-0.0038971066418876
2006-11-17,61.4,61.78,61.34,61.78,3390900.0,0.0061889250814332,40.6661,40.8161,40.6061,40.8161,2000.0,0.0036885759883539
2006-11-20,62.06,62.25,61.56,61.77,2947200.0,-0.0046728971962616,40.7461,40.9961,40.7461,40.8861,6100.0,0.0034359116578028
2006-11-21,62.25,62.52,62.03,62.27,2930400.0,0.0003212851405622,41.0161,41.1761,41.0161,41.1761,2000.0,0.0039009072047317
2006-11-22,62.64,63.07,62.25,62.5,4863600.0,-0.0022349936143039,41.4761,41.6161,41.3161,41.6161,6500.0,0.0033754379027922
2006-11-24,63.48,63.68,63.31,63.5,6886100.0,0.0003150598613737,41.3961,41.6261,41.3961,41.6161,3400.0,0.0053145103041109
2006-11-27,63.46,63.74,63.32,63.7,5249800.0,0.0037819098644815,41.5261,41.5261,40.5261,40.5261,13500.0,-0.0240812404728592
2006-11-28,63.6,63.71,62.82,63.57,6057400.0,-0.0004716981132075,40.3261,40.6961,40.3261,40.6961,2400.0,0.0091751991886149
2006-11-29,63.37,63.39,63.08,63.16,4006500.0,-0.0033138709168376,41.0161,41.2461,41.0161,41.2461,2300.0,0.0056075541068018
2006-11-30,64.07,64.43,63.9,64.39,6362700.0,0.0049945372249103,41.4161,41.4161,41.3861,41.3861,1400.0,-0.0007243559871644
2006-12-01,64.2,64.55,63.99,64.12,6363800.0,-0.001246105919003,41.6361,41.6361,41.0561,41.0561,3100.0,-0.0139302192088115
2006-12-04,64.03,64.14,63.56,64.12,3469100.0,0.0014055911291582,41.7761,42.2461,41.7761,42.1661,18700.0,0.0093354812919348
2006-12-05,64.25,64.42,63.36,63.81,5254600.0,-0.0068482490272373,42.0461,42.2761,42.0061,42.2061,67400.0,0.0038053469881866
2006-12-06,63.08,63.45,62.29,62.69,6386500.0,-0.0061826252377932,42.1561,42.3861,42.1561,42.2861,41900.0,0.0030837767250764
2006-12-07,62.64,62.78,61.99,62.73,5384600.0,0.0014367816091953,42.4861,42.4861,42.0261,42.0461,45300.0,-0.010356328305022
2006-12-08,63.08,63.34,61.87,62.05,6080900.0,-0.0163284717818643,42.0461,42.3361,41.9161,42.1361,25500.0,0.0021405076808549
2006-12-11,62.18,62.6,62.07,62.57,3163800.0,0.0062721132196847,41.8861,41.9761,41.8861,41.9761,5500.0,0.0021486841696888
2006-12-12,62.41,62.56,62.17,62.52,3017900.0,0.001762538054799,41.8861,41.8961,41.4461,41.4461,2700.0,-0.0105046781629227
2006-12-13,62.1,62.57,61.88,62.48,3595400.0,0.0061191626409016,41.8461,41.8461,41.5361,41.6661,4700.0,-0.0043014761232229
2006-12-14,62.29,62.47,62.04,62.12,2237300.0,-0.0027291700112377,41.8161,42.1461,41.8161,42.1461,10700.0,0.0078916972171005
2006-12-15,62.21,62.22,60.93,61.0,7427800.0,-0.0194502491560842,42.1461,42.1461,41.8761,41.8761,5100.0,-0.0064062867026841
2006-12-18,60.85,61.11,60.65,61.04,3880800.0,0.0031224322103532,42.0161,42.0261,41.3961,41.3961,4100.0,-0.0147562482000948
2006-12-19,61.2,61.83,61.18,61.8,4254900.0,0.0098039215686273,40.8761,41.5561,40.8761,41.5361,7100.0,0.0161463544711945
2006-12-20,61.64,61.8,61.45,61.62,2979300.0,-0.000324464633355,41.5761,41.7161,41.3561,41.4061,2100.0,-0.0040888876061004
2006-12-21,61.58,61.7,61.27,61.38,2483300.0,-0.0032478077297823,41.5061,41.5061,40.9961,40.9961,4400.0,-0.012287350534018
2006-12-22,61.45,61.8,61.32,61.65,1367400.0,0.0032546786004881,40.7561,40.7561,40.5761,40.6361,6400.0,-0.0029443445275677
2006-12-26,62.24,62.45,61.87,61.98,1975200.0,-0.0041773778920309,40.5461,40.6061,40.5261,40.5261,1800.0,-0.000493265690165
2006-12-27,62.3,62.46,62.17,62.22,3063500.0,-0.0012841091492776,40.9161,41.0761,40.9161,41.0761,5500.0,0.0039104411221987
2006-12-28,62.97,63.05,62.69,62.9,2538900.0,-0.0011116404637128,41.1661,41.1661,40.9561,41.0461,3500.0,-0.0029150198828647
2006-12-29,62.91,63.25,62.88,63.21,2117200.0,0.0047687172150692,40.9261,40.9261,40.6461,40.7561,2200.0,-0.0041538284859782
2007-01-03,63.58,64.02,62.0,62.28,8061900.0,-0.0204466813463352,40.9161,41.1261,40.1461,40.5061,17000.0,-0.0100205053756344
2007-01-04,62.07,62.5,61.52,61.65,4858600.0,-0.0067665538907685,40.2561,40.7361,40.2561,40.7261,3700.0,0.0116752492168888
2007-01-05,60.75,60.78,59.66,60.17,12500100.0,-0.0095473251028806,40.5061,40.5161,40.2661,40.3761,9200.0,-0.00320939315313
2007-01-08,60.38,60.54,59.85,60.48,3478700.0,0.0016561775422324,40.5061,40.8361,40.4161,40.6861,4900.0,0.0044437751351031
2007-01-09,60.14,61.09,60.06,60.85,4170400.0,0.0118057864981709,40.6761,40.7961,40.3761,40.7961,8900.0,0.0029501353374587
2007-01-10,60.46,60.82,60.06,60.59,3766000.0,0.0021501819384717,40.6461,41.1361,40.5761,41.1261,5600.0,0.0118092510720586
2007-01-11,60.7,61.07,60.53,60.63,4640000.0,-0.001153212520593,41.5761,41.7661,41.4961,41.6061,11900.0,0.0007215684010766
2007-01-12,61.0,62.28,60.9,62.17,5840200.0,0.0191803278688524,41.7561,42.0961,41.7561,42.0961,3000.0,0.0081425228888712
2007-01-16,62.2,62.3,61.74,61.97,3201000.0,-0.0036977491961415,42.3061,42.3161,42.0361,42.0861,26200.0,-0.0052001957164569
2007-01-17,61.97,62.9,61.97,62.64,4516200.0,0.0108116830724544,42.1561,42.3661,42.1161,42.1561,9600.0,0.0
2007-01-18,62.99,63.16,62.15,62.26,4460100.0,-0.0115891411335133,42.1261,42.1261,41.4761,41.6461,6500.0,-0.0113943612154935
2007-01-19,62.52,63.13,62.27,63.0,3258400.0,0.0076775431861803,41.5461,41.9661,41.5461,41.9661,9400.0,0.0101092521319689
2007-01-22,63.01,63.48,62.65,62.72,3941200.0,-0.0046024440564989,41.9361,41.9361,41.5761,41.6961,9000.0,-0.0057229928391052
2007-01-23,63.68,64.29,63.67,64.23,6322000.0,0.0086369346733669,41.7261,42.2561,41.7261,42.0961,4400.0,0.0088673516096639
2007-01-24,63.71,64.41,63.37,64.33,5241200.0,0.0097315962957149,42.2561,42.6061,42.1661,42.6061,10000.0,0.0082828278047428
2007-01-25,64.8,64.88,63.98,64.06,5985700.0,-0.0114197530864196,42.4461,42.6061,41.7061,42.6061,20300.0,0.0037694864781451
2007-01-26,64.16,64.31,63.76,64.17,3493900.0,0.0001558603491272,41.8561,41.9761,41.5561,41.8961,6700.0,0.000955655209157
2007-01-29,63.85,64.29,63.66,63.77,3487300.0,-0.0012529365700861,41.9861,42.2261,41.8961,41.9161,3000.0,-0.0016672184365778
2007-01-30,63.92,64.23,63.83,64.22,3094200.0,0.0046933667083854,42.0061,42.2761,41.9961,42.2761,4800.0,0.0064276378906872
2007-01-31,63.99,64.98,63.95,64.83,5900900.0,0.0131270511017345,42.1261,42.8761,42.1261,42.8661,3600.0,0.0175663068738858
2007-02-01,65.45,65.63,65.06,65.22,6284700.0,-0.0035141329258976,42.9761,43.2461,42.9761,43.1261,7000.0,0.0034903120571666
2007-02-02,64.76,64.8,63.8,64.28,9078500.0,-0.0074119827053737,43.3861,43.4961,43.2461,43.4761,3800.0,0.0020743970995319
2007-02-05,64.68,64.69,64.24,64.31,2553500.0,-0.0057204700061843,43.6461,43.6761,43.5061,43.5761,10700.0,-0.0016038088168244
2007-02-06,65.05,65.1,64.53,64.79,2928800.0,-0.0039969254419675,43.7961,43.7961,43.4661,43.7761,10300.0,-0.0004566616662214
2007-02-07,64.78,65.15,64.48,64.63,3075300.0,-0.0023155294844088,43.8961,44.1161,43.8161,43.9061,15200.0,0.0002278106711075
2007-02-08,64.92,65.61,64.83,65.52,4769900.0,0.009242144177449,43.9761,44.2061,43.8861,44.1161,17800.0,0.0031835474268978
2007-02-09,65.27,66.38,65.22,66.12,6816500.0,0.0130228282518769,44.3161,44.3161,43.2261,43.5761,23300.0,-0.0166982202856298
2007-02-12,66.0,66.11,65.41,65.67,4113500.0,-0.0049999999999999,43.4461,43.4461,43.0461,43.0961,10900.0,-0.008055958992867
2007-02-13,66.13,66.34,65.55,65.84,4143300.0,-0.0043853016785119,43.3961,43.4761,43.2661,43.4261,8000.0,0.0006913063616316
2007-02-14,66.23,66.66,65.97,66.37,4174600.0,0.0021138456892646,43.7961,44.2261,43.7961,44.1261,5200.0,0.0075349174926534
2007-02-15,66.22,66.53,65.71,66.41,7673400.0,0.0028692237994563,44.1761,44.4261,44.1761,44.3861,22100.0,0.004753701662211
2007-02-16,65.94,66.39,65.76,66.36,3200400.0,0.0063694267515923,44.3961,44.3961,44.2061,44.3661,18100.0,-0.0006757350307795
2007-02-20,66.1,66.1,65.0,65.31,4810700.0,-0.0119515885022691,44.3061,44.7561,44.1561,44.7161,15700.0,0.0092538047808314
2007-02-21,65.31,67.71,65.2,67.35,11076700.0,0.0312356453835552,44.6061,44.8661,44.4561,44.8561,35900.0,0.0056046146154898
2007-02-22,67.44,67.56,66.97,67.15,6562800.0,-0.0043001186239619,45.0261,45.1461,44.6661,44.9061,21100.0,-0.0026651208965466
2007-02-23,67.35,68.29,67.35,67.72,8126200.0,0.0054936896807721,44.9461,44.9461,44.8061,44.9161,30600.0,-0.0006674661427799
2007-02-26,67.97,68.23,67.63,68.1,5254200.0,0.0019126085037515,45.1361,45.1361,44.5161,44.6561,27200.0,-0.0106345032025362
2007-02-27,67.34,68.33,65.07,65.41,15208600.0,-0.0286605286605287,43.7661,43.8461,42.1461,42.5361,19600.0,-0.0281039434630913
2007-02-28,66.73,66.93,65.54,66.48,8924200.0,-0.0037464408811628,42.5461,43.0361,42.1061,42.7961,23300.0,0.005875979231939
2007-03-01,66.23,66.75,65.58,65.82,7108000.0,-0.0061905480899895,41.5161,42.7761,41.3161,42.4561,14500.0,0.022641818475242
2007-03-02,64.59,65.0,63.34,63.71,13732200.0,-0.0136244000619291,42.2861,42.4961,41.5661,41.5661,36800.0,-0.0170268717143458
2007-03-05,63.12,63.78,62.62,62.93,9829800.0,-0.0030101394169834,40.9161,41.5561,40.7161,40.7161,16700.0,-0.0048880514027486
2007-03-06,63.66,64.37,63.46,64.15,6992700.0,0.0076971410618914,41.4461,41.8761,41.2361,41.8361,19300.0,0.0094098117796366
2007-03-07,64.14,64.64,63.55,64.3,6131800.0,0.0024945431867788,41.6261,42.1261,41.6261,41.8061,9900.0,0.0043242100509055
2007-03-08,64.79,65.04,64.43,64.48,4285000.0,-0.0047846889952153,42.4961,42.6661,42.3061,42.3061,9500.0,-0.0044709985151578
2007-03-09,64.82,65.22,64.15,64.25,9025500.0,-0.0087935822277073,42.6661,42.6661,42.1961,42.4261,17200.0,-0.0056250747080235
2007-03-12,64.54,64.74,63.96,64.37,4558800.0,-0.0026340254105981,42.5061,42.8261,42.4361,42.6561,11200.0,0.0035289052630092
2007-03-13,64.29,64.69,63.57,63.72,4332100.0,-0.0088660755949604,42.4961,42.5861,41.6061,41.6061,8600.0,-0.0209430983078447
2007-03-14,63.34,64.06,63.09,63.94,7417000.0,0.0094726870855698,41.7561,41.9661,40.9161,41.8261,11200.0,0.001676401771238
2007-03-15,64.03,64.46,63.88,63.98,7037700.0,-0.0007808839606435,42.0061,42.3461,42.0061,42.2161,53400.0,0.0049992739149788
2007-03-16,64.54,64.99,64.38,64.62,5040100.0,0.0012395413696931,42.0861,42.3561,41.8761,42.0361,9600.0,-0.0011880407070268
2007-03-19,64.88,64.94,64.63,64.74,2990500.0,-0.002157829839704,42.5061,42.7961,42.3761,42.6761,6300.0,0.0039994259647437
2007-03-20,64.93,65.54,64.93,65.27,4416300.0,0.0052364084398581,42.8561,43.0261,42.7261,42.9761,7900.0,0.0028000681349913
2007-03-21,65.54,65.9,65.12,65.82,5059000.0,0.004272200183094,43.2261,44.1261,43.1061,43.9761,13600.0,0.017350628439762
2007-03-22,65.78,66.13,65.6,65.76,4719700.0,-0.0003040437823045,44.2161,44.2161,43.9261,44.1061,29800.0,-0.0024877815999149
2007-03-23,65.79,65.9,64.9,65.15,5593000.0,-0.0097279221766225,44.4261,44.4261,44.1861,44.3361,12200.0,-0.0020258361638765
2007-03-26,65.36,65.97,65.36,65.84,3928800.0,0.00734394124847,44.4861,44.4861,43.7361,44.1961,19500.0,-0.0065188901701879
2007-03-27,65.88,65.97,65.5,65.7,3261700.0,-0.0027322404371583,43.9661,43.9961,43.8261,43.9961,20900.0,0.000682343896775
2007-03-28,66.14,66.48,65.77,66.05,6310000.0,-0.0013607499244028,43.6661,43.6661,43.3161,43.4261,13600.0,-0.0054962545315474
2007-03-29,65.97,66.0,64.93,65.65,5448300.0,-0.0048506897074426,43.8361,43.8361,43.1561,43.4461,8000.0,-0.0088967768574303
2007-03-30,65.74,66.21,65.49,65.74,4290200.0,0.0,43.6361,43.7761,43.2361,43.3961,13100.0,-0.0055000332293674
2007-04-02,65.74,66.14,65.03,65.85,5378100.0,0.0016732582902342,43.6161,43.7961,43.4361,43.7961,4700.0,0.0041269164368203
2007-04-03,65.67,66.22,65.65,65.83,4141700.0,0.0024364245469772,44.0861,44.3161,44.0361,44.2961,3400.0,0.0047634061529597
2007-04-04,66.09,66.98,66.0,66.81,7126100.0,0.0108942351339082,44.3061,44.4061,44.1461,44.4061,15700.0,0.0022570255563004
2007-04-05,66.7,66.96,66.59,66.86,3592700.0,0.0023988005997,44.4261,44.6761,44.3761,44.6661,26200.0,0.0054022297703377
2007-04-09,66.88,67.2,66.46,66.53,3297300.0,-0.0052332535885166,44.8861,44.8961,44.6161,44.7461,15200.0,-0.0031190056609952
2007-04-10,67.16,67.55,66.98,67.16,2741900.0,0.0,44.6661,44.9161,44.6661,44.8861,6200.0,0.0049254356211981
2007-04-11,67.26,67.5,66.81,67.08,4357100.0,-0.0026761819803747,44.9661,44.9661,44.4061,44.4861,11000.0,-0.0106747082802377
2007-04-12,67.06,67.25,66.48,66.99,6021900.0,-0.001043841336117,44.3861,45.0861,44.3861,45.0861,7800.0,0.0157707029903506
2007-04-13,67.49,67.97,67.19,67.84,5062700.0,0.0051859534745889,45.2161,45.2361,44.8661,45.2061,10000.0,-0.0002211601619776
2007-04-16,68.14,68.5,67.68,68.4,7912300.0,0.0038156736131494,45.5561,45.7261,45.4261,45.6761,6200.0,0.0026341148605784
2007-04-17,68.31,68.48,67.98,68.0,4159000.0,-0.0045381349729176,45.8661,45.8861,45.5761,45.7161,30200.0,-0.0032703892417276
2007-04-18,68.1,68.45,67.95,68.38,4933500.0,0.0041116005873715,45.6661,45.7861,45.3761,45.7061,3500.0,0.00087592327788
2007-04-19,68.0,68.04,67.25,67.53,5344600.0,-0.0069117647058823,45.2561,45.5961,45.1061,45.4261,6500.0,0.0037563996897654
2007-04-20,68.58,68.73,68.35,68.7,3358100.0,0.0017497812773403,46.1961,46.1961,45.7361,45.8361,7000.0,-0.0077928656315143
2007-04-23,68.41,68.65,68.04,68.26,2487500.0,-0.0021926618915362,46.0161,46.3161,46.0161,46.2361,25400.0,0.0047809353682732
2007-04-24,68.45,68.5,67.43,67.73,5073700.0,-0.0105186267348429,46.4461,46.4461,45.9661,46.2361,11300.0,-0.0045213699320287
2007-04-25,67.85,68.06,67.66,67.89,2614100.0,0.0005895357406043,46.7161,46.8861,46.1861,46.7661,12000.0,0.0010702948234121
2007-04-26,67.43,67.43,66.5,66.87,4668000.0,-0.0083049087943052,46.9061,46.9761,46.5861,46.8861,22200.0,-0.0004263837752446
2007-04-27,66.84,67.57,66.84,67.56,5231700.0,0.0107719928186714,46.8361,46.8361,46.6161,46.7661,8600.0,-0.0014945736301698
2007-04-30,67.2,67.52,67.04,67.09,2605400.0,-0.0016369047619047,46.9061,46.9061,45.9761,45.9761,20400.0,-0.0198268455488731
2007-05-01,66.98,67.0,66.54,66.69,3946300.0,-0.0043296506419827,45.9661,46.0461,45.4361,45.9861,32900.0,0.0004351032608814
2007-05-02,66.34,66.75,66.11,66.66,4499300.0,0.0048236358154958,46.1661,46.8961,46.1661,46.8161,12800.0,0.0140795952008074
2007-05-03,66.87,67.62,66.68,67.49,3936200.0,0.0092717212501867,46.9161,47.0361,46.7261,46.9761,269400.0,0.0012788786791741
2007-05-04,67.74,68.43,67.74,68.19,3313800.0,0.0066430469441984,47.0661,47.2961,47.0161,47.1961,9200.0,0.0027620729144756
2007-05-07,68.42,68.46,68.02,68.25,1995100.0,-0.0024846536100555,47.4661,47.4661,47.1861,47.2361,51200.0,-0.0048455634652941
2007-05-08,67.95,68.02,67.53,67.88,2475300.0,-0.0010301692420898,47.0461,47.2061,46.6661,47.1761,12200.0,0.002763247112938
2007-05-09,67.81,67.84,66.92,67.45,4647500.0,-0.0053089514820822,47.2161,47.8061,47.1461,47.7561,55900.0,0.0114367768621297
2007-05-10,67.04,67.11,65.8,66.0,5536000.0,-0.0155131264916468,47.5161,47.5961,46.7661,46.8761,38100.0,-0.0134691188881242
2007-05-11,66.13,66.66,66.13,66.45,2937300.0,0.0048389535762892,47.1661,47.4461,46.8961,47.4361,18000.0,0.0057244503997575
2007-05-14,66.63,66.65,66.0,66.28,3597600.0,-0.0052528890889988,47.6161,47.6161,46.9561,47.2061,32100.0,-0.0086105329919922
2007-05-15,65.89,66.73,65.88,66.54,2566600.0,0.0098649263924723,47.0161,47.4661,46.8161,46.8361,20800.0,-0.0038284757774464
2007-05-16,66.37,66.37,65.32,65.6,7268500.0,-0.0116016272412235,47.0661,47.1061,46.6361,47.0661,15300.0,0.0
2007-05-17,65.44,65.6,64.72,65.06,8707000.0,-0.0058068459657701,47.0661,47.3661,46.8661,47.1561,11400.0,0.0019122043254062
2007-05-18,65.07,65.67,64.85,65.52,3158200.0,0.0069156293222683,47.4161,47.6661,47.2261,47.5661,14100.0,0.0031634824458358
2007-05-21,65.29,65.76,65.06,65.67,10954300.0,0.0058201868586306,47.6961,48.1861,47.6661,48.0361,25700.0,0.0071284654300874
2007-05-22,65.7,65.82,65.16,65.2,5886700.0,-0.0076103500761035,48.0161,48.1261,47.8461,47.9661,13300.0,-0.0010413173914583
2007-05-23,65.52,65.89,65.45,65.54,6441800.0,0.0003052503052504,48.2961,48.3761,47.8761,47.8761,37500.0,-0.008696354364017
2007-05-24,65.46,65.46,64.52,64.75,6228000.0,-0.0108463183623585,48.0461,48.1261,47.0061,47.1161,23800.0,-0.019356409781439
2007-05-25,64.96,65.08,64.73,64.94,4217600.0,-0.0003078817733989,47.3661,47.5761,47.3061,47.5061,26800.0,0.0029557003848744
2007-05-29,65.12,65.57,64.94,65.07,3343100.0,-0.0007678132678134,47.7361,48.0261,47.6161,47.7961,13900.0,0.0012569103885738
2007-05-30,64.86,64.86,64.6,64.72,2742800.0,-0.0021584952204748,47.5061,48.5761,47.5061,48.5761,25500.0,0.0225234233077434
2007-05-31,65.16,65.58,65.07,65.54,7530700.0,0.0058317986494783,48.9661,49.1061,48.8061,49.0461,10200.0,0.0016337833725782
2007-06-01,65.7,66.54,65.7,66.44,5634800.0,0.0112633181126331,49.3561,49.4761,49.1761,49.2661,15800.0,-0.0018234828116483
2007-06-04,66.61,66.76,66.3,66.54,2626300.0,-0.0010508932592702,49.2061,49.5861,49.1661,49.5561,17900.0,0.007112939249402
2007-06-05,66.7,66.7,66.23,66.37,3728100.0,-0.0049475262368815,49.4661,49.4861,49.0761,49.3561,20300.0,-0.0022237451507193
2007-06-06,66.11,66.55,65.88,66.41,3596600.0,0.0045378913931326,49.1161,49.1161,48.3761,48.6161,14100.0,-0.0101799613568666
2007-06-07,66.27,66.4,65.16,65.26,6394300.0,-0.0152406820582464,48.2161,48.5261,47.3161,47.3161,37000.0,-0.0186659642733443
2007-06-08,64.88,65.02,63.74,64.22,7313100.0,-0.0101726263871762,47.1961,48.0461,47.0561,48.0361,22500.0,0.0177980807736231
2007-06-11,64.34,64.87,64.34,64.7,4606600.0,0.0055952751010257,48.0661,48.4061,47.8461,48.2661,7700.0,0.0041609367100722
2007-06-12,64.52,64.53,63.91,64.1,4073200.0,-0.0065096094234346,47.9161,48.1761,47.5861,47.5861,10200.0,-0.0068870379684489
2007-06-13,63.95,64.65,63.9,64.53,2803300.0,0.0090695856137607,48.0061,48.4061,47.8261,48.4061,10400.0,0.0083322744401232
2007-06-14,64.16,64.8,63.95,64.6,2765400.0,0.0068578553615959,48.7661,49.0261,48.7661,48.9961,21700.0,0.0047163910995547
2007-06-15,64.43,64.94,64.4,64.85,3032900.0,0.0065187024677943,49.6961,49.6961,49.4061,49.4461,37300.0,-0.0050305758399552
2007-06-18,65.19,65.25,64.82,64.95,1791000.0,-0.0036815462494246,49.6661,49.6661,49.2661,49.3361,26400.0,-0.0066443711102743
2007-06-19,64.79,65.56,64.75,65.48,2700900.0,0.0106497916345114,49.2361,49.4461,48.9361,49.3061,17900.0,0.001421721054267
2007-06-20,65.42,65.51,64.6,64.71,2591600.0,-0.0108529501681444,49.5561,49.5761,48.7761,48.7761,12200.0,-0.0157397373885354
2007-06-21,64.73,65.02,64.13,64.56,2709200.0,-0.0026262938359339,48.7661,49.2561,48.4461,49.1461,21000.0,0.0077922983383948
2007-06-22,64.9,64.98,64.43,64.78,1890800.0,-0.001848998459168,49.1661,49.1661,48.5161,48.8161,35700.0,-0.0071187261141315
2007-06-25,64.48,64.74,64.22,64.43,3424900.0,-0.0007754342431761,48.8061,48.8861,47.9761,48.2161,22700.0,-0.0120886528528196
2007-06-26,64.2,64.25,63.39,63.62,8276400.0,-0.0090342679127726,48.5261,48.5261,47.6261,47.6261,30400.0,-0.0185467202186039
2007-06-27,63.54,63.89,63.43,63.67,4689400.0,0.0020459553037457,47.3661,48.5161,47.3561,48.5161,21700.0,0.0242789674471826
2007-06-28,63.98,64.38,63.91,64.26,4231700.0,0.0043763676148797,48.8661,48.8661,48.5461,48.5661,26400.0,-0.0061392253525451
2007-06-29,64.29,64.64,64.15,64.27,2756400.0,-0.0003110903717531,48.7661,49.0661,48.2361,48.6061,15100.0,-0.0032809677214295
2007-07-02,64.51,65.23,64.51,65.02,2706200.0,0.0079057510463492,48.9061,49.3161,48.8961,49.3161,45500.0,0.0083834122941718
2007-07-03,65.06,65.06,64.58,64.74,1835300.0,-0.0049185367353213,49.4661,49.5761,49.4461,49.5561,14100.0,0.0018194278505886
2007-07-05,64.99,65.0,63.92,64.42,4333200.0,-0.0087705800892443,49.7661,49.9661,49.5461,49.9661,18900.0,0.0040187999461479
2007-07-06,64.18,64.97,63.88,64.96,8080700.0,0.0121533187909003,50.0761,50.5561,49.9261,50.5161,17100.0,0.0087866267540803
2007-07-09,65.0,65.68,64.99,65.38,5280800.0,0.0058461538461537,50.7161,50.8461,50.3761,50.6761,20400.0,-0.0007887041787518
2007-07-10,65.7,65.86,65.36,65.61,4016200.0,-0.0013698630136986,50.4461,50.5161,49.9361,49.9561,20400.0,-0.0097133376019157
2007-07-11,65.82,65.82,65.34,65.44,3647000.0,-0.0057733211789728,50.0361,50.3861,49.8161,50.3861,27100.0,0.0069949496463553
2007-07-12,65.89,66.29,65.45,66.02,5870600.0,0.0019729852784943,50.8261,51.4261,50.8061,51.3661,14600.0,0.0106244626284528
2007-07-13,66.08,66.23,65.67,66.03,3817800.0,-0.0007566585956416,51.3761,51.7061,51.3661,51.6661,15800.0,0.0056446479978044
2007-07-16,66.19,66.19,65.67,65.82,4579600.0,-0.0055899682731531,51.5861,51.7661,51.2461,51.4161,16900.0,-0.0032954613742849
2007-07-17,65.66,66.08,65.65,65.75,1878600.0,0.0013706975327444,51.7161,51.7161,51.2761,51.4761,21300.0,-0.0046407211680694
2007-07-18,66.11,66.8,65.9,66.62,5238700.0,0.0077144153683255,51.1861,51.3461,50.9161,51.3461,13700.0,0.0031258486190586
2007-07-19,66.7,67.12,66.61,67.01,4607900.0,0.004647676161919,51.8461,51.8961,51.5161,51.6861,32900.0,-0.0030860566175661
2007-07-20,67.13,68.0,67.12,67.58,5408600.0,0.0067034112915239,51.7561,51.7561,50.8961,51.0961,15500.0,-0.0127521200399567
2007-07-23,67.8,67.8,67.31,67.47,3892400.0,-0.0048672566371681,51.3461,51.5361,51.1261,51.1761,15600.0,-0.003310864895289
2007-07-24,67.72,68.0,67.3,67.47,3763000.0,-0.0036916715888954,50.7561,50.8961,49.5761,49.8461,43000.0,-0.0179288794844364
2007-07-25,67.19,67.22,66.35,66.9,7530500.0,-0.0043161184700103,50.1761,50.2161,48.9761,49.4361,289300.0,-0.0147480573420412
2007-07-26,66.46,66.8,64.73,65.65,10704100.0,-0.012187782124586,48.3361,48.5561,46.9161,47.7961,120600.0,-0.0111717743053328
2007-07-27,65.28,65.61,64.97,65.41,5341900.0,0.0019914215686273,47.5561,48.1261,46.7561,46.7561,46000.0,-0.0168222373155073
2007-07-30,65.37,65.92,65.07,65.77,3046800.0,0.0061190148386108,47.3361,48.0561,47.0161,47.8361,45800.0,0.0105627628807611
2007-07-31,66.18,66.39,65.12,65.79,4006500.0,-0.0058930190389845,48.7161,48.7261,47.0461,47.0461,47900.0,-0.0342802482136294
2007-08-01,65.5,66.06,65.38,65.93,6364400.0,0.0065648854961833,47.4461,47.8061,46.2361,47.3361,78300.0,-0.0023184202705807
2007-08-02,65.96,66.01,65.55,65.89,5331500.0,-0.0010612492419647,47.9061,47.9561,47.3161,47.9561,39000.0,0.0010437084212657
2007-08-03,65.85,66.92,65.85,66.69,10736000.0,0.0127562642369021,47.9161,47.9161,46.3961,46.4261,19400.0,-0.0310960199181486
2007-08-06,66.66,66.67,66.21,66.52,2973200.0,-0.0021002100210021,45.9961,46.9061,45.5761,46.7461,62200.0,0.0163057302684358
2007-08-07,66.09,66.58,65.91,66.48,4147200.0,0.005901044030867,46.7561,47.8761,46.7561,47.8661,20300.0,0.023740217853927
2007-08-08,66.73,67.54,66.18,66.77,4252100.0,0.0005994305409859,48.0561,49.0561,47.9461,48.6261,49500.0,0.0118611372957855
2007-08-09,65.95,65.95,65.24,65.46,9407200.0,-0.0074298711144808,47.3161,48.3261,46.7361,46.8861,77600.0,-0.0090878157751801
2007-08-10,65.44,66.96,65.44,66.57,8831700.0,0.0172677261613691,45.8661,47.2361,45.5061,46.8861,50200.0,0.0222386468437472
2007-08-13,66.45,66.52,66.18,66.26,3644000.0,-0.0028592927012791,47.7361,47.7361,47.0161,47.1361,192400.0,-0.0125691038857384
2007-08-14,66.25,66.5,65.95,66.29,4749600.0,0.0006037735849057,47.0961,47.2461,45.8761,45.8761,106600.0,-0.0259044804134524
2007-08-15,65.78,66.43,65.57,66.13,5886400.0,0.0053207661903313,45.6461,45.9761,44.3161,44.5061,32400.0,-0.0249747514026388
2007-08-16,65.49,65.81,63.47,64.68,18367500.0,-0.0123683005038935,43.8361,43.8561,41.7361,43.5761,67700.0,-0.0059311845716203
2007-08-17,64.56,65.73,64.56,65.01,6374300.0,0.0069702602230483,45.4961,45.6661,43.8161,45.0961,34900.0,-0.0087919623879848
2007-08-20,65.06,65.4,64.78,65.12,4475200.0,0.0009222256378727,45.3661,45.6461,44.8361,45.5861,41900.0,0.0048494360326322
2007-08-21,65.18,65.3,64.73,65.07,4478600.0,-0.0016876342436332,45.4661,45.9861,45.3861,45.8561,16300.0,0.0085778195182784
2007-08-22,65.22,65.53,65.17,65.4,4251100.0,0.0027598896044159,46.7461,46.9961,46.4861,46.8661,39400.0,0.0025670590701685
2007-08-23,65.64,65.8,65.13,65.31,3027400.0,-0.0050274223034734,47.1761,47.1761,46.4761,46.7161,23600.0,-0.0097507000366711
2007-08-24,65.42,66.21,65.31,66.11,3648300.0,0.0105472332619993,46.6861,47.6761,46.6861,47.6761,13400.0,0.0212054551568881
2007-08-27,66.01,66.05,65.86,65.98,1865700.0,-0.0004544765944554,47.5861,47.6161,47.0261,47.2161,1990100.0,-0.0077753797852735
2007-08-28,65.95,66.1,65.48,65.59,3473100.0,-0.0054586808188021,46.8861,46.8861,45.6261,45.6561,35200.0,-0.0262337878390396
2007-08-29,65.89,66.2,65.73,66.07,4469800.0,0.0027318257702229,45.9661,46.9661,45.9661,46.9461,17100.0,0.0213200597831881
2007-08-30,65.87,66.1,65.63,65.8,3027700.0,-0.0010626992561106,46.5561,47.1861,46.5261,46.9661,7300.0,0.0088065795889259
2007-08-31,66.61,66.77,66.46,66.52,4089900.0,-0.0013511484762048,47.4961,48.0661,47.4361,47.7461,24000.0,0.0052635900631841
2007-09-04,66.74,67.66,66.59,67.44,6640300.0,0.0104884626910399,47.7061,48.9161,47.7061,48.6361,58200.0,0.0194943623561766
2007-09-05,67.35,67.62,67.18,67.56,6268300.0,0.0031180400890869,48.0661,48.3361,47.7361,48.1661,36200.0,0.0020804683550361
2007-09-06,67.92,69.08,67.89,68.86,15880800.0,0.0138398115429917,48.3261,48.4561,47.8461,48.3261,16600.0,0.0
2007-09-07,69.26,70.0,69.0,69.39,14960000.0,0.0018769852728847,47.2861,47.5161,46.9161,47.1261,66700.0,-0.0033836581997668
2007-09-10,69.96,69.96,68.73,69.62,7598500.0,-0.0048599199542594,47.4861,47.5661,46.1761,46.9561,44000.0,-0.011161160844963
2007-09-11,69.86,70.7,69.52,70.52,11182400.0,0.0094474663612939,47.0461,47.6561,46.9961,47.6261,14600.0,0.0123283332731086
2007-09-12,70.5,70.63,69.83,70.46,8032800.0,-0.0005673758865249,47.5261,47.9461,47.4861,47.5261,22900.0,0.0
2007-09-13,70.07,70.26,69.61,70.08,4612400.0,0.0001427144284287,47.7561,48.0461,47.6461,47.6861,29700.0,-0.0014657813347404
2007-09-14,69.9,70.97,69.86,69.99,7733200.0,0.0012875536480685,47.1861,47.9261,47.1861,47.8761,40200.0,0.0146229504027668
2007-09-17,70.4,71.24,70.35,70.97,7457800.0,0.0080965909090908,47.8161,47.8161,47.2261,47.3261,31200.0,-0.0102475944294913
2007-09-18,71.2,72.0,70.4,71.7,14253100.0,0.0070224719101123,47.8361,49.2761,47.5261,49.1861,38200.0,0.0282213641998407
2007-09-19,71.74,71.8,71.25,71.43,10937800.0,-0.004321159743518,49.7661,50.1561,49.3061,49.5761,375600.0,-0.0038178599488407
2007-09-20,72.15,73.1,71.95,72.72,11945000.0,0.0079002079002078,49.5461,49.5761,49.0761,49.2461,19100.0,-0.0060549669903383
2007-09-21,72.65,73.0,71.47,72.34,9937400.0,-0.004267033723331,49.5461,49.8061,49.4261,49.4661,47400.0,-0.0016146578640903
2007-09-24,72.57,72.63,71.82,72.28,6475100.0,-0.0039961416563317,49.5761,49.6561,49.0661,49.2661,38900.0,-0.0062530130445919
2007-09-25,71.82,72.59,71.64,72.33,5503500.0,0.0071010860484545,48.9461,49.3961,48.6761,49.3961,32500.0,0.0091937866346858
2007-09-26,72.25,72.93,71.85,72.0,9418300.0,-0.0034602076124567,49.6761,49.8761,49.5261,49.7861,49200.0,0.0022143445238253
2007-09-27,72.65,72.8,72.17,72.7,5728200.0,0.0006882312456985,50.1461,50.3661,49.9761,50.3261,22800.0,0.0035895114475502
2007-09-28,73.19,73.8,72.74,73.51,8837600.0,0.0043721819920755,50.3361,50.5661,50.0361,50.1161,29200.0,-0.004370620687737
2007-10-01,73.49,73.98,73.29,73.9,4823700.0,0.0055789903388217,50.2361,51.0861,50.2361,51.0361,38400.0,0.0159248030798568
2007-10-02,72.45,72.68,71.63,72.35,10720000.0,-0.0013802622498275,51.2161,51.3061,50.9161,51.2961,16000.0,0.0015620088214449
2007-10-03,72.25,72.65,71.35,71.9,8186000.0,-0.0048442906574393,50.9861,51.1961,50.7961,50.8861,18600.0,-0.0019613188692604
2007-10-04,71.8,73.06,71.24,72.87,9178500.0,0.0149025069637884,50.9061,50.9761,50.6561,50.9261,19500.0,0.0003928802245702
2007-10-05,72.8,73.64,71.88,73.4,10597200.0,0.0082417582417583,51.4161,52.0161,51.2461,51.8361,31100.0,0.0081686475637008
2007-10-08,72.66,72.89,72.28,72.53,3447600.0,-0.0017891549683456,51.7261,51.8361,51.4761,51.6261,34000.0,-0.0019332599983374
2007-10-09,72.29,73.3,72.1,73.09,7416100.0,0.0110665375570617,51.8161,52.2061,51.6561,52.2061,17700.0,0.00752661817466
2007-10-10,73.6,73.82,72.63,73.36,4615000.0,-0.0032608695652173,52.1961,52.3761,51.8761,52.3261,27900.0,0.0024906075358119
2007-10-11,73.98,74.59,73.28,73.91,10291400.0,-0.0009462016761287,52.7661,52.7961,51.2861,51.6561,38900.0,-0.0210362334908208
2007-10-12,73.93,74.59,73.75,74.59,3604200.0,0.0089273637224401,51.7361,52.1661,51.6461,52.1561,96400.0,0.0081181225488585
2007-10-15,74.99,75.2,74.49,75.14,6705300.0,0.002000266702227,52.3061,52.5561,51.3161,51.6561,24400.0,-0.0124268488761348
2007-10-16,74.87,75.45,73.78,75.12,6622900.0,0.003339121143315,51.5061,51.5061,51.0961,51.1661,24800.0,-0.0066011598626182
2007-10-17,75.31,75.66,74.31,74.5,9355300.0,-0.0107555437524897,51.7061,51.7061,50.6961,51.4261,36200.0,-0.0054152218016829
2007-10-18,75.38,76.0,75.33,76.0,5646900.0,0.0082249933669408,51.1461,51.6861,50.9461,51.6061,21600.0,0.008993843127824
2007-10-19,76.09,76.29,74.54,75.7,9507800.0,-0.0051255092653436,51.3461,51.3461,49.4961,49.4961,55200.0,-0.0360300003310865
2007-10-22,74.09,74.77,73.84,74.6,8636500.0,0.0068835200431905,49.0861,50.2561,49.0161,50.2061,49200.0,0.0228170500406428
2007-10-23,75.11,75.26,74.63,75.23,3096400.0,0.0015976567700706,50.5161,50.8861,50.0361,50.8861,33800.0,0.0073243975682999
2007-10-24,74.84,75.59,74.79,75.52,5660600.0,0.0090860502405129,50.4561,50.7361,49.5061,50.7361,62200.0,0.0055493785686963
2007-10-25,75.94,76.17,75.66,76.03,6487800.0,0.0011851461680274,50.8261,50.9561,50.0561,50.8761,58500.0,0.0009837465396716
2007-10-26,76.87,77.74,76.67,77.69,8544200.0,0.0106673604787302,51.2261,51.4861,50.8161,51.2161,38500.0,-0.0001952129871297
2007-10-29,78.27,78.32,77.65,78.12,6881000.0,-0.0019164430816403,51.6261,51.7661,51.3861,51.4761,26500.0,-0.0029055070981538
2007-10-30,77.66,77.66,77.01,77.35,5608600.0,-0.003991758949266,51.4261,51.5961,51.1361,51.1461,30100.0,-0.0054447060928205
2007-10-31,77.78,78.95,76.89,78.62,8872900.0,0.0107996914373875,51.4361,52.0961,51.1061,52.0161,37500.0,0.0112761270780638
2007-11-01,78.4,78.9,77.5,77.93,7545500.0,-0.0059948979591836,51.5161,51.6361,50.7361,50.7361,43500.0,-0.0151408976999423
2007-11-02,78.55,79.9,77.48,79.83,9911400.0,0.0162953532781667,51.0661,51.1961,50.3161,51.0461,38100.0,-0.0003916492545934
2007-11-05,79.68,80.24,79.11,79.75,5025300.0,0.0008785140562248,50.4661,50.6861,49.8561,50.4661,32700.0,0.0
2007-11-06,81.03,81.52,80.7,81.43,7692500.0,0.0049364432926077,51.5761,51.5761,50.3061,51.2061,22800.0,-0.007173865414407
2007-11-07,83.21,83.24,81.33,82.24,16512900.0,-0.0116572527340463,53.7661,53.7661,49.6661,49.6961,35500.0,-0.07569825596426
2007-11-08,82.43,83.63,81.73,82.23,17356200.0,-0.002426301103967,50.0861,50.0861,48.3761,49.5561,111700.0,-0.0105817781779775
2007-11-09,81.79,82.63,81.22,82.18,6947800.0,0.0047683090842401,48.6961,49.1661,48.2361,48.4261,41400.0,-0.0055445918666998
2007-11-12,80.41,80.44,78.25,78.3,17297000.0,-0.0262405173485884,47.5361,48.2161,46.7561,46.7961,38600.0,-0.0155671163599873
2007-11-13,79.4,79.93,77.86,79.12,11438200.0,-0.0035264483627204,47.8261,48.5361,47.4061,48.5061,17500.0,0.014218177940497
2007-11-14,80.21,80.68,79.91,80.28,5703700.0,0.0008727091385114,48.7561,49.1061,48.3561,48.4061,19500.0,-0.0071785889355383
2007-11-15,79.18,79.5,77.3,77.95,10908200.0,-0.0155342258145996,48.6561,48.6561,47.2361,47.4861,27700.0,-0.0240463169057939
2007-11-16,78.34,78.85,77.17,77.75,8078000.0,-0.0075312739341333,47.9961,47.9961,47.0961,47.9261,28300.0,-0.0014584518325447
2007-11-19,77.84,78.0,76.11,77.24,6088600.0,-0.0077081192189106,47.9261,47.9261,46.4661,46.6961,27800.0,-0.0256645126559431
2007-11-20,78.03,80.04,77.3,79.47,12081600.0,0.0184544405997692,47.0361,47.5661,45.8861,46.6961,27100.0,-0.0072284904573295
2007-11-21,79.3,79.55,78.56,79.36,7264100.0,0.0007566204287516,47.7361,47.7361,45.5061,45.8961,31800.0,-0.0385452519162647
2007-11-23,80.04,81.61,80.02,81.25,5259700.0,0.0151174412793602,46.5661,46.7761,46.0361,46.6361,6300.0,0.0015032394810817
2007-11-26,82.25,82.25,81.13,81.3,7440200.0,-0.0115501519756839,47.2161,47.3361,45.8061,45.8061,21400.0,-0.0298626951400051
2007-11-27,80.7,80.89,79.81,80.1,7229900.0,-0.0074349442379183,46.7261,46.7261,45.8961,46.6861,32600.0,-0.0008560526129935
2007-11-28,79.42,79.87,78.76,79.57,9706700.0,0.0018886930244269,47.7261,48.9061,47.7261,48.9061,20600.0,0.0247244170380567
2007-11-29,79.28,79.33,78.28,78.28,9306700.0,-0.0126135216952573,48.5661,49.0461,48.3561,48.7261,45900.0,0.0032944790707922
2007-11-30,78.35,78.6,76.98,77.32,9509100.0,-0.0131461391193363,49.9061,49.9061,48.8161,49.1461,52600.0,-0.0152285993095033
2007-12-03,77.39,78.3,77.3,78.28,6265700.0,0.0115001938234914,50.8961,52.2061,49.0461,49.0961,95700.0,-0.0353661675452539
2007-12-04,78.63,79.62,78.57,79.4,7721900.0,0.0097926999872823,49.4261,49.4261,48.5161,48.7361,67400.0,-0.0139602355840334
2007-12-05,79.25,79.25,78.19,78.63,7685300.0,-0.0078233438485805,49.6561,49.7261,49.2261,49.6461,34500.0,-0.0002013851269029
2007-12-06,77.92,79.65,77.8,79.37,6840200.0,0.0186088295687885,49.7761,50.7661,49.3861,50.7061,141700.0,0.0186836654539025
2007-12-07,79.01,79.6,78.19,78.6,8328500.0,-0.0051892165548666,51.0261,51.2361,50.6961,51.1661,51600.0,0.002743693913507
2007-12-10,79.15,80.3,79.13,80.0,4850900.0,0.010739102969046,51.5561,51.6661,51.2361,51.5961,84600.0,0.000775853875681
2007-12-11,79.75,80.46,78.68,78.84,9579200.0,-0.0114106583072099,51.8661,51.8661,49.6361,49.6961,46800.0,-0.0418385033769649
2007-12-12,80.05,80.92,79.94,80.49,9702500.0,0.0054965646470955,51.4461,51.4461,49.5761,50.1661,44600.0,-0.0248804088162173
2007-12-13,79.59,79.62,78.3,78.5,9552200.0,-0.013695187837668,49.6161,50.1661,49.3961,50.1061,31900.0,0.0098758265966086
2007-12-14,78.41,78.57,77.82,78.52,6827000.0,0.0014028822854227,49.3261,50.0961,49.3261,49.4861,42000.0,0.00324371884256
2007-12-17,78.13,78.79,77.81,78.13,6495900.0,0.0,49.4561,49.4561,48.1661,48.2261,51300.0,-0.0248705417531911
2007-12-18,79.59,79.59,78.82,79.25,6757700.0,-0.0042718934539515,48.5261,48.8561,47.8161,48.6261,44900.0,0.002060746690956
2007-12-19,79.23,79.57,78.98,79.24,5638500.0,0.0001262148176194,49.3661,49.3661,48.6361,48.9361,60400.0,-0.0087104308422176
2007-12-20,78.91,79.11,78.36,78.67,6345600.0,-0.0030414396147509,49.1461,49.7361,48.8161,49.7361,20900.0,0.0120050217616454
2007-12-21,80.16,80.32,79.92,80.1,4603300.0,-0.000748502994012,50.0161,50.6661,50.0161,50.5761,43800.0,0.0111963947608868
2007-12-24,80.21,80.63,80.14,80.14,2863500.0,-0.0008727091385113,51.5861,51.5861,50.7661,51.2461,32800.0,-0.0065909227485699
2007-12-26,81.06,81.67,81.0,81.52,5896700.0,0.0056748087836169,51.3761,51.4261,50.9561,51.4161,35100.0,0.0007785721376281
2007-12-27,81.88,82.17,81.37,81.56,5050300.0,-0.0039081582804102,51.0561,51.2261,50.3561,50.4061,34000.0,-0.012731093835996
2007-12-28,82.38,83.02,82.35,83.0,5134700.0,0.0075260985676135,50.8061,50.8061,50.2361,50.5361,43000.0,-0.0053143224927715
2007-12-31,82.74,82.83,81.98,82.46,3815600.0,-0.0033840947546531,50.3661,50.5261,49.9161,50.1161,28500.0,-0.0049636561099628
2008-01-02,83.56,85.14,83.44,84.86,12291100.0,0.0155576831019626,50.2561,50.3861,49.1061,49.3761,101700.0,-0.0175103121810089
2008-01-03,84.87,85.94,84.6,85.57,9553900.0,0.008247908566042,49.4561,49.7761,49.1161,49.3961,54700.0,-0.0012131971586923
2008-01-04,85.34,85.55,84.43,85.13,8402200.0,-0.0024607452542771,48.8561,48.8561,47.0461,47.3661,75100.0,-0.0304977269982662
2008-01-07,85.24,85.26,84.57,84.77,6944300.0,-0.0055138432660722,47.3361,47.6761,46.1961,46.7461,123000.0,-0.0124640601992982
2008-01-08,86.28,87.13,86.16,86.78,9567900.0,0.0057950857672693,46.8761,47.2861,45.3161,45.3361,109900.0,-0.0328525623932024
2008-01-09,86.56,87.2,86.3,86.55,10080200.0,-0.0001155268022181,45.6461,45.6661,44.1161,45.6661,129800.0,0.0004381535333797
2008-01-10,86.42,88.46,86.41,88.25,12916300.0,0.0211756537838463,45.1461,46.5761,44.8461,46.0161,93400.0,0.0192707675746078
2008-01-11,88.04,88.76,87.85,88.58,6978800.0,0.0061335756474328,45.9461,45.9461,44.9561,45.2361,66500.0,-0.0154528893638415
2008-01-14,89.45,89.94,89.0,89.54,10085000.0,0.001006148686417,45.4761,46.0961,45.3961,46.0561,120300.0,0.0127539520759255
2008-01-15,89.6,90.35,87.91,87.99,23853900.0,-0.0179687499999999,45.3561,45.3961,44.0861,44.2261,102200.0,-0.0249139586516476
2008-01-16,88.17,88.66,86.32,86.7,26919000.0,-0.016672337529772,44.0061,44.2761,42.6861,43.6261,109200.0,-0.0086351664882823
2008-01-17,87.5,87.98,86.47,86.5,13592300.0,-0.0114285714285714,43.5761,43.9461,41.3861,41.4961,130100.0,-0.0477325873586667
2008-01-18,87.17,87.46,86.51,87.42,9094500.0,0.0028679591602615,41.8861,42.4161,40.8661,41.6161,188200.0,-0.0064460525090661
2008-01-22,86.14,88.44,85.77,88.17,20679600.0,0.0235662874390527,39.1861,41.4061,38.7661,41.2561,373300.0,0.0528248537108821
2008-01-23,87.16,88.67,86.73,87.89,14282000.0,0.0083754015603488,39.3861,41.7361,38.4161,41.6261,117900.0,0.0568728561599143
2008-01-24,89.72,90.25,89.13,90.08,10627200.0,0.0040124832813196,41.8161,42.8861,41.8161,42.8261,97800.0,0.024153376331126
2008-01-25,90.93,91.08,89.5,90.3,9703900.0,-0.0069284064665128,43.5261,43.8761,42.1161,42.2961,76400.0,-0.0282589067249304
2008-01-28,90.96,91.89,90.75,91.75,8533200.0,0.0086851363236588,42.3061,43.3261,41.6961,43.3261,108100.0,0.0241099983217549
2008-01-29,91.36,91.72,90.81,91.15,9091600.0,-0.0022985989492118,43.6561,43.7761,43.0761,43.6561,230900.0,0.0
2008-01-30,90.71,92.58,90.45,92.06,14378100.0,0.0148825928784038,43.5161,44.3861,42.9161,42.9261,156800.0,-0.0135582002982804
2008-01-31,90.92,91.66,90.74,91.4,7791500.0,0.0052793664760229,42.2161,44.4961,42.2161,43.7161,141200.0,0.0355314678523122
2008-02-01,91.75,91.87,89.22,89.35,19635600.0,-0.026158038147139,44.3861,45.6161,44.3861,45.5461,65200.0,0.026134307812581
2008-02-04,88.51,89.52,88.05,89.1,10285000.0,0.0066659134561065,45.6761,45.6761,45.0861,45.1761,102400.0,-0.0109466438684563
2008-02-05,87.9,88.69,87.3,87.68,11170100.0,-0.0025028441410693,44.1261,44.4161,43.1961,43.1961,89900.0,-0.0210759618457103
2008-02-06,89.0,89.65,88.75,88.95,8787200.0,-0.0005617977528089,43.5761,43.7561,42.2161,42.2661,68600.0,-0.0300623506922371
2008-02-07,88.95,89.94,88.81,89.85,8971300.0,0.0101180438448565,42.0761,43.3361,41.7061,42.8461,91500.0,0.0183001751588194
2008-02-08,90.0,91.0,89.99,91.0,9128200.0,0.0111111111111111,42.9661,43.5761,42.6861,43.2661,81600.0,0.006982248796144
2008-02-11,91.04,91.46,90.44,91.33,6832200.0,0.0031854130052723,43.3961,44.2661,43.0061,44.1161,115900.0,0.0165913526791579
2008-02-12,90.83,91.4,89.1,89.33,10225900.0,-0.0165143674997247,44.5261,44.9161,43.6561,44.0061,59100.0,-0.0116785435957785
2008-02-13,88.88,89.99,88.67,89.44,10038800.0,0.0063006300630063,44.8561,45.2161,44.2661,45.1061,71600.0,0.0055733779798065
2008-02-14,89.37,90.11,89.35,89.71,6882500.0,0.0038044086382453,45.3361,45.3361,44.2861,44.3161,79300.0,-0.0224986269220335
2008-02-15,90.3,90.32,88.63,89.15,5586100.0,-0.0127353266888149,44.0661,44.1561,43.5061,44.1161,120000.0,0.0011346590689896
2008-02-19,91.23,91.94,90.98,91.58,8371600.0,0.0038364573057107,46.0461,46.0461,44.1161,44.3161,57000.0,-0.0375710429330606
2008-02-20,90.84,93.31,90.75,93.24,10632400.0,0.0264200792602376,43.8261,45.1161,43.7361,44.9761,132300.0,0.0262400715555343
2008-02-21,93.44,94.22,93.02,93.25,12952200.0,-0.0020333904109588,45.2161,45.4161,44.1561,44.2061,130200.0,-0.0223371763597479
2008-02-22,93.56,93.72,92.35,93.39,7576900.0,-0.0018170158187259,44.4061,44.6561,43.6361,44.6361,86500.0,0.0051794685865229
2008-02-25,93.71,93.71,92.11,92.74,11954500.0,-0.0103510831288016,44.8461,45.9261,44.5161,45.8361,374700.0,0.0220754982038572
2008-02-26,92.43,93.97,92.18,93.71,8452200.0,0.0138483176457858,45.6061,46.6261,45.4061,46.3961,145300.0,0.0173222441734767
2008-02-27,94.56,94.94,93.97,94.78,9926500.0,0.002326565143824,46.1461,46.4761,45.7061,46.0261,34200.0,-0.0026004364399157
2008-02-28,94.92,96.08,94.47,95.99,11211200.0,0.0112726506531815,45.6961,45.9961,45.3561,45.6361,57000.0,-0.0013130223366983
2008-02-29,95.82,96.24,95.22,96.18,9347800.0,0.0037570444583595,45.1161,45.1161,43.6561,43.8061,41900.0,-0.029036197720991
2008-03-03,97.52,97.74,96.68,97.24,11479000.0,-0.0028712059064807,43.8661,44.0561,43.1361,43.7761,228000.0,-0.0020516982362234
2008-03-04,97.28,97.45,94.39,95.18,21356500.0,-0.0215871710526315,43.1661,43.5861,42.4961,43.4061,176300.0,0.0055599185471933
2008-03-05,96.1,98.15,95.93,97.72,15354300.0,0.0168574401664932,43.8661,44.3461,43.4561,44.0461,219300.0,0.0041033964724468
2008-03-06,96.98,97.29,95.26,96.5,18543500.0,-0.0049494741183749,43.8661,43.9161,42.5961,42.5961,68400.0,-0.0289517417778193
2008-03-07,96.6,96.68,95.72,96.09,10066900.0,-0.0052795031055899,42.3761,42.7061,41.1261,41.8861,144800.0,-0.0115631216652783
2008-03-10,95.0,96.34,94.88,95.87,10868400.0,0.0091578947368421,41.8761,41.8761,40.1161,40.1861,78100.0,-0.0403571488271352
2008-03-11,96.52,96.98,95.19,95.99,14343300.0,-0.0054910899295482,41.3061,42.1061,40.4761,42.1061,107100.0,0.0193675994586755
2008-03-12,96.58,97.38,96.24,97.01,8178200.0,0.0044522675502175,42.9061,42.9061,41.2061,41.7761,2841300.0,-0.0263365815117198
2008-03-13,98.5,98.73,97.73,98.34,14681500.0,-0.0016243654822334,41.0461,42.5661,40.4661,42.3761,66700.0,0.0324025912327845
2008-03-14,98.03,99.53,98.01,98.71,17565100.0,0.0069366520452921,42.8561,42.8561,40.5161,41.2761,126100.0,-0.0368675637773852
2008-03-17,99.32,100.44,98.0,99.17,26505900.0,-0.001510269834877,39.3261,40.4061,38.7861,39.6361,87200.0,0.0078828055667864
2008-03-18,99.35,99.51,96.35,96.5,20966100.0,-0.0286864620030195,41.4061,41.8561,40.3861,41.8561,243700.0,0.0108679638990389
2008-03-19,95.65,96.0,92.5,93.04,37594300.0,-0.0272869837950862,42.6761,42.6761,39.9561,40.0861,34400.0,-0.0606897068851182
2008-03-20,90.73,91.65,89.8,89.91,28830000.0,-0.0090378044748154,39.8161,40.8661,39.1961,40.6561,46700.0,0.021096993427282
2008-03-24,90.65,91.51,89.78,90.1,14325700.0,-0.0060672917815776,40.1561,42.8761,40.1561,42.5061,61900.0,0.0585216193803681
2008-03-25,91.91,92.79,91.28,92.73,15839900.0,0.008921771298009,42.6461,43.3961,42.4461,43.2561,87100.0,0.0143037698640674
2008-03-26,93.11,94.0,93.06,93.8,12389000.0,0.0074105896251745,43.0461,43.0461,42.5861,42.6761,45100.0,-0.0085954360557635
2008-03-27,93.51,94.09,92.95,93.46,7560500.0,-0.0005347021708909,42.9461,43.0561,41.9961,42.1961,40400.0,-0.0174637510740206
2008-03-28,91.96,92.45,91.11,91.88,8786600.0,-0.0008699434536754,43.0761,43.0761,41.3461,41.5961,14700.0,-0.0343577993365229
2008-03-31,92.56,92.65,89.96,90.41,11165000.0,-0.023228176318064,41.6061,41.9161,41.3661,41.7761,31300.0,0.0040859393213976
2008-04-01,87.86,88.31,86.05,86.86,23673200.0,-0.0113817436831322,42.6461,43.7961,42.3261,43.7961,46900.0,0.0269661235142253
2008-04-02,87.28,89.76,87.22,89.27,13537500.0,0.0228001833180567,44.0061,44.6561,43.8061,44.3561,31200.0,0.0079534428181546
2008-04-03,88.59,89.75,87.64,89.42,9324800.0,0.0093690032735071,43.7261,44.7261,43.7261,44.5761,25300.0,0.0194391907807921
2008-04-04,89.48,90.34,89.31,90.25,7228200.0,0.0086052749217701,44.7361,45.6761,44.6461,45.2061,28000.0,0.0105060566298805
2008-04-07,90.73,91.75,90.6,91.17,8196200.0,0.0048495536206326,45.7161,45.9161,44.9261,45.0561,609000.0,-0.0144369270344582
2008-04-08,90.04,90.49,89.72,90.35,5773000.0,0.0034429142603286,44.5961,45.2861,44.5961,45.1361,33300.0,0.0121086821493359
2008-04-09,90.3,92.37,90.24,92.29,10572400.0,0.0220376522702105,45.6061,45.6061,44.2561,44.4561,26100.0,-0.025215925062656
2008-04-10,92.32,92.56,90.97,91.77,7758500.0,-0.0059575389948006,44.8661,45.2861,44.2661,45.0861,44500.0,0.0049034794644508
2008-04-11,91.41,91.83,90.55,91.3,6545700.0,-0.0012033694344163,44.3461,44.5461,43.7261,43.8561,75600.0,-0.0110494496697568
2008-04-14,91.32,91.98,91.06,91.11,4697000.0,-0.0022996057818658,43.8761,44.1361,43.5461,43.8261,318400.0,-0.0011395725691208
2008-04-15,91.73,91.91,91.38,91.66,6635400.0,-0.0007631091246048,44.1061,44.2261,43.4161,44.0161,27900.0,-0.0020405340757853
2008-04-16,93.19,93.71,93.01,93.27,8469200.0,0.0008584612082841,44.1361,45.6161,44.1361,45.6061,26200.0,0.0333060691814636
2008-04-17,93.31,93.51,92.48,92.56,6875300.0,-0.0080377237166434,45.9561,45.9561,45.0361,45.4361,694200.0,-0.0113151464114665
2008-04-18,89.72,90.7,88.96,90.62,11390700.0,0.0100312082032992,46.4361,46.9861,46.1661,46.5861,66700.0,0.003230245434048
2008-04-21,90.79,90.87,89.89,90.25,11927500.0,-0.0059477916070052,46.4161,46.9161,46.2461,46.8761,31200.0,0.0099103543813461
2008-04-22,90.42,91.35,90.12,90.27,14043600.0,-0.0016589250165893,46.5761,46.5761,45.4861,45.8761,57400.0,-0.0150291673197196
2008-04-23,89.0,89.55,88.44,89.22,18170500.0,0.0024719101123595,46.1761,46.4061,45.8061,46.1561,30000.0,-0.0004331244951391
2008-04-24,88.26,89.91,87.1,87.22,22846600.0,-0.011783367323816,46.3661,46.7461,45.3661,46.3461,88000.0,-0.0004313496282845
2008-04-25,88.33,88.42,87.19,87.27,11179900.0,-0.0120004528472772,46.6961,47.2661,46.2661,47.2161,31000.0,0.0111358336135136
2008-04-28,87.88,88.4,87.67,87.69,8071700.0,-0.0021620391442876,47.3961,47.5261,47.0361,47.2361,115700.0,-0.0033758051822828
2008-04-29,86.73,86.9,85.54,85.81,14689000.0,-0.0106076328836619,47.0661,47.0661,46.4661,46.8061,39000.0,-0.0055241458289511
2008-04-30,86.1,86.79,85.11,86.65,17701500.0,0.0063879210220674,47.0561,48.1061,46.3161,46.5561,90700.0,-0.0106256149574656
2008-05-01,84.51,84.56,83.57,83.99,17664500.0,-0.0061531179742043,46.3161,47.1361,46.1161,47.0661,47500.0,0.0161930732509861
2008-05-02,83.96,84.79,83.96,84.58,8744400.0,0.0073844687946641,47.8461,47.8561,47.0961,47.4261,41600.0,-0.0087781449271727
2008-05-05,85.68,86.29,85.29,86.27,7381300.0,0.0068860877684405,47.3561,47.8461,47.2561,47.4961,33300.0,0.0029563245284134
2008-05-06,86.33,87.15,86.33,86.63,10760400.0,0.0034750376462411,47.2861,48.4561,47.2861,48.2761,28800.0,0.020936385111058
2008-05-07,85.47,86.1,85.2,85.82,7218400.0,0.004095004095004,48.3661,48.4861,47.2761,47.3061,243400.0,-0.0219161768263308
2008-05-08,86.76,87.4,86.42,87.24,8628600.0,0.0055325034578145,47.6161,48.0161,47.4761,47.9461,21700.0,0.0069304289935546
2008-05-09,87.37,87.59,85.84,87.42,9926600.0,0.0005722788142382,47.4861,47.9961,47.4761,47.9061,18600.0,0.008844693499782
2008-05-12,86.92,87.64,86.79,86.99,5010000.0,0.0008053382420615,48.0561,48.4561,47.4261,48.4461,31800.0,0.0081155149918532
2008-05-13,85.12,86.14,84.92,85.39,7359800.0,0.0031719924812029,48.7661,49.1761,48.4161,49.1161,177200.0,0.0071771168906269
2008-05-14,85.73,85.81,85.1,85.2,8650600.0,-0.0061821999300128,49.2461,49.8561,49.0761,49.1361,37800.0,-0.0022336794182686
2008-05-15,87.13,87.6,86.23,87.0,9437900.0,-0.0014920234132904,49.3161,50.1461,49.1361,50.1261,242900.0,0.0164246564509359
2008-05-16,88.52,89.3,88.02,89.1,12075300.0,0.0065521915951197,50.5461,50.6161,49.9061,50.5961,66700.0,0.000989196001274
2008-05-19,89.57,89.7,88.87,89.39,5931200.0,-0.0020096014290498,50.6961,51.1561,49.9061,50.1861,50900.0,-0.0100599454395899
2008-05-20,89.61,91.17,89.56,90.9,10683000.0,0.0143957147639773,50.0961,50.0961,49.4861,49.9961,179300.0,-0.0019961633739952
2008-05-21,90.61,92.11,90.61,91.96,11346200.0,0.0148990177684581,50.2161,50.4361,48.7461,48.8461,64500.0,-0.0272820868207606
2008-05-22,91.2,91.63,90.5,90.98,8864400.0,-0.0024122807017543,48.8861,49.0761,48.5461,48.6961,150900.0,-0.0038865853483914
2008-05-23,91.33,92.0,90.96,91.23,6062800.0,-0.0010949304719149,48.4861,48.6561,47.6761,48.1161,63200.0,-0.0076310530234437
2008-05-27,89.84,89.87,89.16,89.36,7601700.0,-0.0053428317008014,48.3161,48.4161,47.8761,48.4061,82800.0,0.001862733126225
2008-05-28,88.49,89.19,88.35,89.14,8104100.0,0.0073454627641542,48.6261,49.2361,48.3561,49.2361,36500.0,0.0125447033588957
2008-05-29,86.94,87.6,86.1,86.51,12696700.0,-0.0049459397285483,49.0661,49.5361,48.9061,49.1161,37800.0,0.0010190335078598
2008-05-30,87.34,87.69,86.96,87.45,4944200.0,0.0012594458438287,49.2561,49.9661,49.2561,49.7661,350400.0,0.0103540475189874
2008-06-02,87.47,88.55,87.44,87.96,5277100.0,0.0056019206585114,49.7161,49.7261,48.9861,49.4761,167400.0,-0.0048274100341739
2008-06-03,86.65,87.35,86.52,86.88,8396000.0,0.0026543566070396,49.4661,49.8461,48.5661,49.1761,41600.0,-0.0058626008518965
2008-06-04,87.09,87.42,86.56,86.65,7157500.0,-0.0050522448042254,48.9561,49.7661,48.9161,49.1661,136900.0,0.0042895573789579
2008-06-05,85.97,86.81,85.66,86.45,14130900.0,0.0055833430266372,49.4561,50.7461,49.4561,50.7461,55300.0,0.0260837389118834
2008-06-06,87.79,89.06,87.69,89.06,17431700.0,0.0144663401298552,50.4561,50.8761,49.2361,49.3061,194700.0,-0.0227920905500028
2008-06-09,88.54,89.24,87.84,87.99,9172100.0,-0.0062118816354191,49.2661,49.7661,48.6361,49.5061,42500.0,0.0048715039347543
2008-06-10,86.28,86.76,85.11,85.55,13903800.0,-0.0084608252202133,48.6761,49.0161,48.2861,48.6161,33000.0,-0.0012326377832241
2008-06-11,86.57,87.1,86.35,87.02,10153600.0,0.0051981055793,48.8261,48.8261,47.6561,47.6561,148500.0,-0.023962593776689
2008-06-12,85.19,86.07,84.83,85.6,9826200.0,0.0048127714520483,48.2261,48.2961,47.1661,47.4361,94800.0,-0.0163811711915331
2008-06-13,85.33,86.02,85.04,85.83,8429000.0,0.0058596038907769,48.1661,48.8161,47.8261,48.8161,22000.0,0.013494968452916
2008-06-16,88.2,88.2,86.97,87.01,6993700.0,-0.0134920634920634,49.1961,49.4861,48.6261,49.3761,93400.0,0.0036588266143047
2008-06-17,86.72,87.52,86.7,87.25,5285800.0,0.0061116236162361,49.3461,49.8561,49.3461,49.4861,167900.0,0.0028371036414225
2008-06-18,87.66,88.41,87.13,88.28,7818800.0,0.0070727812000913,49.3061,49.4361,48.7061,49.2261,69600.0,-0.0016225172950202
2008-06-19,89.37,89.5,88.39,88.42,10520500.0,-0.0106299653127448,49.3161,49.4161,48.8061,49.1761,20000.0,-0.0028388295100383
2008-06-20,88.82,89.61,88.77,88.95,10057800.0,0.0014636343165954,48.9961,48.9961,47.7761,48.0561,65000.0,-0.01918520045473
2008-06-23,87.01,87.4,86.74,87.09,12784300.0,0.0009194345477531,48.4261,48.6761,48.2961,48.5161,34900.0,0.0018585019235495
2008-06-24,87.3,88.24,87.24,87.47,7398500.0,0.0019473081328751,48.3761,48.4261,47.3761,47.4861,145900.0,-0.018397514475123
2008-06-25,87.43,87.58,86.13,87.42,10897700.0,-0.0001143772160586,47.6761,48.2161,47.3261,47.7261,153300.0,0.0010487435004122
2008-06-26,89.5,90.86,89.5,90.61,18407600.0,0.0124022346368715,47.1061,47.2861,45.9061,46.1061,257800.0,-0.0212286731442424
2008-06-27,90.98,91.82,90.65,91.47,14490300.0,0.0053857990767201,46.1261,46.4861,45.6461,46.2061,145500.0,0.0017343759823613
2008-06-30,91.89,91.9,90.53,91.4,7289000.0,-0.0053324627271737,46.3561,46.7261,46.1361,46.1361,566900.0,-0.0047458694756461
2008-07-01,92.53,93.35,92.34,92.66,15479800.0,0.0014049497460282,45.5861,46.2761,44.9961,46.2761,169700.0,0.0151361928307093
2008-07-02,92.28,93.33,92.13,93.17,11460400.0,0.009644560034677,46.5061,46.7461,44.0661,44.0661,365700.0,-0.0524662356121026
2008-07-03,92.17,92.68,91.68,92.06,9609500.0,-0.0011934468916133,44.3461,44.3561,42.7461,43.3661,258900.0,-0.0220988993395134
2008-07-07,90.57,91.65,90.16,91.23,12300200.0,0.0072871811858232,43.6561,44.1961,42.1361,42.9061,245600.0,-0.0171797297513978
2008-07-08,90.55,91.15,89.93,90.86,11215600.0,0.0034235229155163,42.7161,43.3361,41.5161,43.3161,406400.0,0.0140462261301945
2008-07-09,90.88,91.64,90.86,91.5,11362800.0,0.0068221830985916,43.5261,44.0161,42.3861,42.4861,237200.0,-0.0238937097511607
2008-07-10,92.4,93.6,92.35,93.53,16817000.0,0.0122294372294371,42.6561,43.8361,42.0061,43.2561,241400.0,0.0140659835287333
2008-07-11,95.03,95.5,94.25,95.16,25994600.0,0.0013679890560875,42.8561,43.4661,41.9461,42.8861,138600.0,0.0007000170337478
2008-07-14,95.09,96.2,94.92,95.91,21242900.0,0.0086234094016194,43.2561,43.6161,42.5261,42.9561,102700.0,-0.0069354380075874
2008-07-15,96.55,97.5,95.43,96.17,30347100.0,-0.0039357845675815,41.3261,42.9661,41.3161,42.0561,143300.0,0.0176643815893588
2008-07-16,96.27,96.5,94.34,94.44,19897400.0,-0.0190090370832034,42.2961,43.0061,41.7561,43.0061,80700.0,0.0167864176602571
2008-07-17,94.7,96.51,94.07,94.22,25185100.0,-0.0050686378035903,43.4161,43.6861,42.6561,43.2861,129200.0,-0.0029942809234362
2008-07-18,94.22,94.93,94.02,94.17,8585100.0,-0.0005306728932285,43.1761,43.3061,42.8961,43.0561,89400.0,-0.0027793154082929
2008-07-21,94.75,95.15,94.45,95.12,7323800.0,0.0039050131926121,43.5161,43.9961,43.1761,43.9961,130200.0,0.0110304002426687
2008-07-22,95.73,95.86,92.94,93.06,17553700.0,-0.0278909432779693,43.4561,43.6461,43.0161,43.6061,131000.0,0.0034517593617466
2008-07-23,92.64,92.79,90.44,90.57,25791800.0,-0.0223445595854923,43.9261,43.9261,43.0461,43.1561,209400.0,-0.0175294414937815
2008-07-24,91.08,91.62,90.25,91.33,13072100.0,0.0027448397013614,43.1861,43.2961,41.4661,41.5361,183800.0,-0.0382067378161029
2008-07-25,91.03,91.73,90.53,91.69,7599500.0,0.0072503570251565,42.1261,42.3661,41.3361,42.0561,93400.0,-0.0016616776772594
2008-07-28,91.39,92.0,90.94,91.73,8809600.0,0.0037203195097932,42.3561,42.3761,41.4461,41.4461,52400.0,-0.0214845087248353
2008-07-29,91.23,91.27,90.09,90.59,12992200.0,-0.0070152362161569,41.6761,42.2261,41.4961,42.2261,132500.0,0.0131970121964388
2008-07-30,88.86,89.72,88.08,89.52,17379900.0,0.0074274139095205,42.4261,43.5561,42.4261,43.5261,379500.0,0.0259274361772588
2008-07-31,91.05,91.14,89.87,90.08,10976400.0,-0.0106534870950027,43.0961,43.3061,42.2261,42.2561,556200.0,-0.0194913228807246
2008-08-01,89.5,90.45,89.37,89.57,10893500.0,0.0007821229050278,42.3961,42.4561,41.8361,41.9361,307400.0,-0.010850054604079
2008-08-04,89.08,89.68,88.04,88.14,14979800.0,-0.0105523125280646,41.8861,41.8861,39.9961,40.2561,115500.0,-0.0389150577399183
2008-08-05,87.28,87.41,85.94,86.08,20185400.0,-0.0137488542621448,40.5461,41.2261,40.2761,41.2261,304900.0,0.0167710334656107
2008-08-06,86.8,87.0,86.01,86.64,12404200.0,-0.0018433179723501,40.9661,42.1661,40.9661,42.1561,61900.0,0.0290484083180972
2008-08-07,86.64,86.78,85.51,86.09,9961700.0,-0.0063481071098799,41.7061,41.9361,41.1061,41.3561,91400.0,-0.0083920577565392
2008-08-08,84.35,84.68,83.83,84.43,13513900.0,0.0009484291641969,41.1561,41.9661,40.8561,41.8961,154400.0,0.0179803236944218
2008-08-11,84.46,84.49,80.6,81.13,23567000.0,-0.0394269476675349,41.9161,42.2561,41.7561,42.1261,96200.0,0.0050100080875845
2008-08-12,80.74,81.01,79.55,80.52,20131800.0,-0.0027247956403269,42.2861,42.4561,41.6661,41.7861,343400.0,-0.0118242164682957
2008-08-13,80.59,81.85,80.39,81.56,17007500.0,0.0120362327832237,41.8061,42.5861,41.5461,42.3761,131500.0,0.013634373931077
2008-08-14,80.71,81.1,79.28,79.35,15542600.0,-0.0168504522364019,42.1961,42.7661,41.9661,42.7461,151300.0,0.0130343799545454
2008-08-15,78.0,78.32,76.61,77.63,29754000.0,-0.0047435897435898,42.7761,42.8761,42.4061,42.6261,111400.0,-0.0035066310392952
2008-08-18,78.53,79.17,77.81,78.8,14071900.0,0.0034381764930599,42.9361,42.9561,41.6061,41.8561,75400.0,-0.0251536585763496
2008-08-19,77.92,80.52,77.7,80.43,16757100.0,0.0322125256673511,41.8361,41.8461,41.4061,41.6461,75400.0,-0.0045415323130025
2008-08-20,80.15,80.66,78.81,80.06,14714000.0,-0.0011228945726762,41.8261,42.3161,41.8161,42.3061,63600.0,0.0114760878972699
2008-08-21,82.01,84.54,81.75,82.3,17031100.0,0.0035361541275453,42.3661,42.6261,41.9961,42.4661,514300.0,0.0023603777548557
2008-08-22,81.49,81.96,80.94,81.08,7854700.0,-0.0050312921830899,42.6661,42.8961,42.4161,42.6561,160400.0,-0.0002343781128342
2008-08-25,81.1,81.34,80.56,80.93,6512800.0,-0.0020961775585695,42.4461,42.4461,41.3261,41.5261,225700.0,-0.021674547249335
2008-08-26,80.61,81.85,80.6,81.23,8578700.0,0.0076913534300955,41.5661,41.9661,41.4561,41.7961,55400.0,0.0055333553063675
2008-08-27,81.89,82.05,81.0,81.36,7097500.0,-0.0064720967151056,42.1461,42.5461,42.0161,42.4161,31900.0,0.0064062867026843
2008-08-28,83.06,83.13,81.27,82.18,9351600.0,-0.0105947507825667,42.7361,43.0961,42.4961,43.0561,43200.0,0.007487814751463
2008-08-29,82.31,82.47,81.58,81.71,5124800.0,-0.0072895152472361,42.9861,42.9961,42.2661,42.2961,259800.0,-0.0160517004333958
2008-09-02,78.16,79.79,77.98,79.2,12680900.0,0.0133060388945753,42.4161,42.4361,40.8961,41.0361,105300.0,-0.0325348157892876
2008-09-03,79.19,79.69,78.34,78.89,10707700.0,-0.0037883571157974,40.8361,41.0361,39.6261,40.0161,76800.0,-0.0200802721121752
2008-09-04,79.7,79.78,78.14,78.39,10869900.0,-0.0164366373902133,39.5961,39.7961,38.1061,38.4061,377800.0,-0.0300534648614383
2008-09-05,80.08,80.27,78.17,78.98,10738700.0,-0.0137362637362636,38.3761,38.9061,37.2361,38.7561,1231700.0,0.0099019962945688
2008-09-08,80.1,80.35,78.47,78.86,10016900.0,-0.0154806491885142,40.2061,40.4461,37.8761,38.5261,87000.0,-0.0417847043110373
2008-09-09,77.39,77.82,76.24,76.49,20197500.0,-0.0116294094844295,37.8161,37.8361,35.6761,35.9861,69200.0,-0.0483920869682489
2008-09-10,76.88,76.93,74.1,74.22,29365500.0,-0.0345993756503641,36.1961,37.1361,35.8161,36.7461,67100.0,0.0151950071969078
2008-09-11,73.61,73.93,72.51,73.08,23774700.0,-0.0072001086808857,36.3361,37.7361,35.6361,37.7361,66800.0,0.0385291762186915
2008-09-12,74.26,75.58,73.48,75.55,17595400.0,0.0173713977915431,37.2761,38.7961,37.1061,38.7961,117900.0,0.0407767980019369
2008-09-15,76.64,77.73,76.0,77.56,17004100.0,0.0120041753653444,37.0761,37.3761,35.3061,35.5261,161300.0,-0.0418059073095605
2008-09-16,76.69,77.29,76.3,76.79,17192100.0,0.0013039509714435,33.8661,36.3361,33.8661,36.3361,136700.0,0.0729342912233767
2008-09-17,77.11,85.6,77.09,85.46,65774700.0,0.1082868629230968,35.8561,35.8561,34.0261,34.0261,132700.0,-0.0510373409266484
2008-09-18,85.49,90.78,81.9,82.8,60589200.0,-0.0314656684992396,35.1861,35.8861,32.8261,35.7161,341500.0,0.0150627662628138
2008-09-19,85.58,86.44,84.0,85.98,25484700.0,0.0046739892498247,41.3761,48.9061,36.5661,37.9461,234800.0,-0.0828980981774502
2008-09-22,86.85,89.54,86.81,89.18,35324400.0,0.0268278641335637,37.9561,38.2161,36.5661,36.5861,105800.0,-0.0360943300286382
2008-09-23,88.87,89.1,86.72,88.32,22342900.0,-0.0061888151232138,36.4961,37.1461,35.3961,35.6061,358400.0,-0.0243861672891076
2008-09-24,88.68,88.76,86.7,86.71,17238600.0,-0.022214704555706,34.8161,36.0661,34.8161,35.2861,247300.0,0.013499501667332
2008-09-25,87.12,87.8,85.01,86.45,20692000.0,-0.0076905417814508,36.0161,36.9161,35.2361,35.8061,111500.0,-0.0058307257032271
2008-09-26,87.03,90.17,86.59,86.64,21980100.0,-0.0044812133746983,34.7561,34.9161,34.0961,34.9161,307900.0,0.0046035084488765
2008-09-29,87.06,92.0,86.97,89.57,40569700.0,0.028830691477142,34.0861,34.0861,29.7861,30.6361,286100.0,-0.101214277960811
2008-09-30,87.31,87.36,84.21,85.07,20437900.0,-0.025655709540717,30.5461,32.5461,30.5461,32.5361,155500.0,0.0651474328965071
2008-10-01,86.23,88.05,85.18,85.97,16785400.0,-0.0030151919285632,31.9561,32.1961,31.1161,31.7661,277300.0,-0.0059456566977821
2008-10-02,84.56,84.66,81.62,82.33,22651000.0,-0.0263718070009461,31.2961,31.2961,28.3261,28.5161,162100.0,-0.0888289595189176
2008-10-03,81.23,83.44,81.05,82.59,24055400.0,0.0167425827896097,29.0061,29.9761,27.5061,27.6561,161900.0,-0.0465419342827888
2008-10-06,85.84,86.45,84.25,84.28,21675700.0,-0.0181733457595526,25.8161,26.2361,23.0761,25.6361,426800.0,-0.0069723931964936
2008-10-07,87.18,87.7,85.53,87.27,20282100.0,0.0010323468685477,25.7361,26.2261,23.1961,23.1961,200700.0,-0.09869405232339
2008-10-08,90.69,90.84,88.05,89.42,31204900.0,-0.0140037490351747,21.9561,24.4761,21.3161,23.1861,178400.0,0.0560208780247858
2008-10-09,87.29,90.58,86.54,89.9,19981800.0,0.0299003322259136,24.0161,24.4961,20.6161,21.1261,202200.0,-0.1203359413060405
2008-10-10,89.59,90.72,81.38,83.22,45067300.0,-0.0711016854559661,18.5161,21.1661,17.6461,20.0861,265500.0,0.0847910737142269
2008-10-13,83.61,83.9,80.92,81.99,17028700.0,-0.0193756727664155,23.3061,24.6661,21.8061,24.6661,369300.0,0.0583538215317019
2008-10-14,82.4,83.31,81.61,82.2,12383200.0,-0.0024271844660194,28.5161,28.5161,23.2761,23.9261,308300.0,-0.1609617023365747
2008-10-15,82.2,84.39,82.08,83.31,16906100.0,0.0135036496350364,23.4361,23.4361,19.7461,19.7661,176500.0,-0.1565960206689678
2008-10-16,82.4,82.5,77.22,79.29,30645600.0,-0.0377427184466019,20.2561,21.4161,18.0761,21.4161,186400.0,0.0572666999076821
2008-10-17,77.12,80.78,75.0,77.21,15336700.0,0.0011670124481326,20.2061,23.2761,20.2061,21.4861,421100.0,0.06334720703154
2008-10-20,77.77,78.56,77.27,78.5,9331900.0,0.0093866529510094,22.2461,23.8861,22.0361,23.8761,272400.0,0.0732712700203632
2008-10-21,75.9,76.94,74.89,76.03,10859600.0,0.0017127799736494,23.3061,23.9061,22.1461,22.2661,379900.0,-0.0446235105830662
2008-10-22,74.44,74.45,66.0,71.71,23283700.0,-0.0366738312735089,20.8461,21.1661,18.3261,19.4161,338900.0,-0.0685979631681705
2008-10-23,69.64,72.19,69.5,70.65,16651600.0,0.0145031591039633,19.7461,19.9761,16.9861,18.6361,394300.0,-0.0562136320589888
2008-10-24,69.3,73.93,69.07,72.21,22471800.0,0.0419913419913419,16.7761,17.9161,16.0661,17.4361,263400.0,0.0393416825126221
2008-10-27,71.13,73.61,70.72,72.18,12150600.0,0.0147617039223957,16.4861,17.7961,16.0261,16.0261,140000.0,-0.027902293447207
2008-10-28,73.03,73.8,71.7,73.79,8468100.0,0.0104066821854033,17.1761,18.7761,15.5961,18.7761,119800.0,0.0931526947327971
2008-10-29,75.05,76.36,73.61,74.0,16121400.0,-0.0139906728847434,18.6061,21.1261,18.6061,19.8161,134800.0,0.0650324355990775
2008-10-30,74.89,75.25,72.13,72.71,10891900.0,-0.0291093603952464,20.9461,21.6361,20.2761,21.6361,194300.0,0.0329416932030305
2008-10-31,72.62,72.87,70.6,71.34,9517800.0,-0.0176259983475626,21.6861,22.8161,20.8761,22.2761,192000.0,0.0272063672121773
2008-11-03,71.55,72.17,71.06,71.1,6799400.0,-0.0062893081761006,22.3861,22.6161,21.7461,22.1261,542700.0,-0.0116143499761011
2008-11-04,73.15,75.69,72.85,75.48,11434600.0,0.0318523581681476,22.9061,23.9361,22.8461,23.8561,470700.0,0.0414736685860972
2008-11-05,74.32,75.18,72.38,72.8,10316500.0,-0.0204520990312163,23.2861,23.6361,21.6361,21.6461,768500.0,-0.070428281249329
2008-11-06,74.36,74.98,71.67,72.22,10687500.0,-0.028778913394298,21.3261,21.4461,19.3161,19.4461,425400.0,-0.0881548900173964
2008-11-07,72.59,73.09,72.05,72.5,6052700.0,-0.0012398401983744,19.8661,20.6361,19.5961,20.3661,485300.0,0.0251685031284449
2008-11-10,74.8,74.92,72.96,73.58,6092700.0,-0.0163101604278074,21.0161,21.4761,19.5461,19.9661,338700.0,-0.0499616960330413
2008-11-11,72.56,72.66,71.55,72.05,8354800.0,-0.0070286659316428,19.5461,19.5961,18.2861,18.7961,219000.0,-0.0383708258936565
2008-11-12,71.45,71.89,69.77,70.0,10033400.0,-0.0202939118264521,18.1761,18.1961,16.5861,16.7061,488300.0,-0.0808754353244096
2008-11-13,70.49,72.36,68.81,72.15,16826600.0,0.023549439636828,16.7061,18.8861,15.3061,18.8861,544900.0,0.1304912576843188
2008-11-14,73.39,74.26,72.76,73.3,12808600.0,-0.0012263251124131,18.3461,18.8461,17.2261,17.3561,126400.0,-0.053962422531219
2008-11-17,72.43,73.8,72.15,72.65,7708600.0,0.0030374154355929,16.7761,17.6261,16.5261,16.5961,308500.0,-0.0107295497761696
2008-11-18,72.38,73.46,72.13,72.51,8134900.0,0.0017960762641615,16.5861,17.0561,15.5061,16.4661,378900.0,-0.0072349738636567
2008-11-19,73.42,75.19,72.0,72.26,13963100.0,-0.0157995096703894,16.7461,16.7461,14.4261,14.4261,252000.0,-0.1385397196959291
2008-11-20,73.15,74.2,72.43,73.45,13584200.0,0.0041011619958987,13.9461,14.2261,11.8061,11.9461,309300.0,-0.1434092685410258
2008-11-21,76.0,79.0,75.45,78.85,30467400.0,0.0374999999999999,12.4561,13.6661,11.5061,13.6661,466700.0,0.0971411597530527
2008-11-24,80.45,81.72,80.38,80.91,19885200.0,0.0057178371659415,14.1461,16.2961,14.1461,15.8661,425400.0,0.1215882822827492
2008-11-25,81.34,81.38,79.28,80.87,17522100.0,-0.0057782149004179,16.2861,16.5161,15.4861,16.3961,1177800.0,0.0067542259964018
2008-11-26,80.52,80.77,79.33,80.38,9141600.0,-0.0017386984600099,16.0361,18.1561,15.7761,18.0961,179600.0,0.1284601617600288
2008-11-28,80.04,80.75,79.8,80.31,3658700.0,0.0033733133433282,18.0061,18.3661,17.7361,18.3661,192400.0,0.0199932245183576
2008-12-01,77.15,77.34,75.57,75.65,13134700.0,-0.0194426441996111,17.6661,17.6661,15.3161,15.3161,600300.0,-0.1330231347043206
2008-12-02,76.9,77.32,76.26,76.95,6944000.0,0.0006501950585175,15.5661,16.2761,15.1561,16.2361,323800.0,0.0430422520734159
2008-12-03,76.0,77.14,75.14,76.18,10685000.0,0.0023684210526316,15.5661,16.9961,15.4861,16.9961,254200.0,0.0918662992014697
2008-12-04,75.59,77.63,75.07,75.5,11827500.0,-0.0011906336817039,16.5561,17.2161,15.1561,15.6861,311000.0,-0.0525486074619023
2008-12-05,74.3,74.81,72.91,74.52,13392300.0,0.0029609690444145,15.3661,17.0161,14.5761,17.0061,618900.0,0.1067284476867911
2008-12-08,76.48,76.62,75.4,76.2,7267700.0,-0.0036610878661088,17.7061,18.6961,17.7061,18.3861,376200.0,0.0384048435285014
2008-12-09,75.56,76.85,75.3,76.33,9618300.0,0.0101905770248808,18.1661,19.1861,17.8361,18.0061,335800.0,-0.0088076141824607
2008-12-10,79.2,80.11,78.56,79.75,16050600.0,0.0069444444444444,18.3261,19.1961,18.2361,18.8661,192100.0,0.0294661711984546
2008-12-11,81.58,81.94,80.49,80.65,13980200.0,-0.0113998529051237,18.5561,19.1261,17.3961,17.6961,197800.0,-0.0463459455381249
2008-12-12,80.55,81.63,80.0,80.81,12538500.0,0.003227808814401,16.9861,18.0961,16.3661,18.0961,380000.0,0.0653475488782003
2008-12-15,81.33,83.03,81.23,82.6,15008800.0,0.0156153940735275,18.3361,18.4561,17.0361,17.5061,234900.0,-0.0452658962374768
2008-12-16,82.38,84.64,81.93,84.46,18666400.0,0.0252488468074775,19.1861,19.1861,17.8961,19.1861,313300.0,0.0
2008-12-17,85.26,86.91,84.8,85.43,21988500.0,0.0019939010086793,18.8161,20.0061,18.6061,19.5561,313000.0,0.0393280222787932
2008-12-18,84.85,85.12,83.46,83.87,17234500.0,-0.0115497937536828,19.5961,19.6461,18.4061,18.8661,256200.0,-0.0372523104087038
2008-12-19,82.65,82.87,82.01,82.63,9139500.0,-0.0002419842710225,19.1761,19.4061,18.5861,18.9161,371000.0,-0.0135585442295358
2008-12-22,83.57,83.81,82.79,83.46,6690500.0,-0.0013162618164413,18.8161,18.9161,17.2961,17.9361,371700.0,-0.0467684589261323
2008-12-23,82.93,83.39,81.59,82.63,6322200.0,-0.0036175087423129,18.0561,18.3261,17.5061,17.7161,311900.0,-0.0188302014277723
2008-12-24,82.47,83.57,82.47,83.46,2069600.0,0.0120043652237176,17.1561,17.6261,17.1261,17.5561,690300.0,0.0233153222468977
2008-12-26,83.52,85.97,83.12,85.6,5080800.0,0.0249042145593869,17.7161,18.0261,17.6361,18.0161,96300.0,0.0169337495272661
2008-12-29,86.5,87.0,85.95,86.35,9073100.0,-0.0017341040462428,18.1561,18.1561,17.3161,17.7761,1061200.0,-0.020929604926168
2008-12-30,85.94,86.15,85.28,85.9,7123000.0,-0.0004654410053524,17.9561,18.7461,17.8161,18.6961,187100.0,0.0412116216773131
2008-12-31,84.98,87.1,84.28,86.52,7837100.0,0.0181219110378911,18.6461,19.6861,18.6061,19.2161,255600.0,0.0305693952086495
2009-01-02,85.93,86.61,85.84,86.23,6411600.0,0.003491213778657,19.5261,20.9061,19.2461,20.7161,468900.0,0.060944069732307
2009-01-05,83.62,84.68,83.24,84.48,9534700.0,0.0102846209040899,20.5061,21.2561,20.2261,20.9961,416800.0,0.0238953287070675
2009-01-06,83.37,85.7,83.0,85.13,12864600.0,0.0211107112870335,21.1761,21.6661,20.9261,21.3861,519400.0,0.0099168402113702
2009-01-07,84.56,84.58,82.21,82.75,13360000.0,-0.0214049195837275,20.7361,20.7661,19.9461,20.1661,509500.0,-0.0274882933627827
2009-01-08,84.4,84.89,83.75,84.46,10715700.0,0.0007109004739335,19.9761,20.4761,19.6461,20.4161,1490800.0,0.0220263214541377
2009-01-09,83.34,85.5,83.09,83.92,8861900.0,0.0069594432445404,20.4761,20.4761,19.3461,19.6161,670600.0,-0.0420001855822153
2009-01-12,81.72,82.04,80.26,80.76,14755500.0,-0.0117474302496328,19.6461,19.6461,18.4561,18.6561,491100.0,-0.0503916807916075
2009-01-13,80.94,81.82,80.62,80.88,10019100.0,-0.0007412898443291,18.6261,19.1161,18.3861,18.9161,856000.0,0.01556955025475
2009-01-14,80.57,81.09,79.36,79.79,15600000.0,-0.0096810227131685,18.3461,18.3461,17.4161,17.6261,1069900.0,-0.0392453982045229
2009-01-15,79.97,80.7,78.87,80.39,16714700.0,0.0052519694885582,17.6361,18.5961,16.8661,18.2461,731800.0,0.0345881459052738
2009-01-16,82.2,83.0,81.74,82.71,16470300.0,0.0062043795620436,18.7361,19.0261,17.7661,18.7761,545300.0,0.0021349160177411
2009-01-20,84.17,85.29,83.57,84.52,16743000.0,0.0041582511583698,18.5161,18.5761,16.8261,16.8761,916300.0,-0.0885715674467085
2009-01-21,84.05,84.39,82.98,84.15,12272100.0,0.001189767995241,17.3561,18.1461,16.6561,18.1061,493700.0,0.0432124728481628
2009-01-22,84.03,84.97,83.83,84.58,18569600.0,0.0065452814471021,17.3561,18.0461,16.9361,17.4861,771800.0,0.0074901619603481
2009-01-23,86.57,88.94,86.07,88.53,34010700.0,0.0226406376342844,16.7461,18.2461,16.6461,17.8161,776200.0,0.0638954741701053
2009-01-26,89.22,90.19,88.68,88.95,19129500.0,-0.0030262273032951,17.8261,18.7261,17.6461,18.0661,526500.0,0.0134634047828744
2009-01-27,88.4,88.84,88.01,88.38,11787400.0,-0.0002262443438915,18.3661,18.6661,17.9561,18.5061,364600.0,0.0076227397215522
2009-01-28,88.27,88.38,86.84,87.42,18449600.0,-0.0096295457120198,19.2261,19.7861,19.0161,19.5861,425700.0,0.0187245463198464
2009-01-29,86.68,89.55,86.28,89.5,21175600.0,0.0325334563913243,19.2261,19.2261,18.4861,18.5961,412900.0,-0.0327679560597312
2009-01-30,90.7,91.49,89.65,91.31,21279300.0,0.0067254685777287,18.8661,19.0061,17.6961,17.8961,379100.0,-0.0514149718277756
2009-02-02,89.88,92.58,88.62,88.84,16983300.0,-0.0115709835336002,17.4061,17.9961,17.2561,17.8161,335200.0,0.0235549606172548
2009-02-03,89.34,89.73,86.0,88.47,17521400.0,-0.0097380792478173,17.9561,18.5761,17.5961,18.4161,297000.0,0.0256180350967081
2009-02-04,88.89,89.5,88.52,89.18,14271100.0,0.0032624592192598,18.5761,19.1561,18.3461,18.4761,318400.0,-0.0053832612873531
2009-02-05,90.75,90.82,89.3,90.12,17196300.0,-0.0069421487603305,18.2061,19.4461,18.1161,19.1661,618600.0,0.0527295796463823
2009-02-06,89.15,90.14,89.15,89.59,12554300.0,0.0049355019629837,19.2861,20.3361,19.2161,20.2261,1809200.0,0.0487397659454217
2009-02-09,88.35,88.65,87.6,88.32,21263800.0,-0.000339558573854,20.1861,20.6161,19.9161,20.1961,368700.0,0.0004953903923988
2009-02-10,89.66,90.37,89.18,90.21,25445100.0,0.0061342850769573,19.9461,20.4661,18.6461,18.8861,978800.0,-0.0531432209805426
2009-02-11,90.93,93.25,90.8,92.29,55582400.0,0.014956559991202,19.0661,19.3061,18.2961,18.7961,793100.0,-0.0141612600374486
2009-02-12,93.04,93.74,92.52,93.17,38786800.0,0.0013972484952708,18.2261,19.1561,17.9661,19.1361,1173400.0,0.0499283993833019
2009-02-13,92.5,92.77,91.69,92.55,14715500.0,0.0005405405405405,19.1561,19.5161,18.9161,19.0361,533200.0,-0.006264323113786
2009-02-17,95.23,95.85,94.89,95.45,27085200.0,0.0023101963666911,17.7961,17.9561,17.3661,17.4061,859600.0,-0.0219149139418187
2009-02-18,95.23,97.15,94.67,96.91,29346300.0,0.0176414995274597,17.7561,17.7761,16.8461,17.2561,693300.0,-0.0281593367912998
2009-02-19,95.91,96.57,95.43,95.77,21305400.0,-0.0014597018037743,17.5661,17.8461,16.7961,16.8561,518100.0,-0.0404187611365071
2009-02-20,98.0,98.99,97.14,97.8,43854800.0,-0.0020408163265306,16.3261,17.0561,16.0261,16.6861,701100.0,0.0220505815840892
2009-02-23,96.59,98.22,95.89,97.73,24542700.0,0.0118024640231908,16.9161,16.9761,15.3361,15.3861,319300.0,-0.0904463794846329
2009-02-24,97.59,97.59,94.27,94.73,37460500.0,-0.029306281381289,15.6461,16.7561,15.4761,16.5561,276700.0,0.0581614587660822
2009-02-25,94.73,96.41,92.81,93.15,26142800.0,-0.0166789823709489,16.4961,16.8961,15.8761,16.3061,377300.0,-0.0115178739217146
2009-02-26,92.71,93.14,91.57,93.06,28789800.0,0.0037752130298782,16.7761,16.8461,15.7661,15.7761,336800.0,-0.0596086098676092
2009-02-27,94.31,94.53,91.03,92.63,30588700.0,-0.0178135934683491,15.3661,16.1561,15.1661,15.5161,463400.0,0.0097617482640357
2009-03-02,93.4,93.61,90.62,90.93,24269300.0,-0.0264453961456102,14.7861,14.9361,13.6561,13.7361,213300.0,-0.0710126402499644
2009-03-03,90.85,91.04,88.94,90.04,28082900.0,-0.0089157952669233,14.1161,14.2961,13.4261,13.7561,194200.0,-0.0255027946812504
2009-03-04,90.25,90.35,88.45,88.99,19875100.0,-0.0139612188365651,14.2761,15.2861,14.1261,14.8161,194700.0,0.0378254565322462
2009-03-05,89.92,92.17,89.23,91.99,23995500.0,0.0230204626334518,14.2361,14.5561,13.5561,13.7161,290900.0,-0.0365268577770597
2009-03-06,91.81,92.95,91.2,92.29,22395300.0,0.0052281886504738,13.8961,14.3161,12.9861,13.6761,929500.0,-0.0158317801397514
2009-03-09,92.29,92.33,89.57,90.57,18311100.0,-0.0186369054068697,13.3661,14.1561,13.2061,13.3161,253000.0,-0.0037408069668788
2009-03-10,89.54,89.61,87.47,88.14,25924900.0,-0.0156354701809247,13.8861,15.0361,13.8861,15.0261,170500.0,0.0820964849741827
2009-03-11,88.49,89.83,87.78,89.22,16680500.0,0.0082495197197423,15.3261,15.6961,14.8561,15.1761,279900.0,-0.0097872257129994
2009-03-12,90.37,91.57,90.14,91.1,20128600.0,0.0080779019586144,15.2761,16.5261,14.8661,16.4361,168800.0,0.0759356118381
2009-03-13,91.87,91.89,90.5,91.3,11693100.0,-0.0062044192881246,16.6861,16.6961,16.1061,16.5761,313400.0,-0.0065923133626191
2009-03-16,90.29,90.96,90.03,90.8,11782500.0,0.0056484660538264,16.8561,16.9761,16.1761,16.2261,189500.0,-0.0373751935501096
2009-03-17,90.26,90.59,89.75,90.04,10052400.0,-0.0024374030578329,16.2661,17.1661,15.9661,17.1661,155600.0,0.0553297963248718
2009-03-18,88.75,93.39,86.83,93.09,59424700.0,0.0489014084507042,17.1161,18.2661,16.7061,17.8561,286500.0,0.0432341479659503
2009-03-19,93.41,94.77,92.91,94.35,35006600.0,0.0100631624023123,18.4061,18.4061,17.7761,17.8361,564400.0,-0.0309679943062354
2009-03-20,93.48,94.37,93.13,93.59,18072300.0,0.0011767222935387,17.9461,18.0261,16.7461,16.9061,338900.0,-0.057951309755323
2009-03-23,93.44,93.91,91.95,92.08,17652600.0,-0.0145547945205479,17.7661,18.8861,17.4561,18.8861,266400.0,0.063041410326408
2009-03-24,90.76,91.66,90.25,90.95,16979800.0,0.0020934332304979,18.4761,18.7761,18.1961,18.1961,620600.0,-0.0151547133864829
2009-03-25,90.87,92.63,90.34,91.98,24788700.0,0.0122152525586001,18.3561,19.0961,17.5461,18.4661,375700.0,0.0059925583321075
2009-03-26,92.72,92.72,91.84,91.93,12365300.0,-0.0085202761000861,18.9761,19.6761,18.7961,19.6361,274100.0,0.0347805924294243
2009-03-27,90.83,91.26,90.41,90.69,11596000.0,-0.0015413409666409,19.2361,19.3961,18.8161,18.8861,224100.0,-0.0181949563580976
2009-03-30,89.97,91.81,89.75,89.98,16425900.0,0.000111148160498,18.1861,18.2061,17.4561,17.8961,110600.0,-0.0159462446593826
2009-03-31,90.38,90.85,89.58,90.28,14400500.0,-0.0011064394777605,18.2861,18.7561,17.8961,17.9861,61100.0,-0.0164059039379638
2009-04-01,91.34,91.38,90.21,91.03,12298700.0,-0.0033939128530764,17.5661,18.5561,17.4461,18.5261,102200.0,0.0546507192831647
2009-04-02,88.75,89.36,87.92,88.8,24829000.0,0.0005633802816901,19.4461,20.3861,19.3661,19.8561,206400.0,0.0210839191405988
2009-04-03,88.96,89.44,87.52,87.59,16343600.0,-0.015400179856115,19.9561,20.2861,19.5861,20.2261,151400.0,0.0135296976864216
2009-04-06,86.4,86.44,84.97,85.27,22909600.0,-0.0130787037037038,19.9361,19.9961,19.4161,19.9761,75100.0,0.0020064104814883
2009-04-07,86.27,88.26,86.17,86.74,11004600.0,0.0054480120551755,19.3761,19.4161,18.7861,18.8661,116500.0,-0.0263210862867141
2009-04-08,87.18,87.52,86.26,86.61,12226200.0,-0.0065381968341363,19.1561,19.4861,18.8161,19.4761,174600.0,0.0167048616367632
2009-04-09,86.33,86.88,86.1,86.31,9607100.0,-0.000231669176416,20.3961,20.8361,20.2061,20.8361,72000.0,0.0215727516535022
2009-04-13,88.03,88.45,87.6,87.88,7283700.0,-0.0017039645575372,20.5861,20.8961,20.1361,20.7161,138800.0,0.0063149406638461
2009-04-14,87.78,87.81,87.04,87.37,7167400.0,-0.0046707678286625,20.3561,20.8961,20.1661,20.2661,259000.0,-0.0044212791251762
2009-04-15,87.42,87.94,87.23,87.5,6857000.0,0.0009151223976206,20.1261,20.4761,19.8861,20.4161,760000.0,0.0144091503073123
2009-04-16,87.38,87.45,85.68,85.81,21033600.0,-0.0179674982833599,20.8861,21.4561,20.4561,21.2261,1311400.0,0.0162787691335385
2009-04-17,85.75,86.37,84.92,85.22,22332700.0,-0.0061807580174927,21.2761,21.6761,21.0361,21.5261,254600.0,0.0117502737813791
2009-04-20,86.03,87.34,86.0,86.95,12674400.0,0.0106939439730326,20.9861,20.9861,19.9361,19.9661,141100.0,-0.0486035995254001
2009-04-21,87.85,87.88,86.33,86.89,10655900.0,-0.0109277177006259,19.7561,20.5961,19.7461,20.5461,150100.0,0.0399876493842407
2009-04-22,87.03,87.82,86.8,87.38,10085900.0,0.0040216017465241,20.1861,21.6161,20.1861,20.8161,466900.0,0.0312095947211199
2009-04-23,87.71,89.37,87.62,88.8,16621000.0,0.0124273172956333,20.8861,21.0261,20.2761,20.9061,477100.0,0.000957574654914
2009-04-24,89.1,89.84,88.83,89.72,11425800.0,0.0069584736251403,21.3361,21.9061,20.9161,21.6361,516900.0,0.0140606765060156
2009-04-27,89.33,89.79,88.94,89.01,7147600.0,-0.0035822232172841,20.9561,21.8061,20.9361,21.2161,166700.0,0.0124068886863491
2009-04-28,87.33,87.95,87.11,87.75,8570100.0,0.0048093438680865,20.8861,21.5061,20.7261,21.1161,456600.0,0.0110121085315114
2009-04-29,88.31,88.78,87.67,88.33,8098300.0,0.0002264749179027,21.6561,22.4461,21.4661,22.0261,356600.0,0.0170852554245686
2009-04-30,86.83,87.78,86.54,87.27,9713800.0,0.0050673730277553,22.7761,23.0361,22.0161,22.1561,570100.0,-0.0272215172922493
2009-05-01,86.75,87.49,86.69,86.95,6122400.0,0.0023054755043227,21.9961,22.6761,21.9361,22.3961,295400.0,0.0181850418937903
2009-05-04,87.55,89.18,87.55,88.64,10813100.0,0.0124500285551114,22.8361,23.8161,22.7761,23.8161,402600.0,0.0429145081690831
2009-05-05,89.71,89.73,87.88,88.25,9953800.0,-0.0162746628023631,23.5861,23.8461,23.2261,23.7061,1826600.0,0.005087742356727
2009-05-06,89.46,89.69,88.84,89.54,11334900.0,0.0008942544153813,24.2861,24.2861,23.2061,23.7661,363700.0,-0.0214114246420791
2009-05-07,90.13,90.3,89.24,89.44,14808900.0,-0.0076556085654055,24.4061,24.4061,22.6961,22.9561,304600.0,-0.0594113766640306
2009-05-08,89.71,90.09,88.91,89.98,10939800.0,0.0030096979155056,23.5961,23.9561,23.0961,23.7861,293100.0,0.0080521781141799
2009-05-11,89.64,90.01,89.5,89.69,12211600.0,0.0005577867023649,24.1161,24.1161,22.8561,23.3161,285400.0,-0.0331728596248979
2009-05-12,90.4,90.84,89.95,90.7,15764900.0,0.0033185840707964,23.3861,23.7261,22.4161,22.9961,204900.0,-0.0166765728360008
2009-05-13,90.44,91.5,90.31,91.09,17445900.0,0.00718708536046,22.5661,22.5661,21.6161,21.7461,242200.0,-0.0363376923792768
2009-05-14,90.9,91.26,90.7,91.03,8023400.0,0.0014301430143013,21.7261,22.4361,21.6161,22.1161,183700.0,0.0179507596853554
2009-05-15,91.15,91.81,91.1,91.55,11705800.0,0.0043883708173339,22.0661,22.5461,21.7961,21.9561,233500.0,-0.0049850222739858
2009-05-18,91.53,91.57,90.14,90.36,17353900.0,-0.0127826941986234,22.3261,23.0761,22.1061,23.0361,194400.0,0.031801344614599
2009-05-19,90.64,91.35,90.57,90.96,9630300.0,0.0035304501323918,23.0361,23.6561,22.8661,23.2461,206500.0,0.0091161264276503
2009-05-20,91.54,92.44,91.52,92.25,18272500.0,0.0077561721651736,23.5261,24.2161,23.0361,23.0761,121600.0,-0.0191276922226803
2009-05-21,92.35,93.86,91.93,93.85,21830200.0,0.0162425554953979,22.5961,22.6961,21.8861,22.2261,186800.0,-0.0163745071052084
2009-05-22,94.25,94.42,93.8,94.15,15407200.0,-0.0010610079575596,22.3461,22.6061,21.9561,22.2061,119900.0,-0.0062650753375309
2009-05-26,92.95,93.84,92.85,93.76,12356100.0,0.0087143625605164,21.8161,23.4161,21.8161,23.3861,271200.0,0.0719652000128345
2009-05-27,93.73,94.28,93.1,93.45,13688100.0,-0.0029873039581777,23.3161,23.8161,22.9061,22.9261,106200.0,-0.0167266395323401
2009-05-28,94.14,94.83,93.8,94.24,14973200.0,0.0010622477161673,23.1861,23.4361,22.5261,23.2461,74600.0,0.0025877573201184
2009-05-29,95.7,96.35,95.58,96.2,18137800.0,0.0052246603970741,23.5261,23.8161,23.2761,23.8161,87900.0,0.0123267349879495
2009-06-01,96.47,96.76,95.63,95.73,17921200.0,-0.0076707784803565,24.3561,25.3861,24.3561,25.2361,115900.0,0.0361305791978189
2009-06-02,96.19,96.97,96.1,96.36,14532700.0,0.0017673354818588,25.0861,25.5461,24.9861,25.3061,150500.0,0.0087697968197528
2009-06-03,95.9,96.21,94.31,94.41,18204700.0,-0.0155370177267988,24.9661,25.0861,24.1261,24.5261,127100.0,-0.0176238980056957
2009-06-04,95.24,96.49,95.2,96.23,13629500.0,0.010394792104158,24.8661,24.9061,24.3361,24.8361,109100.0,-0.0012064618094514
2009-06-05,94.24,94.79,93.57,93.71,18600800.0,-0.0056239388794567,25.4661,25.4661,24.4261,24.7561,129800.0,-0.0278802015228087
2009-06-08,93.26,93.7,92.58,93.56,11551100.0,0.0032168132103795,24.5461,24.7161,23.9161,24.4461,100400.0,-0.0040739669438321
2009-06-09,94.27,94.39,93.44,93.83,9477700.0,-0.0046674445740956,24.5961,25.3061,24.5961,25.0461,110000.0,0.018295583446156
2009-06-10,94.5,94.53,92.9,93.86,14441800.0,-0.0067724867724867,25.5661,25.5661,24.4161,24.9761,148900.0,-0.0230774345715615
2009-06-11,93.13,94.53,93.0,93.7,14777600.0,0.006120476752926,25.1161,25.5861,24.9961,25.2361,97800.0,0.0047778118418066
2009-06-12,92.41,92.76,92.0,92.17,13809400.0,-0.0025971215236445,25.0061,25.1361,24.5761,25.1061,249900.0,0.0039990242380859
2009-06-15,91.9,91.9,90.9,91.1,13116700.0,-0.0087051142546247,24.7661,24.7661,23.8661,24.1361,70300.0,-0.0254379979084313
2009-06-16,91.87,92.12,91.35,91.93,9834200.0,0.000653096767171,24.3661,24.4661,23.3361,23.4561,48600.0,-0.0373469697653707
2009-06-17,91.61,92.39,90.15,92.35,12130100.0,0.0080777207728413,23.3461,23.8261,23.0461,23.4761,119400.0,0.0055683818710619
2009-06-18,92.24,92.5,91.3,91.61,16239200.0,-0.0068300086730268,23.5161,23.6761,23.1261,23.5861,67900.0,0.0029766840590062
2009-06-19,91.81,92.23,91.58,91.9,11812300.0,0.0009802853719638,23.9661,24.0861,23.5761,23.7661,52900.0,-0.0083451208164865
2009-06-22,90.41,90.64,90.13,90.54,12956300.0,0.0014378940382702,23.3961,23.3961,22.3361,22.3361,72400.0,-0.0453066964152146
2009-06-23,90.66,91.03,89.95,90.92,11958500.0,0.0028678579307302,22.4361,22.5461,21.9261,22.3261,58400.0,-0.0049028128774608
2009-06-24,92.09,92.33,91.04,91.45,12113800.0,-0.0069497230969703,22.5761,23.1561,22.5661,22.8361,87400.0,0.0115166038421161
2009-06-25,92.12,92.33,91.72,92.31,11444800.0,0.0020625271385149,22.5761,23.8061,22.5761,23.8061,81400.0,0.0544823950992421
2009-06-26,92.81,92.93,91.93,92.29,10418500.0,-0.0056028445210644,23.6561,23.8561,23.5261,23.7161,84800.0,0.0025363436914792
2009-06-29,92.32,92.4,91.71,92.04,6528700.0,-0.0030329289428074,23.8661,24.1261,23.4961,23.9961,65400.0,0.0054470567038602
2009-06-30,91.85,91.96,90.53,91.18,24189500.0,-0.0072945019052802,24.1261,24.2561,23.5161,23.7761,69900.0,-0.0145071105566171
2009-07-01,92.31,93.0,92.0,92.39,10743200.0,0.0008666450005416,23.9961,24.3261,23.8161,23.8261,44600.0,-0.0070844845620745
2009-07-02,91.47,91.58,91.08,91.25,7365200.0,-0.0024051601618016,23.3161,23.3861,22.7661,22.7961,62600.0,-0.0223021860431204
2009-07-06,90.48,90.93,90.36,90.76,6286200.0,0.0030946065428824,22.4761,22.5761,21.9061,22.3361,51700.0,-0.0062288386330368
2009-07-07,90.89,91.38,90.5,90.71,7690200.0,-0.0019804158873364,22.3161,22.3661,21.5161,21.5561,332500.0,-0.0340561298793247
2009-07-08,90.11,91.04,88.82,89.27,21958200.0,-0.0093219398512929,21.6261,21.7461,20.9161,21.3961,348000.0,-0.0106352971640749
2009-07-09,89.63,90.26,89.33,89.51,13688100.0,-0.0013388374428203,21.6161,21.9361,21.4261,21.6561,76400.0,0.0018504725644311
2009-07-10,89.3,89.77,89.16,89.58,5040100.0,0.0031354983202687,21.4961,21.8561,21.3161,21.6161,74700.0,0.0055824079716786
2009-07-13,89.45,90.69,89.1,90.19,8809500.0,0.0082727780883174,21.6761,22.2861,21.0361,22.2361,107500.0,0.0258349057256609
2009-07-14,90.86,91.11,90.59,90.81,5720900.0,-0.0005502971604666,22.3061,22.6761,22.1761,22.6761,63800.0,0.0165873908930741
2009-07-15,92.17,92.52,92.03,92.24,9863800.0,0.0007594662037538,23.1861,23.7861,23.1561,23.6861,148400.0,0.0215646443343209
2009-07-16,92.0,92.12,91.55,91.98,4604600.0,-0.0002173913043477,23.5961,24.3561,23.5161,24.2261,66800.0,0.026699327431228
2009-07-17,92.15,92.3,91.84,91.93,8748400.0,-0.0023874118285404,24.1561,24.3761,23.9261,24.2261,39800.0,0.0028978187704141
2009-07-20,93.61,93.8,92.91,93.28,13172100.0,-0.0035252643948295,24.5561,24.9661,24.4561,24.8961,82300.0,0.0138458468567891
2009-07-21,93.52,93.53,92.69,93.13,9343800.0,-0.0041702309666381,25.1961,25.2661,24.4961,25.0961,87700.0,-0.003968868197856
2009-07-22,92.82,93.82,92.73,93.44,10241300.0,0.006679594914889,24.9661,25.4261,24.9061,25.2361,61400.0,0.0108146646853132
2009-07-23,93.2,94.0,93.11,93.26,9763900.0,0.0006437768240343,25.2061,26.3261,25.1761,26.2461,79000.0,0.0412598537655567
2009-07-24,93.48,93.71,93.33,93.41,4734000.0,-0.0007488232777065,25.8361,26.5361,25.8061,26.5161,72300.0,0.0263197618835661
2009-07-27,93.9,93.95,93.36,93.71,5167300.0,-0.0020234291799788,26.3861,26.5561,26.0961,26.5361,47700.0,0.0056848113211123
2009-07-28,92.74,92.82,91.65,92.11,10881200.0,-0.0067931852490834,26.2261,26.6161,25.9861,26.4861,49000.0,0.0099137881728507
2009-07-29,91.67,91.75,90.81,91.2,9676100.0,-0.0051270862877713,26.2661,26.2661,25.9161,26.2361,30000.0,-0.0011421566201301
2009-07-30,91.55,92.0,91.44,91.62,6246700.0,0.0007646095030039,26.7061,27.0461,26.5061,26.5961,73600.0,-0.004118909163075
2009-07-31,91.86,94.03,91.83,93.35,14385900.0,0.0162203352928368,26.4261,26.8961,26.4261,26.6661,56500.0,0.0090819303642988
2009-08-03,94.14,94.49,93.65,93.87,10007600.0,-0.0028680688336519,27.0861,27.5161,26.8561,27.5061,80300.0,0.0155061082990907
2009-08-04,94.18,95.25,93.99,94.68,11548600.0,0.0053089827988957,27.3761,27.8161,27.2761,27.6061,92300.0,0.0084014888899441
2009-08-05,94.88,95.05,94.01,94.78,8987000.0,-0.0010539629005058,27.7561,27.7561,27.0661,27.4061,43000.0,-0.0126098407196977
2009-08-06,95.01,95.19,93.76,94.6,13661000.0,-0.0043153352278708,27.5161,27.6361,26.7861,26.9861,1628200.0,-0.0192614505689396
2009-08-07,94.32,94.64,93.6,93.75,8042000.0,-0.0060432569974553,27.5961,27.9761,27.2061,27.7561,39600.0,0.0057979207206815
2009-08-10,92.91,93.14,92.6,92.93,6420500.0,0.0002152620815844,27.6661,27.8461,27.4161,27.6161,54900.0,-0.0018072659319528
2009-08-11,92.68,92.97,92.41,92.79,5029900.0,0.0011868795856711,27.4661,27.5261,27.0361,27.2061,39500.0,-0.0094662147155949
2009-08-12,92.6,93.49,92.47,92.95,7906400.0,0.0037796976241901,27.2261,28.0461,27.1661,27.7061,40500.0,0.0176301416655341
2009-08-13,93.85,94.05,93.45,93.72,6756000.0,-0.0013851891315929,27.9861,28.1161,27.4361,28.1161,51600.0,0.004645163134556
2009-08-14,93.84,93.91,92.4,93.0,6189400.0,-0.0089514066496164,28.0561,28.0561,27.1961,27.4861,32600.0,-0.0203164374235906
2009-08-17,91.49,91.86,91.28,91.61,6830800.0,0.0013116187561482,26.7761,26.8261,26.2961,26.3861,44900.0,-0.0145652279458173
2009-08-18,91.81,92.2,91.76,92.06,4354600.0,0.0027230149221217,26.5461,26.9261,26.4061,26.8461,35400.0,0.0113010950761129
2009-08-19,91.68,92.78,91.66,92.53,7119800.0,0.0092713787085514,26.4361,27.2461,26.3261,27.2061,58600.0,0.0291268379223864
2009-08-20,92.31,92.55,92.12,92.27,3973000.0,-0.0004333225002708,27.0861,27.5661,26.9161,27.5361,68200.0,0.0166136874633115
2009-08-21,93.63,93.8,93.4,93.65,7285300.0,0.0002136067499734,27.7961,28.4361,27.7661,28.3261,97600.0,0.019067423127705
2009-08-24,93.64,93.7,91.64,92.34,8548000.0,-0.0138829560017086,28.5661,28.7261,28.0961,28.2061,58400.0,-0.012602350338338
2009-08-25,93.4,93.46,92.49,92.76,8280500.0,-0.0068522483940042,28.4761,28.7561,28.2061,28.2961,35100.0,-0.0063210903178454
2009-08-26,92.67,92.85,92.21,92.79,5224300.0,0.0012949174490126,28.1461,28.4861,28.0261,28.2161,28200.0,0.0024870230689154
2009-08-27,92.8,93.31,92.38,93.19,6870300.0,0.0042025862068965,28.1861,28.4761,27.5161,28.3461,37000.0,0.0056765568844217
2009-08-28,94.07,94.15,93.63,93.87,6757700.0,-0.0021260763261399,28.8361,28.8761,28.0961,28.4561,84200.0,-0.013177926279906
2009-08-31,93.14,93.5,92.92,93.4,4952900.0,0.0027914966716771,28.0861,28.0861,27.6661,27.9261,53200.0,-0.0056967681522175
2009-09-01,93.41,93.96,93.06,93.9,8002400.0,0.0052456910395033,27.7461,28.4361,26.9761,26.9961,67200.0,-0.0270308259539178
2009-09-02,94.7,96.26,94.57,96.19,27673700.0,0.0157338965153114,26.8061,27.1161,26.6861,26.9261,39200.0,0.0044765930142766
2009-09-03,96.52,97.94,96.2,97.46,26443600.0,0.0097389142146705,27.1661,27.4061,26.8161,27.4061,39500.0,0.0088345401069715
2009-09-04,97.14,97.83,96.0,97.53,14911000.0,0.0040148239654107,27.4961,28.0861,27.3261,28.0361,55900.0,0.0196391488247425
2009-09-08,98.57,98.64,97.39,97.43,22938800.0,-0.0115653850055796,28.5861,28.7361,28.3961,28.7361,34100.0,0.0052473055086213
2009-09-09,97.98,98.36,96.85,97.08,20439900.0,-0.0091855480710349,28.8161,29.3661,28.5461,29.2161,68700.0,0.0138811289522177
2009-09-10,97.03,98.03,96.88,97.7,12249000.0,0.0069050809028135,29.2361,29.8061,29.1361,29.7961,42600.0,0.0191544015788699
2009-09-11,98.96,99.33,98.27,98.78,19499400.0,-0.0018189167340338,29.8161,30.1461,29.5661,29.8561,49700.0,0.0013415570782229
2009-09-14,98.16,98.43,97.73,97.96,9631500.0,-0.0020374898125509,29.5261,30.2161,29.3861,30.1861,72000.0,0.0223531045414057
2009-09-15,97.75,99.1,97.56,98.9,16247000.0,0.011764705882353,30.2061,30.6261,30.0561,30.5661,42000.0,0.0119181224984357
2009-09-16,100.01,100.02,99.5,99.91,16588200.0,-0.000999900009999,30.7361,31.2761,30.5061,31.2761,56300.0,0.0175689173317369
2009-09-17,99.66,100.08,99.04,99.34,12493600.0,-0.0032109171182018,31.1361,31.6261,30.9261,31.0561,59500.0,-0.0025693648208991
2009-09-18,99.73,99.87,98.67,98.67,13937800.0,-0.0106286974832046,31.2661,31.3161,30.8761,31.1661,50300.0,-0.0031983522089419
2009-09-21,97.95,98.62,97.73,98.36,11113200.0,0.0041858090862684,30.7961,31.2361,30.5661,31.1961,49300.0,0.0129886576547031
2009-09-22,99.84,99.84,99.37,99.67,10879500.0,-0.0017027243589743,31.4361,31.5861,31.2661,31.4461,96300.0,0.0003181056174271
2009-09-23,99.16,99.89,98.68,98.83,14688000.0,-0.0033279548204921,31.5861,31.6461,30.8461,30.8461,59000.0,-0.0234280268852437
2009-09-24,99.36,99.44,97.14,97.55,23350200.0,-0.0182165861513687,30.9661,31.0061,29.9161,30.1261,86400.0,-0.0271264382663622
2009-09-25,97.07,97.5,96.77,97.0,10724500.0,-0.0007211290821056,30.0461,30.1861,29.6661,29.8761,62100.0,-0.0056579722493101
2009-09-28,97.21,97.81,97.0,97.05,7791200.0,-0.0016459212015224,30.1561,30.7961,30.0361,30.6761,28100.0,0.017243609087382
2009-09-29,97.19,97.73,96.95,97.43,9262100.0,0.0024693898549234,30.7861,31.1161,30.6661,30.8561,79800.0,0.0022737534146904
2009-09-30,98.31,99.06,97.56,98.85,18664200.0,0.0054928288068354,30.9361,31.0761,30.1161,30.7261,62700.0,-0.0067881859704358
2009-10-01,98.84,98.86,97.88,97.89,11049400.0,-0.0096114933225415,30.5061,30.6161,29.2061,29.2061,139100.0,-0.0426144279340853
2009-10-02,97.84,98.86,97.74,98.37,10475800.0,0.0054170073589534,28.7961,29.3161,28.6861,28.9261,80600.0,0.0045145002274614
2009-10-05,98.48,99.84,98.36,99.82,11709400.0,0.0136068237205522,29.0861,29.8561,29.0161,29.7661,94000.0,0.0233788648185904
2009-10-06,101.33,102.42,100.54,102.28,33537500.0,0.0093753083983026,30.1661,30.7761,30.0961,30.4761,100700.0,0.0102764361319493
2009-10-07,102.29,102.52,101.83,102.36,16194200.0,0.000684328868902,30.4661,30.6261,30.2361,30.5161,140400.0,0.0016411683805935
2009-10-08,102.62,104.15,102.3,103.64,24250200.0,0.0099395829273045,30.8561,31.3061,30.6761,31.1161,135500.0,0.0084262107006393
2009-10-09,103.06,103.25,102.37,102.84,15177500.0,-0.0021346788278672,31.1661,31.4561,31.0061,31.4061,69400.0,0.0077006747716268
2009-10-12,103.39,103.92,103.22,103.56,9179000.0,0.0016442595995744,31.6261,31.9461,31.4061,31.6161,62000.0,-0.000316194535526
2009-10-13,103.7,104.5,103.46,104.26,17358800.0,0.0054001928640308,31.5961,31.7061,31.2261,31.5561,74700.0,-0.0012659790290573
2009-10-14,104.29,104.7,103.76,104.18,17871100.0,-0.0010547511746092,32.0861,32.3861,31.8761,32.3661,62100.0,0.0087265202065692
2009-10-15,103.27,103.95,102.6,102.86,15781300.0,-0.003970175268713,32.0861,32.5261,32.0461,32.5261,56300.0,0.0137131031817515
2009-10-16,102.7,103.68,102.53,103.18,14320600.0,0.0046738072054528,32.2161,32.3761,31.8561,32.2161,78100.0,0.0
2009-10-19,103.16,104.26,102.75,104.23,13936600.0,0.0103722373012796,32.2761,32.8661,32.1161,32.7861,77500.0,0.0158011655683306
2009-10-20,104.34,104.35,102.79,103.42,18250000.0,-0.0088173279662641,32.8661,32.8661,32.0661,32.3861,96000.0,-0.0146047142800637
2009-10-21,103.38,104.46,103.24,103.75,16004800.0,0.0035790288256916,32.2961,32.8661,31.8961,31.8961,91600.0,-0.0123853963791294
2009-10-22,103.46,104.09,103.1,103.92,11575600.0,0.0044461627682196,31.8661,32.4361,31.4261,32.2461,96600.0,0.0119248982460984
2009-10-23,104.5,104.58,102.96,103.49,11423000.0,-0.0096650717703349,32.4061,32.4261,31.5061,31.5961,131300.0,-0.0249952940958647
2009-10-26,103.41,103.97,101.74,101.86,21519400.0,-0.0149888792186442,31.6961,32.3361,31.0961,31.1861,127400.0,-0.0160903076403722
2009-10-27,101.89,102.06,101.22,101.85,18398400.0,-0.0003925802335853,31.3061,31.4161,30.6061,30.6961,86700.0,-0.0194850204912141
2009-10-28,101.5,102.03,100.65,100.73,19344900.0,-0.0075862068965516,30.5661,30.5661,29.1861,29.1961,89300.0,-0.044820896352495
2009-10-29,101.72,102.76,101.5,102.69,15322600.0,0.0095359811246559,29.5361,30.3461,29.5361,30.2861,43400.0,0.025392655089873
2009-10-30,102.33,102.66,101.48,102.53,15244500.0,0.0019544610573634,30.0961,30.2961,28.8661,28.9361,121600.0,-0.0385431999494951
2009-11-02,103.5,104.25,103.25,103.95,15440900.0,0.0043478260869565,28.9961,29.6961,28.5861,29.1761,101400.0,0.0062077313845656
2009-11-03,103.74,106.7,103.72,106.46,33610400.0,0.0262193946404472,28.9261,29.6161,28.6661,29.5861,81800.0,0.0228167640988586
2009-11-04,107.11,107.68,106.43,107.1,27197500.0,-9.33619643357774e-05,29.8361,30.3361,29.6361,29.6361,94700.0,-0.0067032889687324
2009-11-05,106.81,107.2,106.6,106.98,10189000.0,0.0015916112723527,30.0861,30.6461,29.9561,30.6461,65400.0,0.0186132466487847
2009-11-06,107.38,108.04,107.06,107.43,14789000.0,0.0004656360588565,30.3261,30.8261,30.1861,30.6561,75100.0,0.0108817157497996
2009-11-09,108.69,108.75,107.91,108.19,18444800.0,-0.004600239212439,31.0061,31.6761,31.0061,31.6261,54200.0,0.0199960652903783
2009-11-10,108.03,108.78,107.7,108.39,15973300.0,0.0033324076645376,31.5761,31.8561,31.4161,31.6361,32700.0,0.001900171332115
2009-11-11,109.49,109.71,109.0,109.6,17670800.0,0.001004657959631,32.0661,32.2761,31.6461,31.8761,51400.0,-0.0059252606335038
2009-11-12,109.16,109.56,108.12,108.21,17859900.0,-0.008702821546354,31.8261,32.0161,31.1861,31.2761,74100.0,-0.0172814136824807
2009-11-13,108.32,109.8,108.14,109.74,17246000.0,0.013109305760709,31.4361,31.7861,31.1361,31.6661,96900.0,0.0073164292008232
2009-11-16,110.7,112.16,110.65,111.63,25002300.0,0.00840108401084,32.0361,32.5761,31.8961,32.3961,33000.0,0.0112373228951089
2009-11-17,111.09,111.99,110.9,111.97,19831100.0,0.0079215050859662,32.1961,32.2661,31.9061,32.2661,69100.0,0.0021741763753995
2009-11-18,112.69,113.09,111.8,112.25,22336900.0,-0.0039045168160439,32.2761,32.2761,31.6861,31.8861,49800.0,-0.0120832442581352
2009-11-19,111.85,112.4,110.76,112.3,21249900.0,0.0040232454179705,31.5061,31.5061,30.6561,30.9961,51600.0,-0.0161873414989478
2009-11-20,111.74,112.94,111.54,112.94,17302500.0,0.0107392160372293,30.7561,30.7961,30.4461,30.7161,46300.0,-0.0013005550118512
2009-11-23,114.67,115.12,113.99,114.29,24457700.0,-0.0033138571553152,31.2661,31.6661,31.0561,31.2061,58100.0,-0.0019190113253652
2009-11-24,114.73,114.81,113.97,114.73,22618000.0,0.0,31.2061,31.2761,30.8261,31.1861,62000.0,-0.0006409003367931
2009-11-25,115.69,116.88,115.53,116.62,24569900.0,0.0080387241766791,31.3061,31.6461,31.1461,31.6461,45000.0,0.0108605032246111
2009-11-27,113.08,115.81,113.02,115.06,21234400.0,0.0175097276264591,29.9161,31.1261,29.9161,30.7961,20600.0,0.0294155989584203
2009-11-30,114.48,115.89,114.27,115.64,16421000.0,0.0101327742837176,30.7761,30.7961,30.3261,30.7461,83400.0,-0.0009747823798337
2009-12-01,117.3,117.93,116.78,117.38,27721300.0,0.0006820119352088,31.1161,31.6961,31.1161,31.5461,38900.0,0.0138192125619855
2009-12-02,118.8,119.27,118.3,119.18,31109300.0,0.0031986531986532,31.4461,32.0661,31.4461,31.7461,62300.0,0.0095401337526751
2009-12-03,118.57,119.54,118.03,118.7,28864000.0,0.0010963987517922,31.9261,32.1461,31.2961,31.3061,34300.0,-0.0194198477108071
2009-12-04,117.15,117.26,112.41,113.75,79182600.0,-0.0290226205719163,32.0761,32.3461,31.1861,31.7561,94300.0,-0.0099762751706097
2009-12-07,111.51,114.22,111.44,113.11,42538700.0,0.01434848892476,31.7161,32.0161,31.6561,31.7661,46900.0,0.001576486390193
2009-12-08,112.76,113.06,110.21,110.95,37655000.0,-0.0160517914153955,31.3861,31.6361,30.9561,31.3661,46600.0,-0.0006372247587307
2009-12-09,111.6,112.48,109.38,110.84,37125900.0,-0.0068100358422938,31.3461,31.5561,30.8961,31.4561,33800.0,0.0035092084820759
2009-12-10,110.66,111.03,110.04,110.82,20531800.0,0.0014458702331465,31.7761,32.0461,31.7561,31.8561,53300.0,0.0025176154405355
2009-12-11,110.6,110.82,108.72,109.32,28983100.0,-0.0115732368896925,32.0861,32.1261,31.7761,32.0661,41200.0,-0.0006233228718978
2009-12-14,110.01,110.7,109.5,110.24,16339100.0,0.002090719025543,32.4261,32.8561,32.2961,32.8561,47100.0,0.013260922528457
2009-12-15,109.94,110.57,109.39,110.21,20059500.0,0.0024558850281971,32.5961,33.0261,32.5961,32.8461,39700.0,0.0076696291887679
2009-12-16,110.83,111.91,110.63,111.59,22850300.0,0.0068573490932058,33.0361,33.3761,33.0361,33.1761,77400.0,0.0042377883587953
2009-12-17,109.47,109.98,107.28,107.34,35016800.0,-0.0194573855850917,32.8461,32.9361,32.5561,32.6661,90000.0,-0.0054801026605898
2009-12-18,108.0,109.5,107.04,108.95,25591700.0,0.0087962962962963,32.8661,33.0961,32.5161,33.0161,115100.0,0.0045639732125198
2009-12-21,109.17,109.3,106.82,106.95,23314200.0,-0.0203352569387194,33.2761,33.7161,33.2761,33.6261,61800.0,0.0105180595081755
2009-12-22,106.79,107.09,105.31,106.17,28702900.0,-0.0058057870587134,33.8061,34.1261,33.6561,34.0961,77500.0,0.0085783334960258
2009-12-23,106.65,107.45,106.3,106.55,16941900.0,-0.0009376465072668,34.1761,34.5561,34.0961,34.5461,179400.0,0.010826279183406
2009-12-24,107.9,108.37,107.77,108.36,7991600.0,0.0042632066728451,34.3061,34.5261,34.3061,34.5261,20500.0,0.006412853690743
2009-12-28,108.64,108.78,107.91,108.55,9637500.0,-0.0008284241531664,34.6461,34.7061,34.2661,34.4561,48400.0,-0.0054840227327173
2009-12-29,108.5,108.5,107.45,107.47,11043700.0,-0.0094930875576036,34.5161,34.5261,34.2761,34.3061,45900.0,-0.0060841172670145
2009-12-30,106.64,107.44,106.4,106.93,9399600.0,0.0027194298574644,34.1661,34.3061,34.0461,34.2261,106000.0,0.0017561266869792
2009-12-31,107.98,108.11,107.24,107.31,9124700.0,-0.0062048527505093,34.3861,34.4061,33.7861,33.8061,100500.0,-0.0168672806744585
2010-01-04,109.82,110.14,109.31,109.8,16224100.0,-0.0001821161901292,34.3861,34.7561,33.8461,34.7361,83600.0,0.0101785314414836
2010-01-05,109.88,110.39,109.26,109.7,14213100.0,-0.0016381507098652,34.7561,35.0461,34.6161,35.0161,90000.0,0.0074807012294244
2010-01-06,110.71,111.77,110.41,111.51,24981900.0,0.0072260861710776,34.9261,35.4261,34.9261,35.3761,68000.0,0.0128843472360212
2010-01-07,111.07,111.29,110.62,110.82,13609800.0,-0.002250832808139,35.3061,35.4961,35.0261,35.4761,83900.0,0.0048150319633151
2010-01-08,111.52,111.58,110.26,111.37,15894600.0,-0.0013450502152079,35.3161,35.7661,35.1661,35.7661,51600.0,0.0127420638179188
2010-01-11,113.34,113.59,112.52,112.85,17253000.0,-0.0043232751014647,36.0461,36.0961,35.4661,35.7061,123800.0,-0.0094323657760479
2010-01-12,112.38,113.05,110.14,110.49,29182600.0,-0.0168179391350774,35.4161,35.4161,34.6561,34.9461,54800.0,-0.0132708005681031
2010-01-13,110.92,111.57,109.57,111.54,20014000.0,0.0055896141363145,35.1561,35.5461,34.6461,35.5061,41800.0,0.0099555980327738
2010-01-14,111.51,112.37,110.79,112.03,18305300.0,0.004663258900547,35.4061,35.6261,35.2361,35.4561,56900.0,0.0014121860357395
2010-01-15,111.35,112.01,110.38,110.86,18002700.0,-0.0044005388414907,35.4561,35.4561,34.5261,34.7361,57900.0,-0.0203068019325306
2010-01-19,110.95,111.75,110.83,111.52,10468200.0,0.005137449301487,34.8661,35.1961,34.7061,35.1861,76300.0,0.0091779694316255
2010-01-20,109.97,110.05,108.46,108.94,17535000.0,-0.0093661907793034,34.8061,34.8061,34.2661,34.7361,67200.0,-0.0020111417251573
2010-01-21,108.48,108.78,106.61,107.37,25748400.0,-0.0102323008849557,34.8161,34.9661,33.9061,33.9661,55700.0,-0.0244139923770899
2010-01-22,106.93,107.68,106.01,107.17,24210100.0,0.0022444589918637,33.9861,33.9861,32.8161,32.8961,67700.0,-0.0320719352911926
2010-01-25,107.44,107.72,107.07,107.48,13200500.0,0.0003723008190618,33.2461,33.3661,32.8561,33.0661,35700.0,-0.0054141688799588
2010-01-26,106.87,107.99,106.75,107.56,12297100.0,0.0064564424066622,32.9161,33.2361,32.5861,32.8361,37400.0,-0.0024304215870044
2010-01-27,107.53,108.8,106.16,106.53,19005100.0,-0.009299730307821,32.6361,32.9261,32.2461,32.8661,41800.0,0.00704741068939
2010-01-28,107.18,107.23,105.18,106.48,16793900.0,-0.0065310692293338,32.9561,33.0661,31.9161,32.2261,48100.0,-0.0221506792369241
2010-01-29,105.88,106.3,105.27,105.96,20278800.0,0.0007555723460521,32.4461,32.7761,31.3161,31.5761,46900.0,-0.0268137002598155
2010-02-01,106.64,108.48,106.37,108.35,14901900.0,0.0160352588147036,31.5861,32.3661,31.5861,32.3561,59700.0,0.0243778117589699
2010-02-02,109.16,109.6,108.61,109.13,14292200.0,-0.000274825943569,32.3761,33.1661,32.3061,33.1161,39600.0,0.0228563662701808
2010-02-03,109.1,109.54,108.43,108.7,13393200.0,-0.0036663611365718,32.8861,33.1561,32.7361,32.8561,42500.0,-0.0009122395176077
2010-02-04,106.79,106.8,103.75,104.37,39991900.0,-0.0226612978743328,32.4261,32.4261,31.0561,31.0561,66100.0,-0.0422499159627583
2010-02-05,103.76,104.68,102.28,104.68,32656700.0,0.0088666152659984,31.0961,31.0961,29.9861,31.0761,141200.0,-0.0006431674711619
2010-02-08,104.41,105.14,104.0,104.04,17176600.0,-0.0035437218657215,31.0861,31.5161,30.7161,30.9461,69600.0,-0.0045036205892664
2010-02-09,105.18,106.15,104.87,105.41,25959200.0,0.0021867275147365,31.5661,31.9661,31.1961,31.6861,75600.0,0.0038015465958734
2010-02-10,105.13,105.5,104.11,105.12,16215200.0,-9.512032721383912e-05,31.5461,31.7461,31.0161,31.4861,42000.0,-0.0019019783745058
2010-02-11,105.58,107.56,105.27,107.13,19350100.0,0.0146808107596135,31.3961,32.2761,31.1961,32.2561,56000.0,0.0273919372151319
2010-02-12,106.08,107.1,105.57,107.04,14464200.0,0.0090497737556561,31.7261,32.3961,31.5661,32.3961,68800.0,0.0211182590989752
2010-02-16,109.45,109.87,109.1,109.62,20895700.0,0.001553220648698,32.8661,33.3161,32.7361,33.2961,62800.0,0.0130833898758903
2010-02-17,109.66,110.01,108.87,109.25,19593400.0,-0.0037388291081524,33.5461,33.6461,33.2961,33.6061,40000.0,0.0017885834716999
2010-02-18,109.61,110.11,109.19,109.98,19177400.0,0.0033756044156555,33.6261,33.9261,33.5161,33.8861,98600.0,0.0077320890617704
2010-02-19,109.32,110.39,108.81,109.47,21928700.0,0.0013721185510428,33.7761,34.2261,33.7061,34.0761,50100.0,0.0088820201266575
2010-02-22,109.86,109.97,108.66,109.07,10742800.0,-0.0071909703258693,34.2561,34.3161,33.9261,34.0261,65000.0,-0.0067141326654232
2010-02-23,108.84,108.91,107.65,107.89,13629600.0,-0.0087284086732819,33.9361,33.9361,33.1261,33.1761,110400.0,-0.0223950306605651
2010-02-24,107.33,108.16,107.1,107.36,17207400.0,0.0002795117860803,33.4361,33.7861,33.3961,33.6861,40000.0,0.0074769485675661
2010-02-25,106.7,108.7,106.6,108.31,23400400.0,0.0150890346766635,33.0261,33.8661,32.8161,33.8361,53500.0,0.0245260566642746
2010-02-26,108.89,109.6,108.41,109.43,13033900.0,0.0049591330700707,33.8661,34.0161,33.5961,33.9961,38400.0,0.0038386469064933
2010-03-01,109.48,109.9,108.97,109.43,12830900.0,-0.0004567044208987,34.1661,35.0061,34.1661,34.9861,111000.0,0.0240003980553823
2010-03-02,109.86,111.45,109.86,111.02,20102200.0,0.0105588931367194,35.1861,35.4761,35.1461,35.2861,149900.0,0.0028420313703421
2010-03-03,111.46,112.18,111.18,111.63,16222100.0,0.0015252108379687,35.3861,35.7361,35.3061,35.3961,50800.0,0.0002825968388717
2010-03-04,111.25,111.37,110.22,110.83,12944800.0,-0.0037752808988764,35.4461,35.5961,35.2061,35.4261,43800.0,-0.000564236968242
2010-03-05,111.13,111.75,110.8,110.81,11091400.0,-0.0028795104832177,35.7361,36.2161,35.6861,36.1861,103000.0,0.0125923086178962
2010-03-08,111.22,111.3,109.52,109.88,12753800.0,-0.0120481927710843,36.2561,36.3161,36.0961,36.1461,97900.0,-0.003033972214331
2010-03-09,109.16,110.16,109.04,109.72,12650800.0,0.005130084279956,35.9961,36.4861,35.9461,36.2161,69300.0,0.0061117732198765
2010-03-10,109.94,110.5,108.02,108.47,21982100.0,-0.0133709295979625,36.2561,36.7061,36.2561,36.6861,32400.0,0.011860073201475
2010-03-11,108.28,108.65,107.86,108.6,9513300.0,0.0029553010712965,36.4761,36.8161,36.3161,36.8161,85600.0,0.0093211719454655
2010-03-12,108.56,108.77,107.45,107.95,11849000.0,-0.0056190125276344,37.0061,37.0161,36.6561,36.9061,73300.0,-0.0027022571954353
2010-03-15,108.16,108.56,107.82,108.36,7698600.0,0.0018491124260355,36.8061,36.8061,36.2161,36.6061,40700.0,-0.0054338818837095
2010-03-16,110.02,110.57,109.7,110.4,17749300.0,0.003453917469551,36.8061,37.1761,36.6061,37.1761,102300.0,0.0100526814848624
2010-03-17,110.18,110.46,109.55,109.59,13784300.0,-0.0053548738428027,37.2961,37.6661,37.2661,37.4461,51100.0,0.0040218682382339
2010-03-18,110.1,110.61,109.5,110.34,13848400.0,0.0021798365122616,37.5061,37.5461,37.0861,37.2061,49300.0,-0.0079986988783159
2010-03-19,108.28,110.29,107.85,108.28,24329100.0,0.0,36.6661,37.3961,36.5661,36.6661,44700.0,0.0
2010-03-22,107.31,108.0,106.95,107.75,11579400.0,0.0041002702450843,36.2761,37.3561,36.2761,37.2861,143000.0,0.0278420227091665
2010-03-23,107.5,108.5,107.34,108.32,11274400.0,0.0076279069767441,37.4261,37.8161,37.2461,37.8161,51700.0,0.010420535401765
2010-03-24,106.94,107.07,106.24,106.3,14236700.0,-0.005984664297737,37.6261,37.6861,37.3761,37.4861,54500.0,-0.0037208214510672
2010-03-25,107.0,107.25,106.48,106.78,16866700.0,-0.0020560747663551,37.8161,37.8861,37.0361,37.0761,61700.0,-0.0195683848942646
2010-03-26,107.16,108.7,106.82,108.59,17433600.0,0.01334453154162,37.1861,37.4561,36.7661,37.0861,36700.0,-0.0026891768698519
2010-03-29,108.87,109.17,108.4,108.75,11527000.0,-0.0011022320198402,37.3161,37.6361,37.3161,37.6161,26700.0,0.0080394253418766
2010-03-30,108.57,108.66,107.87,107.97,9817700.0,-0.0055263885051118,37.6961,37.8361,37.3161,37.6861,28600.0,-0.0002652794320897
2010-03-31,109.44,109.5,108.85,108.95,14006800.0,-0.0044773391812865,37.4961,37.8061,37.4161,37.4361,34400.0,-0.0016001664173072
2010-04-01,109.97,110.47,109.92,110.26,11370500.0,0.0026370828407748,37.7961,38.1761,37.6061,37.9661,45800.0,0.0044978185579992
2010-04-05,110.56,110.98,110.27,110.89,8207900.0,0.0029848046309695,38.2761,38.7961,38.1561,38.7961,50400.0,0.0135855011351732
2010-04-06,110.89,111.51,110.83,111.03,10322300.0,0.0012625123996753,38.5561,38.9661,38.5161,38.8461,210000.0,0.007521507621362
2010-04-07,111.85,112.93,111.77,112.49,19139500.0,0.0057219490388913,38.8161,38.8161,38.1761,38.4361,66700.0,-0.0097897521904569
2010-04-08,112.47,112.98,112.13,112.65,12445400.0,0.0016004267804748,38.2961,38.5461,37.8561,38.4961,35600.0,0.0052224639062462
2010-04-09,113.09,114.07,112.74,113.64,16427800.0,0.0048633831461667,38.6361,38.9861,38.4861,38.9861,29800.0,0.0090588853429823
2010-04-12,113.64,114.13,112.98,113.01,11118900.0,-0.0055438225976768,39.0761,39.2361,38.9861,39.0861,71300.0,0.0002559109020604
2010-04-13,113.12,113.16,112.06,112.69,11261100.0,-0.0038012729844413,39.0161,39.2361,38.8061,39.1861,34700.0,0.0043571756274974
2010-04-14,113.23,113.66,112.78,113.03,10572100.0,-0.0017663163472578,39.4861,39.9761,39.4761,39.9761,71000.0,0.0124094301539023
2010-04-15,112.9,113.71,112.85,113.65,10952100.0,0.0066430469441984,39.9061,40.1861,39.8461,39.9561,62200.0,0.0012529412796539
2010-04-16,112.5,113.07,110.54,111.24,24572600.0,-0.0112,39.7961,39.9161,38.7561,39.1761,69000.0,-0.0155794160734344
2010-04-19,110.88,111.36,110.67,111.15,7993700.0,0.002435064935065,38.9061,39.1161,38.2461,38.8261,53400.0,-0.0020562328272431
2010-04-20,111.73,112.21,111.33,111.46,7019800.0,-0.0024165398729079,39.1461,39.5861,39.0361,39.5461,54500.0,0.010218131563553
2010-04-21,111.82,112.64,111.48,112.31,6842900.0,0.0043820425684136,39.6161,39.6861,39.1661,39.5561,25500.0,-0.0015145357569271
2010-04-22,111.79,112.01,110.76,111.84,9598900.0,0.0004472671974237,39.0861,40.2561,38.7661,40.1961,87200.0,0.0283988425552817
2010-04-23,111.26,113.3,111.09,113.19,12505800.0,0.0173467553478338,40.2661,40.8061,40.1061,40.7761,48300.0,0.0126657411569533
2010-04-26,112.88,113.2,112.63,112.75,8335400.0,-0.0011516654854712,40.8561,41.0761,40.6761,40.7461,43300.0,-0.0026923764138035
2010-04-27,112.43,114.82,112.34,114.63,25057100.0,0.0195677310326424,40.5261,40.6961,39.0961,39.2361,57400.0,-0.0318313383227105
2010-04-28,114.03,114.99,113.63,114.31,26891900.0,0.0024554941682013,39.4961,39.6761,38.9961,39.4061,50000.0,-0.00227870599882
2010-04-29,113.85,114.52,113.84,114.28,10374300.0,0.0037768994290734,39.8161,40.2661,39.7661,40.2461,129200.0,0.010799651397299
2010-04-30,115.26,115.7,115.21,115.36,13403100.0,0.0008676036786395,40.2761,40.3661,39.1061,39.1061,59100.0,-0.0290494859234136
2010-05-03,115.91,116.28,115.53,115.73,13570800.0,-0.0015529289966352,39.3461,40.0761,39.3461,39.9961,90100.0,0.0165200617087843
2010-05-04,116.39,116.43,114.17,114.87,21512100.0,-0.0130595411976973,39.3261,39.3261,38.0661,38.3861,101300.0,-0.0239027007509007
2010-05-05,113.58,115.24,113.31,115.09,21616700.0,0.0132945941186829,37.8961,38.4961,37.1761,37.8261,139500.0,-0.0018471557759241
2010-05-06,115.62,118.62,115.57,118.49,50546300.0,0.0248226950354609,37.5261,38.0161,33.5761,36.1661,250400.0,-0.0362414426226013
2010-05-07,117.64,118.88,116.74,118.27,34272700.0,0.0053553213192791,36.0661,36.1961,33.9161,34.7461,172700.0,-0.0365994659805191
2010-05-10,117.5,117.9,116.81,117.57,28433800.0,0.000595744680851,37.1861,42.1561,36.6761,37.3461,80300.0,0.0043026829917629
2010-05-11,119.46,120.87,118.97,120.66,36731800.0,0.0100452034153691,36.7661,37.8461,36.5861,37.2061,114400.0,0.0119675461906483
2010-05-12,121.28,122.24,120.77,121.4,32703600.0,0.0009894459102902,37.4661,38.4661,37.4561,38.4661,76800.0,0.0266907951454781
2010-05-13,121.29,121.71,120.1,120.56,22340400.0,-0.0060186330282793,38.3761,38.8861,37.7861,37.8861,112500.0,-0.0127683636429966
2010-05-14,121.88,122.02,119.12,120.37,34643200.0,-0.0123892353134229,37.5561,37.5561,36.1061,36.5761,66300.0,-0.0260942962661193
2010-05-17,120.55,121.12,119.29,119.36,27898000.0,-0.0098714226462048,36.8161,37.0861,35.4361,36.5961,312900.0,-0.0059756465242108
2010-05-18,118.86,120.32,118.5,119.49,26595300.0,0.0053003533568904,37.2161,37.4461,35.6861,35.8061,107400.0,-0.0378868285500091
2010-05-19,118.19,118.43,116.08,116.63,34412400.0,-0.013199086217108,35.4061,36.0961,34.5761,35.4461,122100.0,0.0011297488285916
2010-05-20,116.14,116.95,115.18,115.84,28908200.0,-0.0025830893748923,34.2061,34.4161,33.2161,33.3861,207100.0,-0.0239723324202408
2010-05-21,115.05,116.24,114.51,115.22,20098300.0,0.0014776184267709,32.5161,34.5161,32.2661,34.2961,114500.0,0.0547421123689495
2010-05-24,116.34,117.17,116.04,116.84,14300500.0,0.0042977479800584,34.0061,34.5861,33.8061,33.8061,130800.0,-0.0058812977671653
2010-05-25,117.16,117.52,116.82,117.36,21232700.0,0.00170706725845,32.4461,33.9361,32.0161,33.8961,216700.0,0.0446895004330257
2010-05-26,118.58,119.08,118.32,118.47,13153500.0,-0.0009276437847866,34.1761,35.2161,33.9461,34.1161,160800.0,-0.0017556128405521
2010-05-27,118.16,119.04,118.14,118.69,10418500.0,0.0044854434664861,35.1161,36.0161,35.0461,36.0161,108700.0,0.0256292697651504
2010-05-28,118.48,118.9,117.63,118.88,11579400.0,0.0033760972316001,36.0461,36.0461,35.0461,35.3361,41600.0,-0.0196969991205706
2010-06-01,119.88,120.25,119.63,119.91,12207800.0,0.0002502502502502,34.6961,35.4861,33.9861,33.9861,134000.0,-0.0204633950213424
2010-06-02,119.35,119.88,118.72,119.78,10339300.0,0.0036028487641391,34.3461,35.5261,34.1661,35.5261,21600.0,0.0343561568853523
2010-06-03,119.16,119.39,117.48,117.96,13855200.0,-0.0100704934541792,35.7961,36.1561,35.4861,36.1561,44300.0,0.0100569615125669
2010-06-04,117.96,119.39,117.05,119.19,16532500.0,0.0104272634791455,34.7961,35.5061,33.7861,33.9561,320000.0,-0.0241406364506368
2010-06-07,118.73,121.8,118.62,121.49,20238600.0,0.0232460203823801,34.3061,34.3061,32.7261,32.7761,113700.0,-0.0445984824856221
2010-06-08,121.61,122.45,120.66,121.0,23404800.0,-0.0050160348655538,32.9961,33.2561,32.1961,33.0861,76100.0,0.0027275950794185
2010-06-09,120.48,120.99,119.51,120.56,12884600.0,0.0006640106241699,33.3961,34.4061,33.0361,33.2661,106700.0,-0.0038926701021974
2010-06-10,119.36,120.04,118.83,118.97,13687900.0,-0.0032674262734584,34.2561,35.0061,34.1861,35.0061,47300.0,0.02189391086551
2010-06-11,119.88,120.41,119.33,120.01,7829400.0,0.0010844177510844,34.4861,35.4961,34.4861,35.4761,47600.0,0.0287072182705496
2010-06-14,119.63,120.26,118.96,119.6,11002800.0,-0.0002507732174203,36.0761,36.4561,35.5661,35.6261,76400.0,-0.0124736321276411
2010-06-15,119.71,121.03,119.48,120.99,15073000.0,0.0106925068916548,36.0561,36.9161,36.0561,36.8961,50100.0,0.0232970287967915
2010-06-16,120.68,120.89,120.04,120.33,10500500.0,-0.0029002320185615,36.5861,37.1461,36.4761,36.8161,108900.0,0.0062865405167535
2010-06-17,121.64,122.41,121.49,121.9,19792200.0,0.0021374547846103,37.1061,37.1061,36.2661,36.6961,44700.0,-0.0110493961909226
2010-06-18,123.04,123.5,122.81,122.83,19429900.0,-0.0017067620286086,36.8261,36.9561,36.5761,36.7061,53800.0,-0.0032585584680429
2010-06-21,123.09,123.11,120.36,120.39,20041700.0,-0.0219351693882525,37.5061,37.5161,36.1361,36.3861,46300.0,-0.0298618091457124
2010-06-22,121.16,121.59,120.87,121.45,12940900.0,0.0023935292175636,36.5161,36.7261,35.2161,35.2261,285600.0,-0.0353268832104194
2010-06-23,120.89,121.02,119.77,120.95,14120400.0,0.0004963189676565,35.3061,35.6061,34.5961,35.2361,55700.0,-0.0019826602201885
2010-06-24,120.76,122.16,120.67,121.3,13137700.0,0.0044716793640277,35.0061,35.1161,34.2661,34.2961,63200.0,-0.0202821793915917
2010-06-25,122.75,123.13,122.49,122.76,9986700.0,8.146639511205798e-05,34.5061,34.9961,34.1261,34.8561,33300.0,0.010143134112519
2010-06-28,122.79,123.56,120.81,121.09,19650700.0,-0.0138447756331949,34.9561,34.9861,34.3561,34.5161,366600.0,-0.0125872165373138
2010-06-29,121.05,121.82,120.02,121.27,17334700.0,0.0018174308137133,33.6761,33.6761,32.3061,32.5661,153000.0,-0.0329610614055665
2010-06-30,121.07,122.09,120.88,121.68,12016300.0,0.0050384075328323,32.5661,33.2561,32.1261,32.2261,120700.0,-0.0104403044884096
2010-07-01,120.91,121.03,116.98,117.04,33248900.0,-0.0320072781407657,32.2261,32.3361,30.9961,32.1561,183600.0,-0.002172152385799
2010-07-02,118.21,118.5,117.41,118.49,14732800.0,0.0023686659335081,32.4761,32.4761,31.5061,31.7761,61300.0,-0.021554312248084
2010-07-06,117.67,117.72,116.3,116.51,16846900.0,-0.0098580776748533,32.6261,32.9161,31.4161,31.7761,68400.0,-0.026052761439461
2010-07-07,116.57,117.78,116.5,117.73,10930100.0,0.0099511023419405,31.8661,33.4161,31.7561,33.3561,35900.0,0.0467581536491757
2010-07-08,117.39,117.41,116.1,117.21,11315100.0,-0.0015333503705597,34.1161,34.1161,33.2861,33.8361,39900.0,-0.0082072687089087
2010-07-09,118.14,118.73,118.0,118.36,9596800.0,0.0018621973929236,33.8861,34.2861,33.7661,34.2461,79200.0,0.0106238251082302
2010-07-12,117.83,118.2,116.97,117.34,7506700.0,-0.0041585334804378,34.1061,34.4961,33.6561,33.9961,61500.0,-0.0032252295043994
2010-07-13,118.98,119.1,118.36,118.36,8423700.0,-0.0052109598251807,34.7561,35.2061,34.5961,35.0461,48600.0,0.0083438590635888
2010-07-14,118.26,119.13,117.59,118.3,9574800.0,0.00033823778116,34.9661,35.3161,34.7261,35.0761,84400.0,0.0031459041757587
2010-07-15,118.59,118.7,117.73,118.23,8586900.0,-0.0030356691120667,35.0161,35.2361,34.3761,35.0361,85700.0,0.0005711658351442
2010-07-16,116.69,116.79,115.95,116.67,17494400.0,-0.00017139429257,34.7261,34.7361,33.4561,33.4861,40600.0,-0.0357080121292054
2010-07-19,115.57,115.8,115.11,115.73,15723900.0,0.0013844423293243,33.7261,33.8761,33.1661,33.7361,20400.0,0.0002965062666598
2010-07-20,115.75,116.74,115.48,116.65,9263100.0,0.0077753779697624,33.0661,34.6561,32.8961,34.5861,23500.0,0.045968529702626
2010-07-21,116.8,117.0,115.71,115.85,9396200.0,-0.0081335616438356,34.9361,34.9461,33.7661,33.9561,35100.0,-0.0280512135012209
2010-07-22,115.95,117.5,115.91,116.86,8161000.0,0.0078482104355325,34.5661,35.3661,34.5661,35.2061,137300.0,0.0185152504910881
2010-07-23,117.12,117.47,115.79,116.09,8337000.0,-0.0087943989071038,34.9361,35.9461,34.9161,35.9461,75400.0,0.028909924118605
2010-07-26,116.38,116.47,115.3,115.52,11219000.0,-0.0073895858394913,35.9561,36.6761,35.8161,36.6761,86700.0,0.0200244186660955
2010-07-27,114.95,114.99,113.21,113.51,29524800.0,-0.0125271857329273,37.1861,37.1861,35.8461,36.0361,68700.0,-0.030925534003297
2010-07-28,113.48,113.93,113.08,113.78,16071500.0,0.0026436376454,35.8861,36.1361,35.2661,35.5061,72400.0,-0.0105890581590085
2010-07-29,113.54,114.35,113.34,114.29,9476300.0,0.0066056015501144,36.0761,36.0761,34.7761,35.3361,26200.0,-0.0205121950543433
2010-07-30,114.36,115.73,114.08,115.49,10093200.0,0.0098810772997551,34.6261,35.6861,34.6261,35.6061,40600.0,0.0283023499614451
2010-08-02,116.12,116.39,115.2,115.54,8473400.0,-0.0049948329314502,36.4161,36.7561,36.1761,36.6761,470000.0,0.0071396991989806
2010-08-03,115.88,116.44,115.81,115.99,5579400.0,0.0009492578529513,36.5461,36.6261,36.0461,36.3561,85300.0,-0.005198913153524
2010-08-04,117.41,117.65,116.65,116.72,10323200.0,-0.0058768418363001,36.8061,37.0961,36.5161,37.0261,84300.0,0.0059772700720804
2010-08-05,117.01,117.1,116.35,116.98,7023000.0,-0.0002563883428766,36.6961,36.9861,36.5561,36.9061,53300.0,0.005722678976785
2010-08-06,117.99,118.42,117.49,117.84,10001700.0,-0.0012712941774725,36.2961,36.8861,36.0861,36.7261,60000.0,0.0118470028460357
2010-08-09,117.76,117.85,117.23,117.4,6751400.0,-0.0030570652173912,37.0461,37.2161,36.7861,37.1661,47400.0,0.0032392073659574
2010-08-10,116.59,118.09,116.4,117.73,10444900.0,0.0097778540183549,36.5661,36.7661,36.1661,36.5161,66400.0,-0.0013673867325199
2010-08-11,117.74,118.14,116.58,117.34,12436900.0,-0.0033973161202649,35.6461,35.6461,34.7561,34.8561,41100.0,-0.0221623122866175
2010-08-12,118.56,118.86,118.46,118.77,12327000.0,0.0017712550607286,33.7361,34.8861,33.6461,34.7061,44400.0,0.0287525825451074
2010-08-13,118.82,118.89,118.36,118.74,10213200.0,-0.000673287325366,34.5161,34.8161,34.4961,34.4961,31300.0,-0.0005794397397157
2010-08-16,119.7,119.82,119.46,119.73,8948300.0,0.000250626566416,34.0661,34.7261,34.0661,34.5161,42000.0,0.0132096130757557
2010-08-17,119.75,119.97,119.6,119.75,9145400.0,0.0,34.9761,35.7861,34.9261,35.4061,44200.0,0.0122941094061373
2010-08-18,119.23,120.51,119.0,120.22,12102500.0,0.0083032793759959,35.4061,35.7961,35.0661,35.5561,38200.0,0.0042365581072187
2010-08-19,120.65,120.99,120.11,120.39,10014500.0,-0.0021549937836718,35.2861,35.6061,34.6561,34.8461,52900.0,-0.0124694993212624
2010-08-20,119.97,120.07,119.45,119.97,10682100.0,0.0,34.6961,34.9861,34.2861,34.9861,69100.0,0.0083582881073088
2010-08-23,119.91,120.07,119.42,119.78,4857800.0,-0.0010841464431656,35.2761,35.4361,34.5261,34.5261,202600.0,-0.0212608536657963
2010-08-24,118.77,120.8,118.71,120.36,14811400.0,0.0133872189946956,33.8561,34.0361,33.3161,33.6161,139100.0,-0.0070888259427398
2010-08-25,121.12,121.38,120.67,121.36,13987100.0,0.0019815059445177,33.2361,33.9761,32.8361,33.8261,186200.0,0.017751781947942
2010-08-26,121.09,122.95,120.5,120.96,8886600.0,-0.0010735816334958,34.1061,34.2561,33.4461,33.4861,114900.0,-0.0181785662975244
2010-08-27,121.2,121.45,120.42,121.01,11155400.0,-0.0015676567656765,34.0061,34.5461,33.0761,34.5061,126100.0,0.0147032444179132
2010-08-30,120.85,121.06,120.58,120.91,4390900.0,0.0004964832436905,34.3261,34.5361,33.6861,33.6861,88000.0,-0.0186447047581867
2010-08-31,121.77,122.19,121.46,122.08,12249700.0,0.0025457830335879,33.5661,33.9961,33.2561,33.6061,129900.0,0.0011916785089718
2010-09-01,122.15,122.21,121.43,121.69,11873500.0,-0.0037658616455178,34.3861,35.3861,34.3661,35.3461,100200.0,0.0279182576680693
2010-09-02,122.38,122.48,121.89,122.29,7002100.0,-0.0007354142833795,35.3761,36.1961,35.3761,36.1461,143000.0,0.0217661076263351
2010-09-03,121.39,122.39,121.15,121.86,9074500.0,0.003871818106928,36.9261,37.0461,36.4461,36.8361,106200.0,-0.0024373004460258
2010-09-07,122.91,123.06,122.63,122.7,8777500.0,-0.001708567244325,36.6061,36.6361,36.1761,36.2261,80200.0,-0.0103807835306136
2010-09-08,122.82,123.42,122.6,122.71,9788900.0,-0.0008956196059273,36.3561,36.8461,36.3561,36.6361,124600.0,0.0077015961558033
2010-09-09,122.44,122.88,121.38,121.56,13745000.0,-0.0071871937275399,37.2861,37.2861,36.5061,36.6861,111300.0,-0.0160917875562205
2010-09-10,121.4,122.3,121.39,121.73,12510000.0,0.0027182866556836,36.7861,37.0761,36.6961,36.9661,62300.0,0.0048931525766525
2010-09-13,121.63,122.11,121.39,121.62,9693300.0,-8.221655841478998e-05,37.6561,37.8061,37.4661,37.7461,77400.0,0.0023900510143109
2010-09-14,122.92,124.59,121.55,124.02,26588900.0,0.0089489098600715,37.5961,38.0161,37.4261,37.7461,116800.0,0.0039897755352283
2010-09-15,123.97,124.29,123.43,123.94,11689100.0,-0.0002419940308139,37.5661,37.9961,37.3861,37.9461,43800.0,0.0101155030732496
2010-09-16,124.5,124.77,124.19,124.63,12672800.0,0.0010441767068272,37.7361,37.9761,37.6861,37.9161,119900.0,0.0047699682797109
2010-09-17,125.03,125.03,124.27,124.54,13819200.0,-0.0039190594257377,38.1861,38.1861,37.7161,37.9861,81300.0,-0.0052375078889963
2010-09-20,125.09,125.45,124.78,124.87,8475800.0,-0.0017587337117275,38.2061,38.9961,38.1461,38.9361,67100.0,0.0191068965426987
2010-09-21,124.77,126.17,124.16,126.01,20408400.0,0.0099382864470626,38.9261,39.0061,38.4861,38.6361,89400.0,-0.0074500142577858
2010-09-22,126.58,126.63,125.7,126.2,11046900.0,-0.0030020540369726,38.5961,38.9561,38.0861,38.2561,102300.0,-0.0088091802021446
2010-09-23,126.2,126.66,125.81,126.3,9325200.0,0.0007923930269413,37.8761,38.6461,37.7661,38.0861,71600.0,0.0055443934301578
2010-09-24,126.91,127.0,126.3,126.69,14945000.0,-0.0017335119375935,38.7361,39.3561,38.7361,39.2961,63000.0,0.0144567986968229
2010-09-27,126.9,126.91,126.48,126.72,6679700.0,-0.0014184397163121,39.3161,39.4461,39.0461,39.1561,434900.0,-0.0040695796378581
2010-09-28,126.42,128.03,126.11,127.85,19857200.0,0.0113115013447238,39.3261,39.6261,38.5761,39.5561,91800.0,0.0058485331624545
2010-09-29,127.93,128.24,127.52,127.95,12328900.0,0.0001563354959743,39.5161,39.7361,39.2961,39.5661,81700.0,0.0012653070520622
2010-09-30,128.15,128.28,126.61,127.91,19213400.0,-0.0018728053062817,39.9661,40.1661,39.0361,39.4161,167800.0,-0.0137616630094003
2010-10-01,127.91,129.07,127.91,128.91,17211900.0,0.0078179970291611,39.8461,39.8961,39.1961,39.5661,100400.0,-0.0070270365230223
2010-10-04,128.52,128.62,128.22,128.46,8368000.0,-0.0004668534080298,39.5661,39.6061,38.6461,38.9861,89900.0,-0.0146590136505745
2010-10-05,130.11,131.12,129.87,130.99,17489600.0,0.0067635078010913,39.5361,40.3761,39.5361,40.2561,93300.0,0.018211204443534
2010-10-06,131.45,131.86,131.34,131.81,16142200.0,0.0027386839102321,40.1961,40.2061,39.4361,39.6361,113700.0,-0.0139316998415269
2010-10-07,132.6,132.67,129.51,130.37,38676800.0,-0.0168174962292608,39.9161,39.9461,39.2361,39.6161,76900.0,-0.007515764315652
2010-10-08,130.78,131.88,130.47,131.66,18693300.0,0.0067288576234897,39.7061,40.3361,39.5461,40.1761,44500.0,0.0118369721528933
2010-10-11,131.28,132.33,130.98,132.29,10621300.0,0.0076934795856184,40.2661,40.4461,40.1161,40.2361,55900.0,-0.0007450435974678
2010-10-12,132.06,132.21,131.36,131.96,13289200.0,-0.0007572315614114,40.1161,40.6561,39.5961,40.5261,58900.0,0.01022033547628
2010-10-13,132.73,134.31,132.63,134.07,18398500.0,0.0100956829654185,40.9761,41.2761,40.7861,41.0161,65500.0,0.0009761787969084
2010-10-14,134.06,134.85,133.9,134.75,26890500.0,0.0051469491272564,40.8461,40.9861,40.3161,40.5961,46300.0,-0.0061205353754703
2010-10-15,134.24,134.46,133.07,133.68,26168600.0,-0.0041716328963051,41.2361,41.2361,40.3161,40.8061,105000.0,-0.0104277562621101
2010-10-18,133.46,134.34,133.16,134.28,12289500.0,0.006144163045107,40.8961,40.8961,40.5961,40.8561,58300.0,-0.0009780883751751
2010-10-19,130.46,131.59,129.75,130.11,25327200.0,-0.0026828146558331,40.1261,40.4561,39.4861,39.7661,88500.0,-0.0089717166632191
2010-10-20,130.36,131.65,130.32,131.32,12556600.0,0.0073642221540348,40.0361,40.6361,39.9561,40.4361,89900.0,0.0099909831377183
2010-10-21,131.08,131.59,128.72,129.47,21804200.0,-0.0122825755263961,40.7161,41.0861,40.0461,40.5461,46200.0,-0.0041752525413778
2010-10-22,129.47,129.75,128.97,129.73,11885300.0,0.0020081872248396,40.6661,40.9261,40.4361,40.9261,46100.0,0.0063935317131467
2010-10-25,131.16,131.38,130.21,130.85,12154900.0,-0.0023635254650808,41.2761,41.8461,41.2161,41.3161,79500.0,0.0009690838039446
2010-10-26,129.99,131.14,129.73,130.88,10710900.0,0.0068466805138855,41.0461,41.5961,40.7561,41.4161,53500.0,0.0090142547038573
2010-10-27,129.93,130.0,128.79,129.52,16132100.0,-0.0031555452936196,41.2161,41.6561,40.9361,41.6461,64700.0,0.0104328163023672
2010-10-28,130.36,131.5,129.84,131.24,15889600.0,0.006750536974532,42.1061,42.1061,41.3161,41.5461,684800.0,-0.0132997356677534
2010-10-29,131.48,132.82,131.06,132.62,14334900.0,0.0086705202312139,41.4561,41.9761,41.4561,41.9261,93600.0,0.0113372941497149
2010-11-01,132.85,133.07,131.76,131.92,12403600.0,-0.0070003763643207,42.3161,42.4961,41.5761,41.9161,76900.0,-0.009452666951822
2010-11-02,132.44,132.59,131.88,132.49,9396900.0,0.0003775294472969,42.4061,42.5361,42.1361,42.4861,108900.0,0.0018865210429631
2010-11-03,132.28,132.52,129.48,131.57,31702100.0,-0.0053674024795888,42.5061,42.5661,41.8161,42.5661,112600.0,0.0014115621052036
2010-11-04,134.64,136.13,134.24,136.03,23464700.0,0.0103238265002971,43.3561,43.6161,43.1961,43.5861,70900.0,0.0053049051921183
2010-11-05,135.14,136.61,134.95,136.38,20342500.0,0.0091756696758917,43.9061,43.9861,43.5661,43.9261,98900.0,0.0004555175704513
2010-11-08,135.92,137.79,135.53,137.78,17367400.0,0.0136845203060624,43.8761,44.0561,43.6061,44.0361,69100.0,0.0036466322211863
2010-11-09,138.7,139.15,135.05,135.59,39445200.0,-0.0224224945926458,44.2761,44.4161,43.3961,43.6261,55400.0,-0.0146806064671459
2010-11-10,137.03,137.28,135.15,137.24,28484700.0,0.0015325111289499,43.7661,44.0861,43.2061,44.0861,68400.0,0.0073115950473083
2010-11-11,137.62,137.75,136.45,137.66,15447500.0,0.00029065542799,43.4761,44.3161,43.3461,44.1961,38600.0,0.0165608230729066
2010-11-12,135.89,136.31,132.82,133.69,35885900.0,-0.0161895650894104,43.8661,43.9261,42.9161,43.0961,113100.0,-0.0175534182432448
2010-11-15,133.86,134.49,132.39,132.42,15096800.0,-0.0107575078440163,43.5561,43.6561,43.1361,43.1961,45800.0,-0.0082652028074138
2010-11-16,132.24,132.38,129.83,130.97,32478100.0,-0.0096037507562009,42.7961,42.9161,41.9461,42.2861,104200.0,-0.0119169737429346
2010-11-17,130.77,131.37,130.13,130.38,16432100.0,-0.0029823353980271,42.4161,42.7961,42.2561,42.5861,70100.0,0.0040079120899847
2010-11-18,131.82,132.78,131.55,132.09,16009400.0,0.0020482476103778,43.3061,43.7661,43.2761,43.5161,33800.0,0.0048492013827151
2010-11-19,131.48,132.35,131.01,132.2,14146400.0,0.0054761180407666,43.4661,44.0861,43.3061,44.0561,67700.0,0.0135737965909065
2010-11-22,132.13,133.6,131.69,133.48,13093400.0,0.0102172103231665,43.8761,44.4661,43.7261,44.4661,101800.0,0.013446956315625
2010-11-23,133.6,135.07,133.46,134.41,18215200.0,0.006062874251497,43.6161,43.8461,43.3261,43.6761,115800.0,0.0013756388122733
2010-11-24,134.36,134.7,133.74,134.18,8858100.0,-0.0013396844298898,44.1461,44.9561,44.1461,44.9461,223900.0,0.0181216460797217
2010-11-26,132.38,133.16,131.93,133.11,7822400.0,0.0055144281613538,44.4561,44.7861,44.3561,44.5661,81600.0,0.0024743511014236
2010-11-29,133.19,133.75,132.33,133.51,13983800.0,0.0024025827764846,44.3661,44.6261,43.7361,44.4961,207800.0,0.0029301651486156
2010-11-30,135.21,135.75,134.78,135.42,17473100.0,0.0015531395606832,43.8261,44.4561,43.7761,44.1861,199000.0,0.0082142832695587
2010-12-01,135.71,136.14,134.96,135.38,16831100.0,-0.002431655736497,45.1661,45.5261,45.0761,45.4361,160100.0,0.0059779347785175
2010-12-02,135.62,136.59,135.15,135.2,17583800.0,-0.0030968883645481,45.5561,46.2661,45.5261,46.2361,257500.0,0.0149266508766114
2010-12-03,136.62,138.11,136.48,138.07,16517200.0,0.0106133801785974,46.0861,46.7461,46.0461,46.6561,160500.0,0.0123681543892844
2010-12-06,138.14,139.46,137.73,139.11,15640800.0,0.0070218618792531,46.5561,46.8061,46.4161,46.7261,247000.0,0.0036515086100425
2010-12-07,139.46,139.54,136.46,136.5,26490400.0,-0.0212247239351786,47.4961,47.4961,46.5861,46.6261,445600.0,-0.0183172934198807
2010-12-08,135.91,136.29,133.88,134.79,23483300.0,-0.0082407475535281,46.7861,46.8761,46.2361,46.5161,113800.0,-0.0057709447891573
2010-12-09,135.69,136.16,134.88,135.37,14157600.0,-0.0023583167514186,47.0661,47.0661,46.4161,46.6761,99200.0,-0.0082862187434268
2010-12-10,134.94,135.48,133.95,135.41,11937900.0,0.0034830294945901,46.8961,47.2261,46.6361,47.1761,110800.0,0.0059706457466612
2010-12-13,136.26,136.64,135.86,136.05,13352400.0,-0.0015411712901803,47.6361,47.6361,46.9561,47.0061,165600.0,-0.0132252640329497
2010-12-14,136.27,137.21,135.86,136.18,17430800.0,-0.0006604535114111,47.1061,47.3261,46.8461,47.0161,96900.0,-0.0019105805829817
2010-12-15,135.34,135.93,134.68,134.7,15089500.0,-0.0047288310920645,47.0361,47.6461,46.7161,46.8461,111800.0,-0.0040394505496841
2010-12-16,134.21,134.23,132.86,133.81,23463000.0,-0.002980403844721,46.9661,47.4061,46.5961,47.4061,133100.0,0.0093684593781473
2010-12-17,133.97,134.63,133.22,134.2,17213000.0,0.0017168022691646,47.5361,47.7761,47.2861,47.6761,90600.0,0.0029451301221598
2010-12-20,135.13,135.44,134.33,135.11,13142300.0,-0.0001480056242135,47.7661,47.9061,47.3861,47.8061,214300.0,0.0008374139818825
2010-12-21,135.17,135.78,134.79,135.32,10235600.0,0.001109713693867,48.1161,48.3161,47.9161,48.2961,146000.0,0.0037409515733818
2010-12-22,135.6,135.7,134.97,135.05,7300600.0,-0.0040560471976399,48.4561,48.4561,48.0861,48.2361,102600.0,-0.0045401920501236
2010-12-23,134.26,134.9,133.93,134.66,8700800.0,0.002979293907344,48.2861,48.2861,47.9961,48.1061,122400.0,-0.0037277808727563
2010-12-27,134.96,135.06,134.49,135.02,3436400.0,0.0004445761707172,47.7561,47.7661,47.2361,47.7161,93700.0,-0.0008375893341375
2010-12-28,136.85,137.34,136.62,137.22,10111800.0,0.0027036901717208,47.9361,47.9361,47.4761,47.5661,81700.0,-0.0077186087312068
2010-12-29,137.38,138.05,137.19,137.71,8442300.0,0.0024020963750182,47.6961,47.9561,47.6961,47.8361,66400.0,0.0029352504712125
2010-12-30,137.58,137.71,136.94,137.03,5749400.0,-0.003997674080535,47.8261,48.0661,47.7961,47.8761,84100.0,0.0010454542603307
2010-12-31,137.78,138.77,137.72,138.72,9219800.0,0.0068224706053128,47.8361,47.8461,47.5461,47.6161,79100.0,-0.0045990371288629
2011-01-03,138.67,139.0,137.88,138.0,11510200.0,-0.0048316146246483,48.2861,48.6861,48.1361,48.3261,278600.0,0.0008283957495013
2011-01-04,136.24,136.28,134.16,134.75,26154300.0,-0.010936582501468,48.6861,48.6861,47.3761,47.7761,150400.0,-0.0186911664725661
2011-01-05,133.5,134.68,133.1,134.37,16700900.0,0.0065168539325843,47.6161,48.2461,47.4561,48.1661,110600.0,0.0115507149892577
2011-01-06,134.05,134.38,133.14,133.83,15965300.0,-0.0016411786646773,48.3361,48.3361,47.7961,47.9661,147600.0,-0.0076547342462466
2011-01-07,133.38,134.61,133.18,133.58,16761400.0,0.0014994751836858,48.2361,48.2361,47.2061,47.8661,106800.0,-0.0076706035521113
2011-01-10,133.85,134.2,133.24,134.12,8429900.0,0.0020171834142697,47.5861,48.1461,47.2361,48.0461,128700.0,0.0096666883816913
2011-01-11,134.79,135.16,133.96,134.91,10268400.0,0.0008902737591809,48.5061,48.5461,48.2061,48.4161,103300.0,-0.0018554367388844
2011-01-12,134.79,135.58,134.35,135.46,10785100.0,0.004970695155427,49.0461,49.0461,48.4761,48.8961,95800.0,-0.003058347146868
2011-01-13,135.66,135.68,133.63,134.05,14294600.0,-0.0118679050567594,48.9461,49.0661,48.7361,48.9161,114500.0,-0.000612919108979
2011-01-14,133.17,133.6,132.22,132.69,21224900.0,-0.0036044154088757,48.7361,49.3361,48.6861,49.3161,111400.0,0.0119008291594936
2011-01-18,133.63,134.0,133.17,133.43,11592900.0,-0.0014966699094513,49.2661,49.7361,49.2261,49.7361,305000.0,0.0095400285388938
2011-01-19,134.34,134.4,133.4,133.72,11788100.0,-0.0046151555754057,49.6861,49.6861,48.4461,48.6361,120500.0,-0.0211326709079602
2011-01-20,131.76,132.1,131.04,131.2,24362900.0,-0.0042501517911354,48.3661,48.3661,47.5361,48.0561,154800.0,-0.006409447939776
2011-01-21,130.76,131.43,130.53,131.03,19488400.0,0.0020648516365861,48.4861,48.6361,47.8661,47.9561,132500.0,-0.0109309678443925
2011-01-24,131.01,131.63,130.14,130.36,15127200.0,-0.0049614533241735,48.0561,48.5661,47.8961,48.4861,107800.0,0.0089478755038382
2011-01-25,129.65,130.27,129.07,130.1,22219700.0,0.0034708831469339,48.2861,48.2961,47.7561,48.2761,141900.0,-0.0002070989373753
2011-01-26,129.83,131.17,129.28,131.16,20543000.0,0.010244165447123,48.5061,49.1961,48.4661,49.1161,106400.0,0.012575737896883
2011-01-27,130.29,130.49,127.8,127.93,33047000.0,-0.0181134392509017,49.0961,49.4561,49.0061,49.3461,286600.0,0.0050920541550143
2011-01-28,127.97,131.48,127.95,130.28,28091500.0,0.0180511057279049,49.3861,49.5261,48.0161,48.2161,122900.0,-0.0236908765826822
2011-01-31,129.27,130.51,129.25,129.87,14664100.0,0.004641448131817,48.4461,49.1161,48.4061,48.9361,233500.0,0.0101143332487032
2011-02-01,130.52,131.08,129.33,130.8,15363700.0,0.0021452650934722,49.3561,50.0461,49.3561,49.8461,105200.0,0.0099278508634191
2011-02-02,130.37,130.6,129.45,130.45,10082000.0,0.0006136381069263,49.7561,50.0961,49.5461,49.7761,100000.0,0.0004019607646096
2011-02-03,130.07,132.32,129.28,132.2,17374700.0,0.0163757976474205,49.8161,50.2161,49.4161,50.1461,103600.0,0.0066243644123084
2011-02-04,131.84,132.7,131.23,131.66,15214300.0,-0.0013652912621359,50.2261,50.5961,50.0461,50.5761,141100.0,0.0069684884950253
2011-02-07,131.67,131.95,131.23,131.68,7176300.0,7.594744436864379e-05,50.8961,51.3361,50.7661,50.8961,191900.0,0.0
2011-02-08,132.96,133.5,132.8,133.14,16220900.0,0.0013537906137182,50.9961,51.1461,50.6861,51.1361,214400.0,0.0027453079745313
2011-02-09,133.19,133.39,132.49,133.07,10178400.0,-0.0009009685411818,51.0161,51.2161,50.6261,50.8861,142600.0,-0.0025482151712891
2011-02-10,132.11,133.31,132.0,132.85,8105200.0,0.0056013927787448,50.6061,51.4661,50.4661,51.4161,102400.0,0.0160059755642106
2011-02-11,133.01,133.44,132.09,132.32,9888600.0,-0.0051875798812119,51.2261,52.0061,51.0661,51.9661,184900.0,0.0144457610475908
2011-02-14,132.95,133.38,132.7,132.95,8694200.0,0.0,52.0561,52.4061,52.0361,52.3961,244800.0,0.0065314151463516
2011-02-15,133.86,134.17,133.63,133.97,10111200.0,0.0008217540714177,52.1861,52.2561,51.8261,51.9761,193200.0,-0.0040240600466407
2011-02-16,134.23,134.86,133.45,134.1,12822800.0,-0.0009684869254264,52.4461,52.6561,52.3061,52.5461,159900.0,0.0019067194700845
2011-02-17,134.74,135.16,134.47,135.04,11322200.0,0.0022265103161643,52.4461,52.8261,52.3161,52.6861,120200.0,0.0045761267282028
2011-02-18,135.17,135.8,134.88,135.41,15890100.0,0.0017755419101872,52.8261,52.8661,52.3561,52.6261,98500.0,-0.0037860072956359
2011-02-22,136.92,137.22,136.19,136.29,16676100.0,-0.0046012269938649,51.9461,52.2161,50.6861,50.8161,178000.0,-0.0217533173809006
2011-02-23,136.97,138.2,136.92,137.51,15685700.0,0.0039424691538292,50.7361,50.9961,49.3961,50.1761,255900.0,-0.0110375058390377
2011-02-24,138.04,138.14,135.73,136.48,18781700.0,-0.0113010721529991,50.2061,50.6861,49.6561,50.3561,140700.0,0.0029876847634052
2011-02-25,137.22,137.74,136.77,137.38,10351400.0,0.0011660107855997,50.7961,51.6561,50.7961,51.6461,78800.0,0.0167335681282617
2011-02-28,137.65,138.14,137.03,137.66,8847000.0,7.264802034137962e-05,52.1261,52.1361,51.2961,51.7161,259300.0,-0.0078655414466074
2011-03-01,138.57,140.03,138.49,140.03,17438100.0,0.0105361910947536,52.0461,52.0461,50.2361,50.4061,268500.0,-0.031510526245002
2011-03-02,140.24,140.55,139.48,139.92,15719800.0,-0.0022818026240731,50.2261,51.2261,50.2261,50.9561,284800.0,0.0145342760039102
2011-03-03,138.81,139.13,137.57,138.09,16485000.0,-0.0051869461854333,51.5961,52.3161,51.5861,52.2161,118500.0,0.012016412093162
2011-03-04,138.63,139.75,138.61,139.35,17454600.0,0.0051936810214239,52.2961,52.2961,51.4961,51.9661,118300.0,-0.0063102219859608
2011-03-07,140.29,140.61,139.28,139.72,14068900.0,-0.0040630123315987,52.2461,52.3561,50.6461,51.0961,96700.0,-0.022011212320154
2011-03-08,139.65,139.66,138.83,139.36,10730500.0,-0.0020766201217328,51.1861,51.6961,50.7261,51.4961,58600.0,0.0060563316994261
2011-03-09,139.92,139.95,138.94,139.41,8736400.0,-0.0036449399656946,51.3361,51.4161,50.8361,51.1961,51700.0,-0.0027271257458202
2011-03-10,138.5,138.5,136.85,137.77,15559100.0,-0.0052707581227436,50.3261,50.4861,49.7961,49.9761,140400.0,-0.0069546418260106
2011-03-11,137.29,138.93,137.18,138.22,10416900.0,0.0067739820817248,49.5161,50.7461,49.5061,50.5561,113600.0,0.0210032696436108
2011-03-14,139.33,139.55,138.61,138.86,10239300.0,-0.0033732864422593,50.1661,50.7361,49.8061,50.3661,80500.0,0.0039867559965794
2011-03-15,135.35,136.94,135.23,136.27,23465100.0,0.0067971924639823,48.6661,50.1661,48.1961,49.8061,493100.0,0.0234249302902842
2011-03-16,136.52,137.2,135.8,136.24,13392500.0,-0.0020509815411661,49.4361,50.2161,48.5061,48.9361,134600.0,-0.0101140664413252
2011-03-17,136.56,137.08,136.25,136.97,9117400.0,0.0030023432923256,49.9061,50.0961,49.4461,49.6461,254900.0,-0.0052097839743038
2011-03-18,138.14,138.83,137.76,138.37,18602000.0,0.0016649775589982,50.6761,50.6761,49.6061,49.7461,111700.0,-0.0183518463338733
2011-03-21,139.5,139.91,138.97,139.14,13742500.0,-0.0025806451612904,50.6661,51.0361,50.5461,50.9561,75200.0,0.0057237482261314
2011-03-22,138.88,139.36,138.67,139.05,9553700.0,0.0012240783410139,50.9961,51.0861,50.5261,50.6061,75700.0,-0.0076476436433374
2011-03-23,139.61,140.55,139.55,140.34,11541000.0,0.0052288518014468,50.5161,50.9761,49.9661,50.7861,89500.0,0.0053448306579485
2011-03-24,140.27,141.28,138.83,139.22,17016600.0,-0.0074855635559992,51.4361,51.7561,50.7161,51.6461,170700.0,0.0040827356661954
2011-03-25,140.0,140.24,138.66,139.26,13191100.0,-0.0052857142857143,51.9161,52.4761,51.7161,52.0761,137100.0,0.0030818955969342
2011-03-28,137.82,138.83,137.78,138.54,7656000.0,0.0052242054854157,52.2861,52.3461,51.5761,51.6061,190800.0,-0.0130053685396309
2011-03-29,138.21,138.82,137.94,138.21,6345200.0,0.0,51.6861,52.3761,51.3061,52.3661,157400.0,0.0131563418404561
2011-03-30,139.07,139.18,137.68,138.67,10749400.0,-0.0028762493708204,52.8961,53.1161,52.6361,52.9761,143600.0,0.0015123988346968
2011-03-31,140.08,140.4,139.78,139.86,15227300.0,-0.0015705311250713,52.9161,53.0761,52.7361,53.0361,76200.0,0.0022677408199016
2011-04-01,138.65,139.55,137.72,139.2,15738300.0,0.0039668229354488,53.5561,53.5761,53.0561,53.3261,184100.0,-0.0042945621507167
2011-04-04,140.13,140.26,139.45,139.84,9685100.0,-0.0020695068864625,53.6361,53.6661,53.2161,53.4261,131900.0,-0.0039152734818527
2011-04-05,139.58,142.09,139.52,142.05,18295300.0,0.0176959449777905,53.3161,53.9261,53.2661,53.6261,83400.0,0.0058143787711404
2011-04-06,142.4,142.62,141.77,142.38,10710300.0,-0.0001404494382023,54.0661,54.1361,53.0861,53.3361,137100.0,-0.0135019910812874
2011-04-07,142.23,142.89,141.8,142.51,9486800.0,0.001968642339872,53.3861,53.5161,52.7661,53.1061,103300.0,-0.0052448109152007
2011-04-08,143.34,143.84,142.97,143.66,13128200.0,0.0022324543044509,53.6161,53.6161,52.4561,52.8061,82200.0,-0.0151074024406848
2011-04-11,143.28,143.49,142.28,142.64,10105600.0,-0.0044667783361251,52.9661,52.9961,52.0661,52.2561,84600.0,-0.0134048004289534
2011-04-12,142.74,142.82,140.75,141.61,14948100.0,-0.0079164915230488,51.7161,51.9561,51.2961,51.5761,157800.0,-0.0027070873480405
2011-04-13,142.39,142.53,141.48,141.9,13884200.0,-0.0034412528969729,52.0361,52.2961,51.6261,52.0761,109500.0,0.0007686971160405
2011-04-14,142.35,143.83,142.23,143.81,14174100.0,0.0102564102564103,51.6661,52.0661,51.3861,52.0461,79200.0,0.0073549193765351
2011-04-15,143.85,145.12,143.57,145.05,19121600.0,0.0083420229405632,52.0761,52.6361,51.9261,52.5861,65300.0,0.009793360101851
2011-04-18,145.21,146.07,144.63,145.93,17340100.0,0.0049583362027408,51.6861,51.8161,51.0661,51.6861,121400.0,0.0
2011-04-19,145.73,146.24,145.18,145.93,10950100.0,0.0013724010155768,51.8861,52.0661,51.5061,52.0461,132200.0,0.0030836775167145
2011-04-20,146.37,146.84,145.74,146.5,13716800.0,0.0008881601421055,53.1961,53.4061,53.0461,53.3961,132500.0,0.0037596741114479
2011-04-21,146.57,147.06,146.32,146.74,10109400.0,0.0011598553592141,53.8361,53.9861,53.5061,53.9861,92300.0,0.0027862345155016
2011-04-25,147.57,147.58,146.42,146.87,15596400.0,-0.0047435115538387,54.0261,54.1061,53.5661,53.8161,105300.0,-0.003887010167308
2011-04-26,146.47,146.62,145.48,146.38,16200000.0,-0.0006144602990373,54.0961,54.4961,53.9661,54.2461,127700.0,0.0027728431439604
2011-04-27,147.38,149.21,146.52,149.2,21945900.0,0.0123490297190934,54.3661,54.6061,53.7961,54.5661,135000.0,0.003678763052711
2011-04-28,149.3,150.0,148.6,149.82,20754000.0,0.0034829202947085,54.4461,54.6261,54.2061,54.4061,200200.0,-0.0007346715375389
2011-04-29,149.9,153.03,149.75,152.37,27600000.0,0.0164776517678452,54.6261,54.8261,54.3961,54.7461,92000.0,0.0021967521020171
2011-05-02,151.46,153.61,150.36,150.41,24094100.0,-0.0069325234385317,54.8961,55.1161,54.2561,54.3661,166000.0,-0.0096546020573409
2011-05-03,150.43,150.97,148.85,149.88,24215600.0,-0.0036561856012764,54.2561,54.2661,53.1861,53.5661,127200.0,-0.0127174640270864
2011-05-04,149.86,150.34,146.76,147.73,35107000.0,-0.0142132657146671,53.5861,53.5861,52.5561,52.9361,102000.0,-0.0121300113275643
2011-05-05,146.82,147.58,142.55,143.47,51284000.0,-0.0228170548971529,52.5261,53.4361,52.2961,52.8061,132600.0,0.0053306832222457
2011-05-06,145.24,146.09,144.4,145.3,24182200.0,0.000413109336271,53.4861,54.0561,52.9461,53.2861,94000.0,-0.0037392892732878
2011-05-09,146.67,147.58,146.34,147.38,13854800.0,0.0048407990727484,53.2661,54.1061,53.2661,53.9661,109500.0,0.0131415665873791
2011-05-10,147.19,148.19,146.93,147.9,11285200.0,0.0048236972620423,54.2361,54.8961,54.0961,54.7761,100000.0,0.0099564681088794
2011-05-11,147.24,147.35,145.77,146.54,21378300.0,-0.0047541428959523,54.6461,54.7061,53.5961,53.9761,106200.0,-0.012260710279416
2011-05-12,145.88,147.12,144.96,146.59,18730400.0,0.0048670139840965,53.5961,54.4961,53.2561,54.3561,124300.0,0.0141801362412563
2011-05-13,146.72,147.28,144.49,145.63,17268700.0,-0.0074291166848418,54.3361,54.5261,53.6561,53.7861,45900.0,-0.0101221839624118
2011-05-16,145.88,146.67,145.19,145.37,10066800.0,-0.0034960241294213,53.4961,54.0661,53.0661,53.1461,87000.0,-0.006542533007079
2011-05-17,144.23,144.78,143.42,144.74,17192100.0,0.0035360188587673,52.7761,53.0261,52.1761,52.7261,121900.0,-0.0009473985383534
2011-05-18,145.55,146.22,145.14,145.6,10502900.0,0.000343524562006,52.8161,53.8661,52.7361,53.8161,58200.0,0.0189336206194702
2011-05-19,145.12,145.85,144.86,145.65,8098100.0,0.0036521499448732,54.1661,54.2161,53.4561,53.9261,94100.0,-0.0044308155839169
2011-05-20,145.82,147.78,144.9,147.49,23187900.0,0.0114524756549171,53.7161,53.8961,53.0861,53.5761,231600.0,-0.0026062949469526
2011-05-23,147.04,147.95,146.97,147.83,15937600.0,0.0053726877040262,52.4561,52.7961,52.2661,52.4961,167600.0,0.0007625423925911
2011-05-24,148.48,149.05,148.18,148.59,14948000.0,0.0007408405172414,52.7761,53.0261,52.2261,52.3761,65000.0,-0.0075791883068282
2011-05-25,148.72,149.37,148.52,148.58,10973800.0,-0.0009413663259816,52.2161,53.2261,52.0761,53.0161,67800.0,0.0153209450724968
2011-05-26,148.45,148.61,147.59,148.22,9785500.0,-0.001549343213203,52.8861,53.7161,52.8361,53.6361,107400.0,0.0141814200706801
2011-05-27,149.02,149.92,148.96,149.7,10186200.0,0.004563145886458,53.9161,54.1961,53.8361,54.0061,54700.0,0.0016692602024256
2011-05-31,149.88,150.16,149.41,149.64,10499300.0,-0.0016012810248199,54.7461,54.7761,53.8861,54.5361,243300.0,-0.0038358896798128
2011-06-01,149.66,151.13,149.43,149.91,18365400.0,0.0016704530268608,54.4261,54.5461,52.8861,52.9261,194200.0,-0.0275603065441029
2011-06-02,150.15,150.38,148.07,149.5,13552700.0,-0.0043290043290043,53.0461,53.4861,52.6061,53.0761,79000.0,0.0005655458176943
2011-06-03,150.28,150.66,149.62,150.22,12606400.0,-0.0003992547245142,52.1561,52.8861,52.0161,52.2161,114200.0,0.0011503927632624
2011-06-06,150.82,151.45,150.21,150.48,11472600.0,-0.0022543429253414,52.0261,52.2761,51.0961,51.0961,167300.0,-0.017875643186785
2011-06-07,150.67,150.85,149.68,150.42,10140500.0,-0.0016592553262095,51.4761,51.8261,51.1761,51.3161,138000.0,-0.0031082385806229
2011-06-08,150.02,150.38,149.3,149.81,9612500.0,-0.0013998133582189,51.0961,51.2361,50.5161,50.6061,208800.0,-0.0095897729963735
2011-06-09,150.01,151.02,149.75,150.56,7643200.0,0.0036664222385175,50.6861,51.3461,50.5361,51.1261,136600.0,0.0086808809515823
2011-06-10,149.04,149.78,148.69,149.24,12344900.0,0.0013419216317768,50.7861,50.8661,49.9461,50.0161,242500.0,-0.0151616288708917
2011-06-13,148.66,149.04,147.19,147.77,12989300.0,-0.0059868155522668,49.9561,50.4061,49.1861,49.5461,338600.0,-0.0082072059268036
2011-06-14,147.7,148.73,147.48,148.67,10938500.0,0.006567366283006,50.1861,50.8761,50.1861,50.6761,100100.0,0.00976365965875
2011-06-15,148.16,149.55,147.92,149.12,14550700.0,0.0064794816414687,50.1861,50.5961,49.4961,49.6261,91200.0,-0.0111584681814287
2011-06-16,148.83,149.49,148.22,148.97,11035000.0,0.0009406705637303,49.6161,49.8161,48.6261,49.2761,237600.0,-0.0068526143731571
2011-06-17,148.87,150.29,148.83,149.94,19205100.0,0.0071874790085308,49.9561,49.9561,49.1361,49.2961,212000.0,-0.0132115997846108
2011-06-20,150.08,150.79,149.58,150.03,10463400.0,-0.0003331556503199,49.1161,49.8461,49.1161,49.7361,142100.0,0.0126231520825146
2011-06-21,150.26,150.87,150.18,150.76,12439200.0,0.0033275655530413,50.1361,51.3461,50.1061,51.2961,75000.0,0.0231370210287597
2011-06-22,151.01,151.86,150.56,150.99,14109700.0,-0.0001324415601614,50.9961,51.6661,50.9861,50.9961,90000.0,0.0
2011-06-23,148.67,148.84,147.26,148.34,24869600.0,-0.0022196811730677,50.2061,51.3261,49.6761,51.2661,126600.0,0.0211129723280637
2011-06-24,147.86,148.02,145.97,146.26,19301400.0,-0.0108210469362912,51.3661,51.3861,50.4161,50.5061,48300.0,-0.0167425597816458
2011-06-27,145.93,146.4,145.2,145.73,11602500.0,-0.0013705201123827,50.5261,51.1761,50.0661,50.9961,180200.0,0.0093021230611505
2011-06-28,146.16,146.77,145.67,146.24,8813800.0,0.0005473453749316,51.2661,52.2761,51.2061,52.2661,78300.0,0.019506067362253
2011-06-29,146.77,147.42,146.44,147.18,12624600.0,0.0027934864073039,52.5661,53.0161,52.1361,52.7061,74600.0,0.002663313428236
2011-06-30,147.18,147.41,145.98,146.0,12657100.0,-0.0080173936676179,52.8261,53.5261,52.8261,53.3361,130600.0,0.009654318603872
2011-07-01,144.76,145.07,143.97,144.93,16366500.0,0.0011743575573363,53.4161,54.3861,53.1861,54.2861,113800.0,0.0162872242638454
2011-07-05,146.96,147.82,146.85,147.63,11278200.0,0.0045590636908001,54.5161,54.6761,54.1561,54.5561,245100.0,0.0007337282013937
2011-07-06,148.7,149.44,148.58,148.91,14502500.0,0.0014122394082044,54.4661,54.7761,54.1161,54.6761,247900.0,0.0038556092688846
2011-07-07,148.97,149.35,148.29,149.15,9520900.0,0.0012082969725448,55.3861,55.7061,55.2961,55.4861,273100.0,0.0018055071579331
2011-07-08,150.32,150.5,149.99,150.25,13662300.0,-0.0004656732304416,54.4361,54.9161,54.1961,54.9161,217300.0,0.0088176779747262
2011-07-11,151.33,151.69,150.2,151.59,20447200.0,0.0017180995176104,54.1761,54.3061,53.0561,53.2361,102800.0,-0.0173508244410357
2011-07-12,151.24,153.32,150.77,152.77,24033700.0,0.0101163713303358,53.0561,53.3761,52.6861,52.7361,120500.0,-0.0060313517201603
2011-07-13,153.76,154.71,153.58,154.14,26351000.0,0.0024713839750259,53.0461,53.9561,53.0361,53.1661,78800.0,0.0022621832707776
2011-07-14,154.81,155.24,153.95,154.54,17613600.0,-0.0017440733802726,53.3561,53.7261,52.1061,52.3061,118500.0,-0.0196790994844075
2011-07-15,154.34,155.29,154.22,155.2,18448400.0,0.0055721135156147,52.8161,53.2161,52.5661,53.1961,326700.0,0.0071947758353987
2011-07-18,155.76,156.58,155.67,156.57,17133400.0,0.0052003081664098,52.9161,52.9161,51.8961,52.3761,94900.0,-0.0102048336895576
2011-07-19,156.32,156.32,154.1,154.66,22871500.0,-0.0106192425793244,52.8061,53.9861,52.8061,53.9261,67500.0,0.0212096708524204
2011-07-20,154.22,156.02,154.11,156.02,14559300.0,0.0116716379198548,54.0561,54.0561,53.3161,53.5961,382200.0,-0.0085096779086911
2011-07-21,155.91,156.04,154.33,154.83,18422800.0,-0.0069270733115257,53.8561,54.4261,53.6161,54.1561,166900.0,0.0055703996390381
2011-07-22,156.0,156.56,155.68,156.12,11378700.0,0.0007692307692307,54.1461,54.6661,53.9761,54.5361,72500.0,0.0072027348230066
2011-07-25,157.6,157.8,156.72,157.34,13036200.0,-0.0016497461928933,53.6961,54.4561,53.6561,54.0461,97600.0,0.006518164261464
2011-07-26,156.97,157.79,156.6,157.77,11735500.0,0.0050965152576926,53.8661,53.8961,53.4061,53.6061,90900.0,-0.0048267834500735
2011-07-27,158.47,158.64,156.69,157.19,18296600.0,-0.0080772385940556,53.2061,53.2061,51.6061,51.7461,115500.0,-0.0274404626537182
2011-07-28,157.54,157.6,156.11,157.32,11369100.0,-0.0013964707375904,51.6261,52.3161,51.2661,51.3461,182000.0,-0.0054236132498871
2011-07-29,158.43,159.25,157.68,158.29,17122800.0,-0.0008836710219025,50.5961,51.7161,50.1561,51.2461,141500.0,0.0128468399738319
2011-08-01,157.47,158.97,156.78,157.72,14825700.0,0.0015876039880612,52.2861,52.2861,50.1761,50.8261,1126600.0,-0.0279232912762665
2011-08-02,159.33,161.62,158.97,161.52,24284500.0,0.0137450574279796,50.2961,50.9061,48.6161,48.6761,258100.0,-0.0322092567813409
2011-08-03,162.36,162.86,161.34,161.49,27823700.0,-0.0053584626755358,48.7461,49.1661,47.1561,49.1361,406600.0,0.0080006400512041
2011-08-04,163.61,163.87,159.68,160.64,40380300.0,-0.0181529246378584,48.2461,48.2461,44.9961,44.9961,542300.0,-0.0673629578349338
2011-08-05,161.64,162.37,160.48,161.75,24554700.0,0.0006805246226182,45.6761,45.9661,42.5461,44.2261,677200.0,-0.0317452672185233
2011-08-08,165.48,167.61,164.76,167.12,43002400.0,0.0099105632100556,41.8661,42.8161,39.3761,39.5661,506400.0,-0.0549370493071961
2011-08-09,169.93,173.15,167.48,168.61,55765800.0,-0.0077679044312363,40.8761,42.7661,39.1961,42.7661,294900.0,0.0462372878038756
2011-08-10,172.46,175.13,171.62,174.58,44797200.0,0.0122927055549113,41.3361,42.7761,40.7661,40.8061,332100.0,-0.0128217224169672
2011-08-11,172.28,172.34,168.65,170.75,49888300.0,-0.0088808915718597,41.2161,44.4261,41.0261,43.7161,383100.0,0.0606559087346934
2011-08-12,169.57,170.06,167.77,169.97,29220000.0,0.0023589078256767,44.3161,44.7261,43.6261,44.3861,244500.0,0.0015795613783703
2011-08-15,169.32,171.91,168.95,171.8,17798000.0,0.0146468225844555,45.1161,45.8861,44.9561,45.8861,249700.0,0.0170670780497426
2011-08-16,172.6,174.07,172.5,173.92,19658000.0,0.0076477404403244,44.9961,45.6361,44.2661,44.8361,235100.0,-0.0035558637304121
2011-08-17,173.87,174.68,173.25,174.42,16482000.0,0.0031632829125207,45.3861,45.6861,44.0461,44.4361,411300.0,-0.0209315186808295
2011-08-18,177.15,178.1,176.41,177.72,25512800.0,0.0032176121930566,42.4961,42.5361,40.5261,41.0461,431600.0,-0.0341207781419941
2011-08-19,181.64,181.67,178.91,179.95,34398100.0,-0.0093041180356749,40.1661,41.8361,39.8161,39.9261,237400.0,-0.0059751880316984
2011-08-22,181.95,184.82,181.6,184.59,27482600.0,0.0145094806265458,41.4461,41.4561,39.7561,39.8761,301500.0,-0.0378805243436656
2011-08-23,182.24,183.82,177.5,177.67,55265400.0,-0.0250768217734856,40.2761,42.3461,39.7661,42.3461,475300.0,0.0513952443260395
2011-08-24,177.9,178.31,170.31,171.65,70700300.0,-0.03513209668353,42.2361,43.0961,41.7761,43.0261,92000.0,0.0187043784819147
2011-08-25,167.0,172.81,165.88,172.36,43273700.0,0.0320958083832336,43.3561,43.5961,41.6461,41.7961,111500.0,-0.0359810960856718
2011-08-26,173.57,177.55,171.75,177.47,38673000.0,0.0224693207351501,41.3361,43.4961,40.6761,43.3761,86900.0,0.0493515353407795
2011-08-29,175.95,176.01,172.88,173.89,25265500.0,-0.0117078715544188,44.2161,45.5261,44.1661,45.5261,267700.0,0.0296272172353509
2011-08-30,177.7,179.31,176.66,179.1,23441000.0,0.0078784468204839,45.2261,46.4461,44.9761,46.0861,148000.0,0.0190155684438852
2011-08-31,177.73,179.16,176.33,177.72,16054400.0,-5.6265121251285126e-05,46.7661,47.3561,45.8161,46.3661,146300.0,-0.0085532041371848
2011-09-01,177.44,178.26,176.55,177.87,13895500.0,0.0024233543733093,46.3161,46.9961,45.3561,45.4761,292800.0,-0.0181362420411044
2011-09-02,182.82,183.51,182.1,183.24,19911200.0,0.0022973416475222,43.8461,44.5061,43.4361,43.7661,97700.0,-0.0018245636442009
2011-09-06,184.58,185.85,181.31,182.9,30254500.0,-0.0091017445010294,41.5761,43.6061,41.5761,43.5361,131400.0,0.0471424688703365
2011-09-07,176.19,178.09,174.45,177.08,30760000.0,0.0050513650036892,44.6161,45.6361,44.5161,45.6261,166200.0,0.022637568052788
2011-09-08,181.39,182.12,179.77,181.81,20741300.0,0.0023154528915597,45.0161,45.9261,44.5961,44.8561,89900.0,-0.003554283911756
2011-09-09,179.76,181.95,179.17,180.7,25429600.0,0.0052291944815309,44.1161,44.4661,42.6761,43.1161,75300.0,-0.0226674615389846
2011-09-12,178.73,178.99,175.33,176.67,21812800.0,-0.0115257651205729,42.1761,43.4161,42.0361,43.4061,84500.0,0.0291634361640835
2011-09-13,177.52,179.54,176.29,178.54,17246400.0,0.0057458314556105,43.7661,44.4561,43.3161,44.2961,160900.0,0.0121098292971044
2011-09-14,177.55,177.78,176.05,177.21,18122800.0,-0.0019149535342157,44.6561,46.1561,43.7161,45.4561,168100.0,0.0179146857876079
2011-09-15,174.61,174.85,172.56,174.4,20897000.0,-0.0012026802588626,46.1961,46.2261,45.2361,46.0761,98500.0,-0.0025976218771715
2011-09-16,173.72,177.4,173.71,176.03,20693700.0,0.013297259958554,46.4561,46.5961,45.6961,46.1661,195300.0,-0.0062424525519791
2011-09-19,176.83,176.86,172.2,173.31,18301100.0,-0.0199061245263813,44.9861,45.9861,44.5361,45.6361,61300.0,0.0144489075514436
2011-09-20,173.18,176.37,172.84,175.78,12667600.0,0.0150132809793278,45.7861,46.3961,44.9061,44.9161,58800.0,-0.0190013999882059
2011-09-21,174.79,176.73,173.14,173.59,16431300.0,-0.0068653813147204,44.8561,45.1861,43.2561,43.2561,51600.0,-0.0356696190707617
2011-09-22,169.3,170.32,167.48,169.05,32476300.0,-0.0014766686355581,41.2361,41.8561,39.9661,40.8461,222100.0,-0.0094577324237743
2011-09-23,164.51,165.72,158.55,159.8,52981400.0,-0.0286304783903712,40.4861,41.5361,40.3261,41.1961,109200.0,0.0175368830289902
2011-09-26,157.12,158.8,154.19,157.58,42373800.0,0.0029276985743381,41.7661,42.5161,40.3461,42.4761,182700.0,0.0169994325541527
2011-09-27,161.61,162.29,159.91,160.63,25124200.0,-0.0060639811892829,43.8661,44.5861,43.1461,43.4561,127500.0,-0.0093466252983512
2011-09-28,160.73,161.29,155.56,156.22,21776000.0,-0.0280594786287562,43.5761,43.7961,41.6361,41.6861,60800.0,-0.0433723990903268
2011-09-29,158.12,158.2,156.14,157.7,17340800.0,-0.0026562104730585,42.9061,42.9061,40.0861,41.3261,82100.0,-0.036824600697803
2011-09-30,157.3,160.0,156.33,158.06,16770300.0,0.0048315321042593,40.4261,40.9361,39.6661,39.6661,87800.0,-0.0187997358142387
2011-10-03,161.09,161.56,159.93,160.96,14200400.0,-0.0008070022968526,39.3361,39.7261,37.2261,37.2561,315200.0,-0.0528776365730206
2011-10-04,160.95,161.03,155.27,157.64,24000000.0,-0.0205653929791861,36.6761,39.0261,35.9861,38.9861,348900.0,0.0629837959870324
2011-10-05,158.01,160.32,156.44,159.46,15132300.0,0.0091766343902285,39.2161,40.6261,38.5561,40.4361,116200.0,0.0311096717929627
2011-10-06,160.02,161.11,158.77,160.49,12389500.0,0.0029371328583926,40.3361,41.9261,40.1361,41.8861,296400.0,0.0384271161564949
2011-10-07,161.02,161.58,158.23,159.18,12977400.0,-0.0114271519065954,42.1961,42.1961,40.7661,41.0461,124100.0,-0.0272537035413225
2011-10-10,162.05,163.32,161.14,163.27,8984500.0,0.0075285405738969,42.2061,43.1061,42.1861,42.9461,88900.0,0.0175330106311647
2011-10-11,162.21,162.51,161.21,162.1,8256900.0,-0.0006781332840146,42.5961,43.3861,42.5161,43.1961,60900.0,0.0140857965870115
2011-10-12,163.7,164.0,162.5,163.26,10867900.0,-0.0026878436163713,43.6661,44.4361,43.6261,43.7761,136300.0,0.0025191166602925
2011-10-13,162.3,162.48,160.82,162.3,8327900.0,0.0,43.2761,44.2561,43.0061,44.0461,58300.0,0.0177927308606829
2011-10-14,163.33,163.82,162.25,163.4,9737900.0,0.0004285801751055,44.7261,45.3261,44.4261,45.2661,1005000.0,0.0120734872926546
2011-10-17,164.0,164.16,161.95,162.62,8765700.0,-0.0084146341463414,45.0761,45.2161,43.8261,43.8761,109000.0,-0.0266216465044667
2011-10-18,159.96,162.03,158.3,161.84,15390800.0,0.0117529382345586,43.9061,45.4761,43.0961,45.1361,122900.0,0.0280143305827663
2011-10-19,161.09,161.43,159.55,159.87,8528700.0,-0.0075734061704637,45.0161,45.3761,44.0861,44.1961,68900.0,-0.0182157050477495
2011-10-20,157.62,158.42,156.05,157.77,17367500.0,0.0009516558812333,44.3261,44.5261,43.2161,44.4261,72900.0,0.0022560071831269
2011-10-21,159.99,160.45,158.94,159.52,13334500.0,-0.0029376836052253,45.0361,45.9661,45.0361,45.7861,142700.0,0.0166533070137067
2011-10-24,160.55,161.33,160.22,161.02,10199800.0,0.002927436935534,45.9261,47.5861,45.8861,47.4761,165000.0,0.0337498720770978
2011-10-25,161.24,166.34,160.41,165.59,22130800.0,0.026978417266187,46.9961,46.9961,45.7461,45.8561,150100.0,-0.024257331991378
2011-10-26,167.03,168.05,166.42,167.4,17116300.0,0.0022151709273783,46.6561,46.7261,45.0561,46.3461,118100.0,-0.0066443616161659
2011-10-27,167.59,170.29,166.65,169.55,15876900.0,0.0116952085446626,48.3061,49.3161,47.4561,48.7861,230100.0,0.0099366332616377
2011-10-28,169.64,169.94,168.75,169.62,9362900.0,-0.000117896722471,48.5361,49.1361,48.3861,49.0261,84400.0,0.0100955783427181
2011-10-31,167.76,168.16,166.91,167.34,8437200.0,-0.0025035765379112,48.4161,48.4161,47.3061,47.3061,129600.0,-0.0229262580009542
2011-11-01,164.03,167.41,163.61,167.38,15335400.0,0.0204230933365847,44.9961,46.1361,44.7461,45.4161,143000.0,0.009334142292332
2011-11-02,168.59,169.74,167.3,169.06,14530500.0,0.0027878284595764,46.4561,46.8361,45.8061,46.5161,107100.0,0.001291541907306
2011-11-03,171.17,172.04,169.9,171.72,17610400.0,0.0032131798796518,47.1761,47.9561,46.0661,47.8561,74300.0,0.014414078315079
2011-11-04,171.03,171.34,170.16,170.85,11060400.0,-0.0010524469391335,47.2261,48.1061,46.7961,47.9361,66200.0,0.0150340595560505
2011-11-07,172.85,175.0,172.71,174.98,20131900.0,0.0123228232571593,47.8661,48.1261,46.7661,47.7861,58600.0,-0.0016713289781286
2011-11-08,174.35,175.46,172.9,173.53,16054200.0,-0.0047031832520791,48.0761,48.3561,47.1961,48.2861,63900.0,0.0043680747814402
2011-11-09,174.28,174.81,171.61,172.07,12313900.0,-0.0126807436309387,46.7461,46.8661,45.4661,45.5661,126100.0,-0.0252427475233227
2011-11-10,172.43,172.59,168.83,171.14,11848700.0,-0.0074812967581048,46.4661,46.4661,45.1561,45.8261,63100.0,-0.013773482173025
2011-11-11,172.1,174.05,172.07,173.96,8727100.0,0.010807669959326,46.5761,47.3961,46.5761,47.1961,58200.0,0.0133115481974661
2011-11-14,173.74,173.86,172.59,173.2,5886400.0,-0.0031080925520894,46.8461,47.2161,46.4161,46.6561,50200.0,-0.004055833890121
2011-11-15,173.35,173.81,171.9,173.36,9167900.0,5.768676088848761e-05,46.3961,47.4961,46.2661,47.2361,64300.0,0.0181049700298086
2011-11-16,171.63,172.96,170.57,171.51,15093300.0,-0.0006991784653032,46.5461,47.4861,46.2161,46.2461,39800.0,-0.0064452231228825
2011-11-17,170.04,170.3,166.39,167.1,28468900.0,-0.0172900494001411,46.1861,46.1861,44.5661,44.6761,99800.0,-0.0326938191360605
2011-11-18,167.23,168.69,166.6,167.62,14172900.0,0.0023321174430426,45.1761,45.1761,44.3461,44.5561,233300.0,-0.0137240709136024
2011-11-21,166.61,166.71,162.07,163.5,22030700.0,-0.0186663465578297,43.5061,43.9161,42.9161,43.6861,89000.0,0.004137350854248
2011-11-22,164.74,165.92,164.61,165.31,12094400.0,0.0034599975719314,43.4861,43.9261,42.9861,43.4461,51200.0,-0.000919834153902
2011-11-23,164.55,165.37,163.12,164.83,11483300.0,0.0017016104527499,42.8161,42.8261,41.9561,41.9861,75700.0,-0.0193852312564665
2011-11-25,163.33,165.2,163.29,163.4,6098000.0,0.0004285801751055,41.5861,42.3661,41.5761,41.7361,65300.0,0.0036069744457883
2011-11-28,166.93,167.14,165.98,166.63,12004000.0,-0.0017971604864315,43.5261,44.0661,43.3161,43.7561,69800.0,0.0052841858103529
2011-11-29,166.4,167.33,166.08,166.88,9198900.0,0.0028846153846153,43.8461,44.2561,43.5361,43.7361,58800.0,-0.0025087750107763
2011-11-30,169.7,170.3,169.06,170.13,11821600.0,0.0025338833235121,45.8061,46.3361,45.6261,46.3261,200400.0,0.0113521998161816
2011-12-01,169.85,170.57,168.59,169.63,11610300.0,-0.0012952605239917,46.2561,47.0561,46.0061,46.3861,122900.0,0.002810440136544
2011-12-02,170.65,170.8,169.36,169.82,8433200.0,-0.004863756226194,46.9861,47.4061,46.3661,46.4561,87100.0,-0.0112799317244887
2011-12-05,169.06,169.95,167.06,167.32,10246700.0,-0.0102922039512599,47.5361,47.7361,46.8161,47.1161,97200.0,-0.0088353903664792
2011-12-06,166.31,168.57,165.53,168.18,10381900.0,0.0112440622933077,47.0861,47.2561,46.5561,46.8761,67500.0,-0.0044599149218134
2011-12-07,168.79,169.52,167.76,169.4,10361300.0,0.0036139581728776,46.4961,46.6761,45.7761,46.4661,114900.0,-0.000645215405163
2011-12-08,166.96,167.63,165.73,165.98,11734500.0,-0.0058696693818879,46.1261,46.2961,44.9561,45.0361,148700.0,-0.0236308727596741
2011-12-09,166.43,167.34,166.12,166.4,8354000.0,-0.0001802559634681,45.1961,46.3561,45.1961,46.2161,57500.0,0.0225683189478737
2011-12-12,162.35,162.41,161.14,161.99,15339400.0,-0.0022174314752077,45.5661,45.5661,44.7461,45.2561,57900.0,-0.0068033033329601
2011-12-13,161.86,163.19,157.76,158.45,25040400.0,-0.0210675892746819,45.8161,45.9061,43.7161,44.1261,104300.0,-0.0368865966330612
2011-12-14,156.79,157.34,152.05,152.89,42334400.0,-0.0248740353338861,43.6361,43.6861,42.6461,42.9561,258500.0,-0.0155834274832077
2011-12-15,154.74,154.95,151.71,152.33,21521900.0,-0.0155745120847873,43.5561,43.5761,42.8761,43.1361,70200.0,-0.0096427366086495
2011-12-16,154.31,155.37,153.9,155.23,18124300.0,0.005962024496144,43.6461,44.2361,43.3361,43.6661,65100.0,0.0004582310905213
2011-12-19,155.48,155.86,154.36,154.87,12547200.0,-0.0039233341908926,43.9561,44.1261,42.7661,42.9061,109700.0,-0.0238874695434762
2011-12-20,156.82,157.43,156.58,156.98,9136300.0,0.0010202780257619,43.9061,44.8661,43.9061,44.7861,125600.0,0.0200427730998652
2011-12-21,156.98,157.53,156.13,157.16,11996100.0,0.0011466428844439,44.6961,44.6961,43.8461,44.5561,53700.0,-0.003132264336262
2011-12-22,156.35,156.8,155.33,156.04,9888400.0,-0.0019827310521266,44.8261,45.3761,44.7261,45.2761,70900.0,0.0100387943631054
2011-12-23,156.35,156.49,155.82,156.31,3565100.0,-0.0002558362647904,45.2561,45.3861,44.8261,45.3861,59000.0,0.0028725409392324
2011-12-27,155.08,155.55,154.54,154.91,4918600.0,-0.0010962084085634,45.3161,45.7961,45.2061,45.5561,67500.0,0.0052961309556648
2011-12-28,154.05,154.26,150.66,151.03,16436100.0,-0.0196040246673158,45.5261,45.5261,44.5261,44.5661,64800.0,-0.0210868051513307
2011-12-29,149.09,150.72,148.27,150.34,19812200.0,0.0083841974646186,44.7161,45.2361,44.6661,45.1561,48000.0,0.0098398563380975
2011-12-30,152.14,153.75,151.79,151.99,10852700.0,-0.0009859340081502,45.1961,45.2761,44.8561,44.8561,101500.0,-0.0075227729826246
2012-01-03,154.76,156.3,154.55,155.92,13385800.0,0.0074954768674075,46.1161,46.3361,45.5061,45.6661,89500.0,-0.0097579804016385
2012-01-04,155.43,157.38,155.34,156.71,11549700.0,0.0082352184263012,45.4161,45.8161,45.2061,45.7161,46400.0,0.0066055870054891
2012-01-05,155.37,158.03,155.25,157.78,11621600.0,0.0155113599794039,45.4661,46.3061,45.1161,46.2261,49400.0,0.0167157508561324
2012-01-06,158.59,158.63,156.38,157.2,9790500.0,-0.0087647392647708,46.2561,46.4661,45.9661,46.2061,82500.0,-0.0010809385140555
2012-01-09,157.36,157.59,156.19,156.5,8771900.0,-0.0054651753940011,46.4161,46.5561,46.0361,46.4861,64700.0,0.001508097405857
2012-01-10,158.97,159.47,158.47,158.64,8371400.0,-0.0020758633704473,47.0661,47.3161,47.0061,47.2761,38900.0,0.0044618100926144
2012-01-11,159.34,160.05,158.91,159.67,7968500.0,0.0020710430525918,47.0361,47.3161,47.0161,47.2261,308100.0,0.0040394505496842
2012-01-12,161.02,161.62,159.83,160.38,8602500.0,-0.0039746615327289,47.3761,47.6761,47.0361,47.6261,54100.0,0.0052769223300356
2012-01-13,159.32,159.59,158.01,159.26,8910300.0,-0.0003766005523474,47.1761,47.3761,46.8361,47.2061,76900.0,0.0006359152197829
2012-01-17,161.17,161.65,160.42,160.5,8313300.0,-0.0041571011974932,47.9061,48.0261,47.3761,47.5061,155700.0,-0.0083496673701261
2012-01-18,159.94,161.64,159.68,161.6,9341200.0,0.0103788920845316,47.5261,48.5361,47.3961,48.5361,103700.0,0.0212514807653057
2012-01-19,160.96,161.45,160.33,161.22,8114200.0,0.0016153081510933,48.8161,49.2661,48.7361,49.0561,135900.0,0.0049164107743142
2012-01-20,160.5,162.09,160.0,162.07,11616700.0,0.0097819314641744,48.9961,48.9961,48.5161,48.6961,164600.0,-0.0061229363153393
2012-01-23,162.32,163.47,162.32,163.16,8832100.0,0.0051749630359783,48.7061,49.3161,48.4961,48.9561,155600.0,0.0051328273049987
2012-01-24,161.81,162.37,161.53,162.01,7502100.0,0.0012360175514491,48.5661,49.2561,48.5161,49.2161,105500.0,0.0133838212250931
2012-01-25,161.07,166.55,160.29,166.42,28957700.0,0.033215372198423,49.2361,50.4261,49.1361,50.2961,138700.0,0.0215289188217588
2012-01-26,168.05,168.31,167.05,167.27,19143800.0,-0.0046414757512645,50.7761,50.7761,49.3761,49.6461,472400.0,-0.0222545646475409
2012-01-27,167.44,169.0,167.41,168.97,13030100.0,0.0091376015289058,49.4161,50.1061,49.4061,49.9361,68800.0,0.0105228862658122
2012-01-30,168.19,168.54,167.74,168.03,8438000.0,-0.0009513050716451,49.5161,49.7861,49.0061,49.6161,87000.0,0.0020195451580395
2012-01-31,169.77,169.86,167.72,169.31,11192500.0,-0.0027095482122872,50.0861,50.2461,49.3261,49.6861,99300.0,-0.0079862476814924
2012-02-01,169.75,170.18,169.08,169.56,7734200.0,-0.0011192930780559,50.2661,50.8161,50.1161,50.5661,532900.0,0.0059682370424599
2012-02-02,169.96,171.23,169.68,171.05,11509600.0,0.0064132737114615,50.6661,51.0561,50.5161,50.7261,102600.0,0.0011842237709237
2012-02-03,169.88,170.14,167.51,167.64,23355300.0,-0.0131857781963739,51.5861,51.7761,51.3761,51.7561,148200.0,0.0032954613742849
2012-02-06,166.96,167.68,166.61,167.18,8807400.0,0.0013176808816482,51.4461,51.9361,51.3161,51.9361,55700.0,0.0095245314999582
2012-02-07,167.38,170.09,167.15,169.7,11614300.0,0.0138606763054127,51.8161,52.1461,51.4661,52.0561,64200.0,0.00463176503056
2012-02-08,169.26,169.96,167.5,168.5,10655500.0,-0.0044901335223915,52.1961,52.5061,51.8761,52.2761,79300.0,0.0015326815604996
2012-02-09,170.01,170.37,167.67,168.02,16085200.0,-0.0117051938121285,52.5061,52.6361,51.9561,52.5961,55300.0,0.0017140865537527
2012-02-10,166.49,167.64,166.33,167.14,10326800.0,0.0039041383866897,51.8061,52.0861,51.6061,51.9561,84400.0,0.0028954119302552
2012-02-13,167.33,167.94,166.74,167.51,7088900.0,0.0010757186398134,52.6361,52.6861,52.0161,52.5061,52300.0,-0.002469787845224
2012-02-14,167.65,167.93,166.42,167.12,7862500.0,-0.0031613480465255,52.2961,52.7261,52.2961,52.7061,84700.0,0.0078399727704359
2012-02-15,168.63,168.75,167.19,168.11,11638500.0,-0.0030836743165509,53.0561,53.0761,52.2861,52.4161,96800.0,-0.0120627034403207
2012-02-16,166.33,168.14,166.17,168.0,10734000.0,0.010040281368364,52.4661,53.3061,52.4161,53.2161,91600.0,0.0142949447357436
2012-02-17,168.29,168.33,166.87,167.35,7286900.0,-0.0055855962921147,53.5961,53.5961,53.0561,53.1961,51900.0,-0.0074632296006612
2012-02-21,169.65,171.07,169.59,171.02,13611200.0,0.0080754494547598,53.4061,53.4861,52.7061,52.9361,97700.0,-0.0088004928275983
2012-02-22,170.4,173.17,170.19,172.94,16676500.0,0.0149061032863849,52.8061,53.1361,52.6561,52.8061,315100.0,0.0
2012-02-23,172.69,173.77,172.28,173.02,11654200.0,0.0019109386762407,52.8061,53.3961,52.5661,53.3961,144000.0,0.0111729516097571
2012-02-24,172.63,173.04,172.0,172.23,9293700.0,-0.0023170943636679,53.5561,53.7861,53.3961,53.4961,96300.0,-0.0011203205610565
2012-02-27,172.14,172.92,171.58,171.7,7340900.0,-0.0025560590217264,53.0461,53.7861,52.7961,53.5961,90600.0,0.0103683399910643
2012-02-28,172.84,174.0,172.6,173.49,12413000.0,0.003760703540847,53.6861,53.7961,53.1361,53.4661,106800.0,-0.004097894985853
2012-02-29,173.19,173.59,164.0,164.29,44149000.0,-0.0513886483053294,53.5061,53.6961,52.8961,52.9661,100600.0,-0.0100923072322596
2012-03-01,166.1,167.72,165.75,166.61,19200700.0,0.0030704394942806,53.2361,53.7761,53.0961,53.7161,68700.0,0.0090164380936995
2012-03-02,166.23,166.83,165.63,166.34,9298100.0,0.0006617337424051,53.6661,53.7761,53.0061,53.2961,50300.0,-0.0068944827367741
2012-03-05,165.77,165.91,164.55,165.65,12071400.0,-0.0007238945526935,53.2161,53.2161,52.4861,52.7161,152300.0,-0.0093956528193535
2012-03-06,162.15,162.81,161.78,162.7,15533200.0,0.0033919210607461,51.8661,51.9161,51.1961,51.4461,195900.0,-0.0080977748471545
2012-03-07,162.76,164.02,162.51,163.63,9553300.0,0.0053452936839518,51.6161,52.2261,51.6161,52.1161,82500.0,0.0096869000176301
2012-03-08,164.74,165.55,164.05,165.28,8858200.0,0.0032778924365666,52.6261,53.1461,52.3161,52.9961,115900.0,0.0070307318991906
2012-03-09,163.64,166.57,163.25,166.38,13698200.0,0.0167440723539477,53.0761,53.6161,52.9761,53.3761,76900.0,0.0056522615640562
2012-03-12,165.33,165.58,164.4,165.07,6523800.0,-0.0015726123510555,53.4461,53.4861,52.9261,53.0761,68400.0,-0.0069228624726594
2012-03-13,163.94,165.41,161.43,162.3,20047000.0,-0.0100036598755641,53.5361,54.2861,53.2461,54.2761,1082500.0,0.0138224487775538
2012-03-14,159.61,160.58,158.8,159.57,28822100.0,-0.000250610863981,54.2561,54.3761,53.6661,53.8461,119300.0,-0.0075567539871093
2012-03-15,159.73,161.98,159.28,161.08,12689300.0,0.008451762348964,53.8961,54.3561,53.6861,54.3461,73700.0,0.0083493981939324
2012-03-16,160.08,161.54,159.92,161.3,12549200.0,0.0076211894052973,54.3561,54.5861,54.2861,54.4661,97900.0,0.0020236919131431
2012-03-19,160.85,162.3,160.72,161.59,9920800.0,0.0046005595275101,54.3461,54.9561,54.2461,54.7061,102700.0,0.0066242103849218
2012-03-20,160.2,161.08,159.77,160.13,11643700.0,-0.0004369538077402,54.1761,54.2861,53.9161,54.1761,94000.0,0.0
2012-03-21,160.63,161.48,160.15,160.21,6672700.0,-0.0026147046006349,54.3361,54.6561,54.1261,54.4261,102400.0,0.0016563573756673
2012-03-22,158.2,159.71,158.13,159.57,11107700.0,0.0086599241466498,53.7161,53.9561,53.4061,53.7661,89600.0,0.0009308196239117
2012-03-23,160.88,161.88,160.52,161.53,10689000.0,0.0040402784684237,53.8361,54.1161,53.2561,54.0361,78100.0,0.0037149793540021
2012-03-26,163.17,164.54,162.95,164.4,13226700.0,0.0075381503952933,54.7661,55.0561,54.5461,55.0561,115400.0,0.0052952465119845
2012-03-27,164.52,164.89,163.13,163.24,10908700.0,-0.0077802090931193,55.1161,55.1261,54.6961,54.7361,275100.0,-0.0068945371679056
2012-03-28,162.71,162.98,160.66,161.51,11008200.0,-0.0073750845061767,54.6761,54.7461,53.5261,53.9961,130600.0,-0.012436878270396
2012-03-29,161.14,161.46,159.81,161.28,11026900.0,0.000868809730669,53.5361,54.1461,53.2661,54.0261,75100.0,0.0091527025689208
2012-03-30,161.67,162.33,161.22,162.12,7534000.0,0.0027834477639637,54.4561,54.5861,53.8961,54.2361,153300.0,-0.0040399514471289
2012-04-02,161.96,163.56,161.81,162.94,7541700.0,0.0060508767596936,54.1961,55.1561,54.1161,54.8861,155200.0,0.0127315434136404
2012-04-03,163.23,163.23,159.17,159.89,16822300.0,-0.0204619248912577,54.7361,55.0761,54.4161,54.8761,144400.0,0.0025577269845677
2012-04-04,157.7,158.03,156.58,157.21,15975600.0,-0.0031071655041216,54.1061,54.2861,53.5361,53.8361,158400.0,-0.0049901951905606
2012-04-05,157.87,158.68,157.78,158.31,8967700.0,0.0027871033128523,53.5961,54.1561,53.5961,53.8761,92600.0,0.0052242607204628
2012-04-09,159.72,160.01,158.91,159.37,8245800.0,-0.0021913348359628,52.7861,53.1161,52.5861,52.9461,93400.0,0.0030311009906017
2012-04-10,159.66,161.58,158.47,161.1,14288500.0,0.0090191657271702,52.8461,52.9861,51.3061,51.4361,168200.0,-0.0266812498935587
2012-04-11,161.2,161.54,160.74,161.07,10005400.0,-0.0008064516129031,52.1161,52.4061,52.0461,52.1461,73700.0,0.0005756378547127
2012-04-12,160.74,163.2,160.46,162.7,9229900.0,0.0121936045788228,52.2261,53.3761,52.1661,53.2761,60900.0,0.0201048900836937
2012-04-13,162.45,162.46,160.17,160.85,10041000.0,-0.0098491843644197,53.0161,53.1861,52.4961,52.5861,86500.0,-0.0081107437174744
2012-04-16,160.51,161.18,159.53,160.46,6670500.0,-0.0003115070712104,52.9561,53.0461,51.9861,52.2461,80400.0,-0.0134073317332658
2012-04-17,160.54,160.96,158.75,160.25,7587100.0,-0.0018064033885635,52.7361,53.6361,52.7361,53.4361,77800.0,0.0132736398785652
2012-04-18,159.49,160.12,159.07,159.31,7463000.0,-0.001128597404226,52.9461,53.4961,52.9161,53.2861,57000.0,0.0064216250110961
2012-04-19,160.0,160.64,159.02,159.43,9914400.0,-0.0035624999999999,53.3661,53.9661,52.6761,53.0761,78100.0,-0.0054341613870979
2012-04-20,159.25,159.91,159.2,159.54,9148800.0,0.0018210361067503,53.3361,53.4061,52.9361,52.9361,89400.0,-0.0074996109576815
2012-04-23,158.2,159.18,157.88,159.07,8876800.0,0.0054993678887484,51.9761,52.3161,51.5161,52.2761,83900.0,0.0057718836157387
2012-04-24,159.63,160.18,159.29,159.3,5200600.0,-0.0020672805863558,52.2961,52.2961,51.5761,51.8361,101500.0,-0.0087960670107331
2012-04-25,159.48,159.96,157.76,159.62,15093700.0,0.0008778530223226,52.7161,53.1561,52.6061,53.1561,60800.0,0.0083465962011606
2012-04-26,160.46,161.38,160.1,161.03,10918700.0,0.0035522871743736,52.9961,53.9261,52.9961,53.8361,62200.0,0.0158502229409334
2012-04-27,161.78,161.97,161.15,161.38,8906600.0,-0.0024724935097045,54.2061,54.4061,53.5661,54.2061,95400.0,0.0
2012-04-30,160.49,161.88,160.31,161.88,8007300.0,0.0086609757617296,54.1361,54.2361,53.6661,53.8761,142300.0,-0.0048027102063133
2012-05-01,162.09,162.18,160.89,161.32,7414800.0,-0.004750447282374,53.8761,54.8361,53.5661,54.2761,158000.0,0.0074244423779746
2012-05-02,160.74,160.78,159.76,160.59,5632300.0,-0.0009331840238895,53.7761,54.4861,53.7361,54.4161,68700.0,0.0119011977439792
2012-05-03,159.16,159.48,158.37,158.97,13172000.0,-0.0011937672782105,54.3561,54.3561,53.1761,53.3561,132000.0,-0.0183971992103922
2012-05-04,158.82,159.98,158.57,159.47,11389600.0,0.0040926835411157,52.7961,52.9261,51.8861,52.0461,206700.0,-0.014205594731429
2012-05-07,159.31,159.34,158.45,159.08,4927800.0,-0.001443726068671,51.7961,52.2961,51.7461,52.0761,75200.0,0.0054058124067254
2012-05-08,156.61,156.73,154.92,156.0,17852300.0,-0.0038950258604176,51.5161,51.6761,50.1661,51.5861,326400.0,0.0013587985115332
2012-05-09,154.1,154.98,153.6,154.47,13864000.0,0.0024010382868267,50.7661,51.6661,50.3961,51.3061,179200.0,0.0106370195859047
2012-05-10,155.16,155.57,154.64,154.77,7460100.0,-0.0025135344160865,51.9361,52.0561,51.3161,51.3761,89300.0,-0.0107824807792653
2012-05-11,153.44,154.47,153.24,153.56,8285600.0,0.0007820646506778,50.9661,52.0861,50.8161,51.4761,68000.0,0.0100066514801015
2012-05-14,151.58,152.03,151.0,151.33,13388200.0,-0.0016492941021242,50.7861,51.1161,50.4261,50.5761,98900.0,-0.0041349896920614
2012-05-15,151.16,151.44,149.63,149.74,13354500.0,-0.0093940195818998,50.6561,50.9561,50.0561,50.2361,90800.0,-0.008291202836381
2012-05-16,149.48,150.7,148.6,149.46,16750700.0,-0.0001337971635,50.3761,50.9061,49.8661,49.8861,123100.0,-0.0097268347490179
2012-05-17,150.83,153.4,150.38,152.8,18080700.0,0.0130610621229198,49.8761,49.9361,48.1061,48.1061,183400.0,-0.0354879391131223
2012-05-18,154.46,155.13,153.97,154.55,12994200.0,0.0005826751262462,48.2961,48.4961,47.2661,47.3361,251500.0,-0.0198773814034673
2012-05-21,154.11,154.95,153.86,154.65,7542400.0,0.0035039906560248,47.4461,49.1361,47.3061,49.0861,390200.0,0.0345655385795671
2012-05-22,153.59,154.42,151.55,152.08,11302700.0,-0.0098313692297675,49.2861,49.8861,48.8961,49.2961,170200.0,0.0002028969628354
2012-05-23,151.5,151.84,148.84,151.62,18854500.0,0.0007920792079208,48.6261,49.8161,48.1861,49.7561,122100.0,0.0232385488451675
2012-05-24,152.71,152.91,150.62,151.41,9697100.0,-0.0085128675266846,49.8861,49.8961,49.0161,49.5861,58900.0,-0.006013699206793
2012-05-25,151.89,152.85,151.63,152.68,6212900.0,0.0052011323984463,49.5661,49.8061,49.4161,49.5761,64800.0,0.0002017507933849
2012-05-29,153.47,153.62,150.25,151.02,11243100.0,-0.0159640320583826,50.1461,50.6161,49.8561,50.4161,64900.0,0.0053842671713254
2012-05-30,149.74,152.38,148.53,151.91,16764800.0,0.0144917857619873,49.6761,49.7761,48.9361,49.1461,70600.0,-0.0106691145238857
2012-05-31,152.03,152.71,150.62,151.62,10114300.0,-0.0026968361507596,49.0761,49.0761,47.8961,48.7161,166100.0,-0.0073355462231106
2012-06-01,155.41,158.31,154.87,157.5,27399400.0,0.0134482980503185,47.1961,47.5761,46.4261,46.5061,284200.0,-0.0146198520640476
2012-06-04,157.26,157.44,156.16,157.32,11462100.0,0.0003815337657382,46.6061,46.9161,45.6361,46.4261,255200.0,-0.0038621553830936
2012-06-05,156.92,157.27,156.42,157.14,8095300.0,0.0014019882742798,46.0861,47.3861,46.0861,47.2461,78400.0,0.0251702791080173
2012-06-06,158.9,159.2,156.59,157.21,15771600.0,-0.0106356198867211,47.8161,48.7661,47.8161,48.6961,138100.0,0.0184038430570456
2012-06-07,157.82,157.84,153.19,154.5,18921600.0,-0.0210366240020275,49.5961,49.6861,48.2561,48.3561,90300.0,-0.0250019658803817
2012-06-08,153.02,154.83,153.0,154.73,11074800.0,0.01117500980264,48.1561,48.9061,47.6961,48.8661,38100.0,0.0147437188642768
2012-06-11,154.83,155.4,153.55,155.36,9166600.0,0.0034231092165601,49.6361,49.6361,47.5961,47.6161,72100.0,-0.0406961868478787
2012-06-12,155.49,157.04,155.45,156.46,13241100.0,0.00623834330182,47.8361,48.4361,47.4161,48.4261,65900.0,0.0123337813910414
2012-06-13,157.61,157.65,156.42,157.12,10109800.0,-0.0031089397880845,48.1661,48.4561,47.2561,47.4561,56400.0,-0.0147406578485698
2012-06-14,157.64,157.94,156.24,157.75,11502400.0,0.0006977924384674,47.5261,48.1861,47.3461,47.9561,73500.0,0.0090476601278034
2012-06-15,157.75,158.46,157.42,157.84,13099300.0,0.0005705229793978,48.1461,48.9261,48.0461,48.8461,107800.0,0.0145390800085573
2012-06-18,157.46,158.21,156.54,157.93,6733000.0,0.0029848850501714,48.6161,49.6161,48.3461,49.5061,104400.0,0.0183066926388583
2012-06-19,158.0,158.14,156.97,157.16,6945900.0,-0.0053164556962025,49.8261,50.5361,49.7661,50.2861,160900.0,0.0092321092760621
2012-06-20,156.0,157.37,154.26,155.97,16970200.0,-0.0001923076923076,50.2861,50.4761,49.6761,50.0561,96100.0,-0.0045738285530195
2012-06-21,153.73,154.23,151.8,152.02,14447500.0,-0.0111233981656149,49.9361,50.0361,48.0361,48.1161,114500.0,-0.0364465787276138
2012-06-22,152.04,152.7,151.21,152.64,6755200.0,0.0039463299131807,48.4461,48.7861,48.0361,48.6061,58100.0,0.0033026394281479
2012-06-25,152.58,154.16,152.25,153.76,6183600.0,0.0077336479224012,47.8161,47.9161,47.0961,47.4461,56700.0,-0.0077379794671668
2012-06-26,153.03,153.3,152.13,152.62,6123400.0,-0.0026792132261647,47.5461,48.0261,47.2361,47.8461,130200.0,0.0063096657770037
2012-06-27,153.3,153.45,152.15,152.83,4840700.0,-0.0030658838878016,48.0161,48.2761,47.7961,48.1261,72200.0,0.0022908982612082
2012-06-28,151.9,152.16,150.15,151.05,8755600.0,-0.0055957867017774,47.5761,47.8561,46.8861,47.7061,93700.0,0.0027324644096511
2012-06-29,155.13,155.95,154.52,155.19,10378200.0,0.0003867723844517,49.0361,49.6961,48.9261,49.6861,81600.0,0.0132555403060195
2012-07-02,154.67,155.55,154.34,155.09,3654200.0,0.0027154587185622,49.8961,49.9761,49.2961,49.8361,97400.0,-0.0012024987924906
2012-07-03,156.97,157.72,156.77,157.46,5037700.0,0.0031216155953367,49.8561,50.7261,49.8561,50.6261,103700.0,0.0154444491245806
2012-07-05,155.44,156.4,154.45,155.68,5359900.0,0.0015440041173443,50.5561,51.0161,50.2261,50.7561,63400.0,0.0039560013529525
2012-07-06,154.23,154.49,152.95,153.71,7045700.0,-0.0033715878882187,50.0761,50.0761,49.2361,49.6561,86100.0,-0.0083872346288947
2012-07-09,153.61,154.58,153.43,154.04,4468500.0,0.0027992969207732,49.4861,49.6261,48.9261,49.2161,58700.0,-0.0054560775652153
2012-07-10,155.13,155.18,151.78,152.15,9747900.0,-0.0192096950944368,49.5661,49.7261,48.0661,48.3861,100600.0,-0.0238065936194294
2012-07-11,152.58,153.45,152.02,152.99,6838500.0,0.0026871149560885,48.3061,48.5561,47.7061,48.0861,55300.0,-0.0045542902449172
2012-07-12,151.26,153.07,150.85,152.59,11394800.0,0.0087928070871348,47.4761,48.2361,47.0661,47.9561,173900.0,0.0101103502604467
2012-07-13,153.45,154.94,153.44,154.14,5080300.0,0.004496578690127,48.1161,48.9661,48.1161,48.8561,61100.0,0.0153794675794587
2012-07-16,154.43,154.75,153.98,154.21,5710900.0,-0.0014245936670336,48.6861,48.7761,48.1661,48.5561,44200.0,-0.002670166638938
2012-07-17,154.01,154.5,152.45,153.47,13021800.0,-0.0035062658268943,48.8361,49.0861,48.0961,49.0461,57600.0,0.0043000976736471
2012-07-18,152.67,153.6,152.4,153.05,6807600.0,0.0024890286238293,48.8661,49.9661,48.8661,49.6661,785100.0,0.0163712676067866
2012-07-19,153.73,154.32,152.93,153.38,6070000.0,-0.0022767189227866,49.9461,50.4061,49.6261,50.1261,48600.0,0.003603884988017
2012-07-20,152.97,154.0,152.75,153.67,8583800.0,0.0045760606654898,49.6661,49.6661,49.0961,49.1361,63300.0,-0.0106712626922589
2012-07-23,152.5,153.33,152.29,153.03,5256700.0,0.0034754098360655,48.1061,48.4461,47.4161,48.3161,83100.0,0.0043653507559332
2012-07-24,153.63,153.8,152.2,153.52,6538900.0,-0.0007160059884136,48.3361,48.3761,46.8661,47.3061,105500.0,-0.0213091250638756
2012-07-25,155.33,156.29,155.05,155.67,9355900.0,0.0021888881735657,47.5161,47.8661,47.0861,47.4661,85600.0,-0.0010522749131347
2012-07-26,156.7,157.26,156.05,156.77,7343500.0,0.0004467134652203,48.3661,48.8661,48.0861,48.7161,54300.0,0.0072364734803921
2012-07-27,157.64,157.96,156.66,157.54,9772600.0,-0.000634356762243,49.1261,50.3461,49.0961,50.1161,89400.0,0.0201522205100751
2012-07-30,156.84,157.66,154.81,157.43,7212100.0,0.0037617954603417,50.0361,50.3661,49.5761,49.7861,95200.0,-0.0049963926045395
2012-07-31,157.6,157.72,156.26,156.49,10919700.0,-0.0070431472081217,49.6561,49.8161,49.2161,49.2161,28400.0,-0.0088609455837249
2012-08-01,155.18,155.79,154.41,155.14,12714500.0,-0.0002577651759248,49.4861,49.4861,48.6761,48.7861,71500.0,-0.0141453862801878
2012-08-02,154.66,155.14,153.61,154.13,11538800.0,-0.0034268718479244,48.4461,48.9061,47.7961,48.2961,226100.0,-0.0030962244638887
2012-08-03,154.65,155.89,154.42,155.55,10670700.0,0.005819592628516,49.4761,49.9661,49.3361,49.7861,43600.0,0.0062656514963789
2012-08-06,155.92,156.73,155.74,156.3,4610800.0,0.0024371472550027,49.9761,50.3561,49.9761,50.1261,345700.0,0.0030014346857797
2012-08-07,156.37,156.63,156.01,156.28,5923300.0,-0.0005755579714779,50.5461,51.4161,50.5461,51.1461,108600.0,0.0118703520152889
2012-08-08,156.49,156.86,156.26,156.48,3620500.0,-6.390184676349496e-05,50.8361,51.2961,50.7861,51.1261,279000.0,0.0057046075525069
2012-08-09,156.36,157.0,156.28,156.99,3177800.0,0.0040291634689178,51.0961,51.4161,50.9761,51.1961,64100.0,0.0019570965298721
2012-08-10,156.9,157.82,156.65,157.18,4608000.0,0.0017845761631612,50.8061,51.1861,50.7261,51.1861,49800.0,0.0074794168416785
2012-08-13,157.05,157.45,155.9,155.99,4573300.0,-0.0067494428525947,50.9561,51.1461,50.5461,50.9961,168300.0,0.0007849894320797
2012-08-14,155.06,155.58,154.83,155.13,5075200.0,0.0004514381529729,51.3161,51.4161,50.7761,50.9761,65900.0,-0.0066256009322609
2012-08-15,155.32,155.82,155.27,155.63,4993900.0,0.001995879474633,50.8661,51.4361,50.8661,51.3761,51400.0,0.0100263240154051
2012-08-16,155.85,157.09,155.5,156.56,8838300.0,0.0045556624959897,51.4061,52.2461,51.3761,52.0961,91700.0,0.0134225315672653
2012-08-17,157.06,157.07,156.22,156.72,7812100.0,-0.0021647777919266,52.2261,52.3661,52.1061,52.3561,40300.0,0.0024891768675048
2012-08-20,156.52,157.4,156.47,157.26,7846200.0,0.0047278303092255,52.2561,52.2561,51.6761,51.9261,44600.0,-0.006315052214
2012-08-21,158.81,159.2,158.69,158.83,11833100.0,0.0001259366538631,52.1361,52.5361,51.6961,51.9061,79000.0,-0.0044115305901284
2012-08-22,159.19,160.63,158.51,160.54,13605900.0,0.0084804321879514,51.7461,52.0961,51.5361,51.8961,56600.0,0.002898769182605
2012-08-23,161.41,162.45,161.23,161.89,17237600.0,0.0029737934452635,51.6561,51.7661,51.2761,51.4561,52400.0,-0.0038717595792172
2012-08-24,161.87,162.35,161.33,161.97,8497200.0,0.000617779699759,51.2461,51.8261,51.1261,51.6461,65100.0,0.0078054720261639
2012-08-27,161.77,162.29,161.34,161.36,5380200.0,-0.0025344625084997,51.9461,52.0961,51.5461,51.6061,37600.0,-0.0065452459376161
2012-08-28,161.63,162.19,161.3,161.64,5074200.0,6.186970240667516e-05,51.5461,51.8561,51.3761,51.6961,45500.0,0.0029100164706931
2012-08-29,161.6,161.68,160.18,160.59,9287700.0,-0.0062499999999999,51.7661,51.9961,51.4861,51.8461,42900.0,0.0015454129246746
2012-08-30,161.26,161.31,160.01,160.52,5813700.0,-0.0045888627061886,51.4461,51.4561,51.0361,51.2061,143200.0,-0.0046650766530407
2012-08-31,161.14,164.22,159.56,164.22,18024200.0,0.0191138140747177,51.6961,51.7961,50.9961,51.6061,42000.0,-0.0017409437075524
2012-09-04,164.11,164.77,163.66,164.48,12034800.0,0.0022545853391016,51.6361,51.9861,51.0261,51.7561,124500.0,0.0023239555272378
2012-09-05,164.12,164.39,163.81,164.31,8401900.0,0.001157689495491,51.7461,51.8661,51.4361,51.6161,59700.0,-0.0025122666249243
2012-09-06,165.16,165.78,164.8,164.89,12961100.0,-0.0016347783967062,51.9761,53.2461,51.9761,53.0861,105400.0,0.0213559693782334
2012-09-07,167.77,169.0,167.37,168.44,19138600.0,0.0039935626154854,53.1661,53.6661,53.1661,53.5861,83700.0,0.0078997707185594
2012-09-10,167.84,168.14,167.23,167.29,7760600.0,-0.0032769304099142,53.3761,53.6961,53.1661,53.1961,58500.0,-0.003372295840273
2012-09-11,168.22,168.53,167.79,167.9,7522900.0,-0.0019022708358102,53.2161,53.4961,53.1561,53.3161,60700.0,0.0018791305638707
2012-09-12,168.84,168.87,167.25,167.92,9945400.0,-0.0054489457474533,53.5661,53.7361,53.3661,53.6561,118100.0,0.0016801671206229
2012-09-13,167.87,171.91,166.3,171.31,28336900.0,0.0204920474176445,53.7761,54.7161,53.3761,54.4161,76400.0,0.0119011977439792
2012-09-14,171.89,172.23,171.31,171.8,16847500.0,-0.0005235906684506,54.7261,55.5461,54.7261,55.1861,64900.0,0.0084054957323836
2012-09-17,171.77,171.96,170.06,170.4,11281600.0,-0.0079757815683763,54.8761,55.0261,54.5161,54.6661,86600.0,-0.0038268025606776
2012-09-18,170.81,171.95,170.67,171.72,12486600.0,0.0053275569346056,54.4961,54.5361,54.0861,54.2661,71900.0,-0.0042204855026322
2012-09-19,171.88,172.03,171.19,171.74,9125800.0,-0.0008145217593669,54.4361,54.6861,54.1561,54.5461,329900.0,0.0020207178692081
2012-09-20,171.03,171.69,170.23,171.47,8703000.0,0.0025726480734373,54.0461,54.1861,53.6761,54.1661,59800.0,0.0022203267210769
2012-09-21,172.93,173.18,171.54,171.96,13361300.0,-0.0056092060371248,54.6661,54.7661,54.2061,54.2061,67800.0,-0.0084147213721118
2012-09-24,170.63,171.39,170.57,171.05,9177900.0,0.002461466330657,53.7461,53.9361,53.6161,53.7161,86500.0,-0.0005581800353886
2012-09-25,171.76,172.11,170.5,170.77,10365300.0,-0.0057638565440147,54.0661,54.0661,52.7561,52.7761,66100.0,-0.0238596828696724
2012-09-26,169.46,170.05,168.34,169.81,12064800.0,0.0020653841614539,52.7561,52.7561,51.8261,52.2061,176300.0,-0.0104253347006318
2012-09-27,171.02,172.6,170.76,172.34,10539500.0,0.0077183955092971,52.5361,53.2661,52.4061,53.1461,50900.0,0.0116110636305321
2012-09-28,172.03,172.48,171.34,171.89,9681200.0,-0.0008138115444981,52.8361,53.1861,52.5461,53.0661,80900.0,0.0043530843495261
2012-10-01,172.83,173.62,171.77,172.29,10676400.0,-0.0031244575594516,53.3661,53.6661,52.8361,53.0161,49700.0,-0.0065584706396008
2012-10-02,172.47,172.7,171.59,172.1,7053900.0,-0.0021453006319939,53.3961,53.3961,52.8161,53.1461,76000.0,-0.0046819898831562
2012-10-03,172.51,172.61,171.89,172.41,5647600.0,-0.0005796765404903,53.3161,53.4261,52.9161,53.2561,58100.0,-0.0011253636331238
2012-10-04,173.2,174.07,172.92,173.61,10376800.0,0.0023672055427253,53.5461,53.7861,53.2561,53.7861,58900.0,0.0044821191459321
2012-10-05,172.87,173.37,172.01,172.62,8871000.0,-0.0014461734251171,54.1561,54.4061,53.5561,53.7061,41200.0,-0.0083093132629565
2012-10-08,171.75,172.28,171.68,172.05,3749300.0,0.0017467248908297,53.4161,53.8061,53.3661,53.5661,26400.0,0.0028081421144561
2012-10-09,171.86,172.17,170.56,170.99,7750700.0,-0.0050622599790527,53.3461,53.4661,52.5761,52.5761,53800.0,-0.0144340448505139
2012-10-10,170.54,171.34,170.3,170.84,7361300.0,0.0017591180954615,52.5661,52.5961,52.0161,52.0961,50200.0,-0.0089411236519353
2012-10-11,171.3,171.95,171.13,171.32,5714900.0,0.0001167542323408,52.6461,53.0561,52.4061,52.4961,33400.0,-0.0028492139018844
2012-10-12,171.15,171.41,169.81,170.06,8266000.0,-0.006368682442302,52.6061,52.6561,52.0261,52.1861,38300.0,-0.007983864989041
2012-10-15,169.01,169.1,167.53,168.35,10704900.0,-0.0039050943731139,52.3461,52.6661,51.9961,52.6261,119200.0,0.0053490135845841
2012-10-16,168.87,169.45,168.67,169.42,6204000.0,0.0032569432107537,52.9761,53.4261,52.8361,53.3961,42500.0,0.007928103427772
2012-10-17,169.21,169.95,168.92,169.54,5203400.0,0.0019502393475561,53.3061,53.6361,53.2661,53.5161,45800.0,0.0039395116131174
2012-10-18,168.8,169.31,168.59,168.79,6607100.0,-5.9241706161251934e-05,53.3261,53.6261,53.1261,53.3861,23100.0,0.0011251525988212
2012-10-19,168.42,168.45,166.23,166.97,13860400.0,-0.0086094288089299,53.0761,53.1561,52.0561,52.2361,59500.0,-0.0158263323793571
2012-10-22,167.08,167.63,167.03,167.58,6366200.0,0.0029925784055542,52.0261,52.3161,51.5661,52.0261,46800.0,0.0
2012-10-23,166.04,166.06,165.12,165.43,11892500.0,-0.0036738135389061,51.3161,51.6861,50.7561,51.4461,55900.0,0.0025333180035116
2012-10-24,165.78,165.83,164.6,164.86,10794600.0,-0.0055495234648328,51.7161,51.7161,51.0961,51.1861,47000.0,-0.0102482592461534
2012-10-25,166.29,166.53,165.77,166.02,7013800.0,-0.0016236694930541,51.6761,51.8061,50.9761,51.3261,41700.0,-0.0067729569375398
2012-10-26,166.23,166.6,165.77,165.93,6441300.0,-0.0018047283883774,51.3761,51.6761,50.8661,51.3661,35200.0,-0.000194643034407
2012-10-31,166.47,167.28,166.38,166.83,4681500.0,0.0021625518111372,51.4561,51.7061,51.1261,51.4161,174400.0,-0.0007773616733487
2012-11-01,167.02,167.04,166.04,166.07,6018000.0,-0.0056879415638846,51.4661,52.7561,51.4661,52.7461,54600.0,0.0248707401571131
2012-11-02,164.45,164.47,162.3,162.6,14763100.0,-0.011249619945272,52.9961,53.0661,51.9161,51.9261,59900.0,-0.0201901649366651
2012-11-05,163.12,163.42,162.81,163.23,6156200.0,0.0006743501716526,51.8861,52.4561,51.7461,52.3561,93900.0,0.0090583027053488
2012-11-06,163.91,166.77,163.61,166.3,16051800.0,0.0145811725947167,52.6261,53.0561,52.4361,52.8461,69800.0,0.0041804351833025
2012-11-07,166.87,167.13,165.04,166.49,13195200.0,-0.0022772217894168,52.0161,52.1861,51.2361,51.5961,120500.0,-0.0080744231113059
2012-11-08,166.14,168.16,166.12,167.99,8829000.0,0.0111351871915253,51.5561,51.6861,50.6161,50.6261,80700.0,-0.0180386026095845
2012-11-09,168.21,168.54,167.55,167.82,7361000.0,-0.0023185304084181,50.3761,51.4061,50.3161,50.7761,127000.0,0.0079402732645043
2012-11-12,168.1,168.28,167.21,167.45,5647600.0,-0.003866745984533,51.0461,51.0461,50.6061,50.7061,49500.0,-0.0066606459651178
2012-11-13,166.66,167.94,166.63,167.1,6463300.0,0.0026401056042241,50.3161,51.2761,49.9361,50.7061,74700.0,0.0077509981894463
2012-11-14,167.46,168.04,166.78,167.14,8510500.0,-0.0019109040965007,50.9661,50.9761,49.6161,49.6961,121200.0,-0.0249185242739781
2012-11-15,167.0,167.05,165.18,166.09,10023200.0,-0.0054491017964071,49.5961,49.9061,49.1661,49.6261,140400.0,0.0006048862712995
2012-11-16,165.74,166.36,165.47,165.88,6944000.0,0.00084469651261,49.7361,50.1861,49.3361,50.0261,123900.0,0.0058307748295503
2012-11-19,167.75,168.16,167.38,167.87,6764500.0,0.0007153502235469,50.8261,51.3361,50.8061,51.3361,84800.0,0.0100342147046498
2012-11-20,167.75,168.02,166.84,167.39,5496100.0,-0.0021460506706409,51.2461,51.5561,51.0461,51.3961,60200.0,0.0029270520098114
2012-11-21,167.19,167.82,166.97,167.56,3810700.0,0.0022130510197978,51.5761,51.7161,51.4061,51.6261,66400.0,0.0009694412722172
2012-11-23,167.97,170.01,167.8,169.61,6110100.0,0.0097636482705245,52.0761,52.3761,51.8961,52.3761,23800.0,0.0057608000599124
2012-11-26,169.56,169.73,169.25,169.43,5377700.0,-0.000766690257136,52.1961,52.3761,51.8961,52.2061,116300.0,0.0001915851950624
2012-11-27,169.14,169.4,168.62,168.71,7314400.0,-0.0025422726735247,52.2061,52.3661,51.8961,51.9361,77700.0,-0.005171809424569
2012-11-28,165.43,166.84,165.38,166.55,12880100.0,0.0067702351447742,51.6461,52.4561,51.3161,52.4261,123000.0,0.0151027860767802
2012-11-29,167.14,167.5,166.85,167.18,7446800.0,0.0002393203302621,52.6761,52.8461,52.3761,52.7461,91300.0,0.0013288759038729
2012-11-30,166.94,167.22,165.53,166.05,8412300.0,-0.005331256738948,52.8261,53.0261,52.5461,52.7761,74300.0,-0.0009465018239089
2012-12-03,166.11,166.92,166.04,166.13,6363400.0,0.000120402143158,53.1761,53.2561,52.2861,52.3161,75900.0,-0.0161726790795112
2012-12-04,164.06,164.83,163.87,164.42,10208900.0,0.0021943191515298,52.4361,52.5161,52.0061,52.4061,94100.0,-0.0005721249291995
2012-12-05,164.22,164.5,163.2,164.12,10646800.0,-0.000608939227865,52.5561,52.6061,51.8661,52.4261,73700.0,-0.0024735473142033
2012-12-06,163.72,165.0,163.53,164.5,7301600.0,0.0047642316149523,52.3561,52.7761,52.0661,52.7661,104400.0,0.0078309881752079
2012-12-07,164.88,165.22,164.6,165.16,7289500.0,0.0016982047549733,52.9161,53.0761,52.6461,52.9161,113500.0,0.0
2012-12-10,166.11,166.16,165.71,165.8,4646600.0,-0.0018662332189513,52.8261,53.2261,52.8261,53.1461,70300.0,0.0060576116730177
2012-12-11,165.45,165.66,165.12,165.65,4724000.0,0.0012088244182533,53.3861,53.8161,53.3461,53.6561,95200.0,0.0050574962396579
2012-12-12,166.2,166.94,165.36,165.77,14164700.0,-0.002587244283995,53.8661,54.1561,53.6661,53.7761,92200.0,-0.0016708096557947
2012-12-13,163.87,164.9,163.78,164.37,9332800.0,0.0030511991212546,53.6661,53.9961,53.2061,53.3461,43400.0,-0.0059627958804534
2012-12-14,164.17,164.48,164.02,164.13,5351700.0,-0.0002436498751293,53.1961,53.4561,53.0961,53.2161,84600.0,0.0003759674111447
2012-12-17,164.16,164.62,164.13,164.44,8173300.0,0.0017056530214425,53.4361,53.8961,53.4161,53.8961,122200.0,0.0086084126648463
2012-12-18,164.35,164.43,160.9,162.08,23995000.0,-0.0138119866139335,54.0561,54.8861,54.0361,54.8361,164500.0,0.0144294538451719
2012-12-19,161.31,162.22,161.11,161.69,12991600.0,0.0023557126030623,54.9561,55.0461,54.6361,54.6361,170600.0,-0.0058228294948149
2012-12-20,159.87,160.12,158.39,159.73,25148400.0,-0.0008757115156065,54.8561,55.0061,54.5061,55.0061,72100.0,0.0027344269825963
2012-12-21,159.82,160.76,159.78,160.33,13445400.0,0.0031910899762233,53.9161,54.5061,53.8161,54.3961,119600.0,0.0089027210796032
2012-12-24,160.88,160.96,160.47,160.62,3699400.0,-0.0016161113873694,54.2111,54.6111,54.0311,54.2411,35200.0,0.000553392201966
2012-12-26,161.36,161.49,160.64,160.78,4961800.0,-0.0035944471988101,54.3811,54.3811,53.6711,53.7311,77100.0,-0.0119526820899173
2012-12-27,160.23,161.31,160.05,161.16,8937700.0,0.0058041565249953,53.8011,53.9211,52.9811,53.8111,118800.0,0.000185869805636
2012-12-28,160.94,160.97,160.15,160.54,6852900.0,-0.0024853982850752,53.2911,53.6911,53.1711,53.1711,105700.0,-0.0022517831307666
2012-12-31,160.9,162.75,160.77,162.02,11786200.0,0.0069608452454941,53.1311,54.4711,53.0211,54.3611,278900.0,0.0231502829792719
2013-01-02,163.49,164.14,163.14,163.17,10431800.0,-0.0019573062572635,55.9511,56.0511,55.4811,56.0311,175800.0,0.0014298199677934
2013-01-03,162.48,162.88,160.83,161.2,16117500.0,-0.0078778926637124,56.0511,56.5511,55.8111,56.1111,107300.0,0.0010704517841755
2013-01-04,159.52,160.63,158.89,160.44,19179800.0,0.005767301905717,56.3811,56.7011,56.1011,56.6311,100100.0,0.004434110012043
2013-01-07,159.36,159.96,159.15,159.43,9361800.0,0.0004392570281124,56.2711,56.5311,56.2111,56.4411,126700.0,0.0030210889781788
2013-01-08,160.46,160.99,160.01,160.56,7694800.0,0.0006232082762058,56.4111,56.5211,55.9911,56.3411,57600.0,-0.0012408905339552
2013-01-09,160.77,160.83,159.9,160.49,8334200.0,-0.0017416184611556,56.6611,56.7811,56.4911,56.6511,155500.0,-0.0001764879255785
2013-01-10,161.61,162.56,161.61,161.98,11432600.0,0.0022894622857494,57.0511,57.0811,56.4111,56.7911,64800.0,-0.0045573179132391
2013-01-11,161.86,161.9,160.11,161.06,13675600.0,-0.0049425429383418,56.7911,56.9211,56.5711,56.8611,101300.0,0.0012325875005062
2013-01-14,161.88,161.97,161.13,161.54,7289000.0,-0.0021003212255992,56.8711,57.0811,56.6511,56.8711,164600.0,0.0
2013-01-15,162.8,163.17,162.35,162.56,10077800.0,-0.0014742014742015,56.5311,57.2111,56.4811,57.2111,97600.0,0.0120287770802266
2013-01-16,162.42,163.03,162.15,162.65,9214700.0,0.0014160817633297,57.0611,57.1811,56.8411,57.0511,67300.0,-0.0001752507399963
2013-01-17,161.94,164.4,161.83,163.35,14911400.0,0.008706928492034,57.4811,57.7511,57.3311,57.6011,108600.0,0.0020876427208248
2013-01-18,163.95,163.97,163.02,163.09,10038100.0,-0.0052455016773405,57.6611,57.7811,57.3611,57.7711,437400.0,0.0019076986044317
2013-01-22,163.48,164.22,163.37,163.67,8587900.0,0.0011622216784927,57.7811,58.0711,57.5611,58.0611,121500.0,0.0048458752083293
2013-01-23,163.92,163.95,163.0,163.21,6697000.0,-0.004331381161542,58.1211,58.1611,57.9011,58.0811,56300.0,-0.0006882182202332
2013-01-24,161.98,162.27,161.18,161.42,13188300.0,-0.003457216940363,58.1511,58.9511,58.1511,58.6611,96000.0,0.0087702554207916
2013-01-25,160.56,161.04,160.31,160.65,9037400.0,0.0005605381165919,59.0011,59.5211,58.9611,59.5011,129800.0,0.0084744182735576
2013-01-28,160.24,160.73,160.02,160.29,8491600.0,0.0003120319520717,59.7111,59.7711,59.0711,59.1911,287800.0,-0.0087085985687753
2013-01-29,161.01,161.31,160.69,160.99,7364900.0,-0.0001242158872118,59.1311,59.1811,58.7211,59.1411,126500.0,0.0001691157445066
2013-01-30,162.68,163.04,162.03,162.19,12010000.0,-0.0030120481927711,59.1811,59.3711,58.7611,58.8011,110200.0,-0.0064209688566113
2013-01-31,161.62,161.81,160.47,161.2,9334000.0,-0.0025986882811534,58.7811,59.0911,58.5911,58.9011,90100.0,0.0020414725141243
2013-02-01,162.66,162.77,160.87,161.45,12904300.0,-0.0074388294602238,59.4211,59.7111,59.2211,59.5611,83100.0,0.0023560654380346
2013-02-04,161.19,162.42,161.15,162.0,7354900.0,0.0050251256281407,59.1811,59.4411,58.7511,58.7611,109900.0,-0.007096860315202
2013-02-05,162.75,162.79,161.33,161.96,8979400.0,-0.0048540706605222,59.1811,59.5611,59.0411,59.4411,72100.0,0.0043932944808392
2013-02-06,162.13,162.63,161.99,162.39,6138700.0,0.0016036513908591,59.2211,59.8411,59.2211,59.8411,110900.0,0.0104692415372223
2013-02-07,161.24,162.96,161.13,161.84,12827200.0,0.0037211610022326,59.7711,59.8111,59.0311,59.5611,118400.0,-0.0035134036348669
2013-02-08,161.46,162.02,161.2,161.57,6085900.0,0.0006812832899788,59.6311,60.0311,59.6311,60.0211,87100.0,0.006540211399756
2013-02-11,159.78,159.98,159.25,159.7,12083500.0,-0.0005006884466141,59.9611,60.0111,59.6811,59.8811,132300.0,-0.0013341983385894
2013-02-12,159.35,160.05,158.88,159.89,7632300.0,0.0033887668653905,59.9111,60.0711,59.8211,59.9311,90800.0,0.0003338279550868
2013-02-13,159.6,159.64,158.77,159.05,8961300.0,-0.0034461152882204,60.0111,60.2211,59.8211,60.0311,54700.0,0.0003332716780729
2013-02-14,159.31,159.65,158.04,158.35,12410200.0,-0.0060259870692361,59.8911,60.3011,59.7811,60.2711,36500.0,0.0063448492346942
2013-02-15,156.42,156.58,154.56,155.76,23374100.0,-0.0042194092827004,60.3211,60.5111,60.0811,60.2411,46900.0,-0.0013262357616157
2013-02-19,155.8,155.84,154.93,155.33,11803900.0,-0.0030166880616174,60.3011,60.6311,60.3011,60.6211,56300.0,0.0053067025311312
2013-02-20,153.9,153.93,150.84,151.44,30924000.0,-0.0159844054580897,60.6211,60.6211,59.3511,59.3711,82900.0,-0.0206198831759898
2013-02-21,152.0,153.41,151.9,152.62,17964800.0,0.004078947368421,59.1411,59.3211,58.1911,58.5311,67400.0,-0.0103143161016619
2013-02-22,152.26,152.99,151.93,152.97,10093200.0,0.0046630763168265,58.9111,59.4511,58.9111,59.4511,74400.0,0.0091663540487276
2013-02-25,153.52,154.56,153.31,154.34,9488200.0,0.0053413236060447,59.9511,59.9711,58.1211,58.1211,95200.0,-0.0305248777753869
2013-02-26,154.39,156.8,153.32,156.22,18182300.0,0.0118530992939958,58.4411,58.6911,57.8211,58.6011,68000.0,0.0027377992542919
2013-02-27,155.46,155.6,154.08,154.57,9596100.0,-0.0057249453235559,58.6911,60.0611,58.6911,59.8411,54100.0,0.0195941122248517
2013-02-28,154.09,154.16,152.39,153.0,14864400.0,-0.0070737880459471,59.8411,60.3611,59.7911,59.7911,79600.0,-0.0008355461380221
2013-03-01,153.16,153.61,152.14,152.44,11178800.0,-0.0047009663097414,59.4811,60.0511,59.0511,59.9811,61600.0,0.0084060314957188
2013-03-04,152.45,152.74,151.87,152.3,6643800.0,-0.0009839291571005,59.7211,60.3311,59.6211,60.3311,111400.0,0.0102141454192906
2013-03-05,153.1,153.39,152.11,152.38,10804200.0,-0.0047028086218157,60.6911,61.2111,60.6911,61.0711,76100.0,0.0062612145767666
2013-03-06,152.17,153.38,151.65,153.23,10856000.0,0.0069658934086876,61.5411,61.6411,61.1311,61.2211,66400.0,-0.0051997770595585
2013-03-07,153.02,153.21,152.4,152.69,6586700.0,-0.002156580839106,61.2911,61.5611,61.2311,61.5111,52800.0,0.0035894281551481
2013-03-08,151.61,153.29,151.4,152.71,11859500.0,0.0072554580832398,61.9311,62.1611,61.4711,62.1311,207400.0,0.003229395247299
2013-03-11,152.82,153.06,152.65,152.99,4810700.0,0.0011124198403351,61.9411,62.2111,61.8211,62.1711,75900.0,0.0037132049640707
2013-03-12,154.07,154.69,153.9,154.19,7265700.0,0.0007788667488804,62.0511,62.1011,61.6911,61.9111,46200.0,-0.0022562049665517
2013-03-13,154.26,154.6,153.42,153.66,7436400.0,-0.0038895371450796,62.0111,62.3811,61.8411,62.2911,121000.0,0.0045153206442072
2013-03-14,153.02,154.17,153.01,153.68,11410400.0,0.0043131616782119,62.4711,62.7711,62.4511,62.7611,91200.0,0.0046421465285547
2013-03-15,154.12,154.72,153.97,154.0,5701300.0,-0.0007786140669608,62.5811,62.7711,62.2111,62.3111,50200.0,-0.0043144016324416
2013-03-18,155.7,155.93,155.0,155.38,9302400.0,-0.0020552344251765,61.6511,62.2711,61.3211,61.9711,80600.0,0.0051904994395882
2013-03-19,155.22,156.34,155.1,156.08,11023400.0,0.0055405231284629,62.2211,62.3111,61.1011,61.6811,44000.0,-0.0086787279556291
2013-03-20,155.53,155.83,154.88,155.37,8221500.0,-0.0010287404359287,62.3241,62.6041,62.1041,62.4741,80600.0,0.0024067736236864
2013-03-21,156.17,156.43,155.88,156.25,4992000.0,0.0005122622782865,62.0541,62.3241,61.6441,61.7541,83700.0,-0.0048344911939742
2013-03-22,155.45,155.99,155.42,155.55,4746300.0,0.0006432936635575,62.0341,62.1441,61.8441,62.0141,32800.0,-0.0003224033233335
2013-03-25,154.71,155.57,154.36,155.24,6819100.0,0.0034257643332687,62.2341,62.4141,61.3741,61.7141,53700.0,-0.008355547842742
2013-03-26,154.47,154.91,154.28,154.72,7388700.0,0.0016184372370039,62.1141,62.3141,61.8741,62.3141,31100.0,0.0032198808322104
2013-03-27,154.67,155.62,154.51,155.36,6717000.0,0.0044611107519236,61.8941,62.4741,61.5741,62.4241,93900.0,0.0085630132759019
2013-03-28,154.5,154.8,154.22,154.45,6851200.0,-0.0003236245954693,62.2941,62.9341,62.2941,62.8241,137600.0,0.0085080288502442
2013-04-01,154.57,154.93,154.3,154.67,4288100.0,0.0006469560716826,62.8141,62.9241,61.7941,61.9341,171600.0,-0.0140095933874719
2013-04-02,153.09,153.31,152.26,152.43,9398300.0,-0.0043111894963746,62.2741,62.4241,61.6041,61.7741,186800.0,-0.008029020090214
2013-04-03,152.02,152.53,149.92,150.73,15740800.0,-0.0084857255624261,61.9441,61.9441,60.3541,60.5641,94500.0,-0.0222781507843361
2013-04-04,149.65,150.6,149.44,150.29,12429000.0,0.0042766455061809,60.5841,60.9041,60.4241,60.8041,61800.0,0.0036313158072827
2013-04-05,151.54,152.96,151.07,152.81,14491800.0,0.0083806255774053,59.8141,60.6841,59.4541,60.6441,107200.0,0.0138763268192616
2013-04-08,152.39,152.59,151.6,152.16,6246000.0,-0.0015092853861801,60.7941,61.3641,60.5441,61.3641,39300.0,0.0093759098333555
2013-04-09,152.32,153.85,152.28,153.34,7042200.0,0.0066964285714286,61.5141,61.7141,60.9841,61.4241,58100.0,-0.0014630791964768
2013-04-10,152.67,152.71,150.58,150.75,18507400.0,-0.0125761446256631,61.6141,62.5841,61.6141,62.5541,65000.0,0.0152562481639754
2013-04-11,150.76,151.71,150.63,151.05,8063200.0,0.0019235871583975,62.4541,63.2641,62.4541,62.9641,62800.0,0.0081659971082764
2013-04-12,148.65,148.85,143.43,143.95,55601800.0,-0.0316178943827784,62.5941,62.7941,62.1841,62.6541,53000.0,0.0009585567968866
2013-04-15,136.0,136.75,130.51,131.31,93804200.0,-0.034485294117647,62.2441,62.2441,60.0841,60.1141,68800.0,-0.0342201108217486
2013-04-16,134.9,135.11,131.76,132.8,45650800.0,-0.0155670867309117,60.9041,61.6241,60.7041,61.5941,61000.0,0.0113292865340756
2013-04-17,133.81,134.95,132.32,132.87,25444100.0,-0.007024886032434,61.0341,61.0341,59.9041,60.4141,74000.0,-0.0101582557947115
2013-04-18,134.12,135.31,133.62,134.3,20040500.0,0.0013420817178646,60.6341,60.8041,59.5741,59.8641,102800.0,-0.0126991247499343
2013-04-19,136.0,136.02,134.6,135.47,15659300.0,-0.0038970588235294,60.3641,61.0441,60.1641,60.9841,34600.0,0.0102710054486026
2013-04-22,138.15,138.27,137.22,137.9,16568500.0,-0.0018096272167933,61.1141,61.3741,60.3741,61.2541,31800.0,0.0022907970501079
2013-04-23,137.22,137.24,135.85,136.88,14644900.0,-0.0024777729193995,61.8841,62.4541,61.6541,62.3841,77800.0,0.0080796198054104
2013-04-24,138.09,138.55,137.45,138.37,10369300.0,0.0020276631182562,62.3241,62.5641,62.1641,62.3941,52400.0,0.001123161024387
2013-04-25,140.0,142.08,139.79,141.63,18886900.0,0.0116428571428571,62.7841,63.4141,62.7841,62.9841,53300.0,0.0031855199007391
2013-04-26,142.3,143.43,140.04,140.91,19307800.0,-0.0097680955727337,62.9141,63.0641,62.4141,62.6241,38600.0,-0.004609459564708
2013-04-29,142.13,142.66,141.49,142.3,11004500.0,0.0011960880883699,62.8441,63.2441,62.7441,63.0941,37700.0,0.0039780981826456
2013-04-30,142.27,142.83,141.55,142.77,11284400.0,0.0035144443663456,63.1041,63.3741,62.6941,63.3741,96500.0,0.0042786443353125
2013-05-01,140.59,141.55,139.3,141.11,13931100.0,0.0036986983426987,63.2641,63.2641,62.5041,62.5841,48000.0,-0.0107485920134799
2013-05-02,142.0,142.47,141.64,141.92,11502200.0,-0.0005633802816902,62.9041,63.3841,62.7941,63.2741,41100.0,0.0058819695377566
2013-05-03,141.7,142.71,141.4,142.09,11667100.0,0.0027522935779817,64.0541,64.3941,63.6641,64.1141,70900.0,0.0009367081888589
2013-05-06,142.33,142.46,141.63,142.15,7730300.0,-0.0012646666198272,64.0541,64.5441,64.0541,64.4241,96100.0,0.0057763671646309
2013-05-07,140.38,140.64,139.37,140.38,13627400.0,0.0,64.5441,64.9141,64.3241,64.9141,64700.0,0.0057325146682656
2013-05-08,141.78,142.81,141.49,142.46,11161100.0,0.0047961630695444,64.8741,65.4241,64.8341,65.4041,73500.0,0.0081696701765419
2013-05-09,141.33,142.36,140.51,140.81,8263000.0,-0.0036793320597184,65.2241,65.5341,65.0041,65.2241,42800.0,0.0
2013-05-10,138.22,139.75,137.26,139.6,14650600.0,0.0099840833453913,65.3141,66.0041,65.3141,65.9941,38000.0,0.0104112282034048
2013-05-13,138.46,138.97,138.16,138.43,6714100.0,-0.0002166690741008,65.7841,65.9941,65.5741,65.7941,105000.0,0.0001520124163742
2013-05-14,137.95,139.16,137.64,137.81,9895700.0,-0.0010148604566871,65.9241,66.8441,65.9241,66.8241,73300.0,0.0136520635093995
2013-05-15,136.59,136.98,134.23,134.63,19062400.0,-0.0143495131415184,66.6541,67.3541,66.6541,67.1741,87400.0,0.0078014705772037
2013-05-16,133.18,134.48,133.0,134.09,12759200.0,0.0068328577864543,67.0741,67.2941,66.4441,66.5841,74300.0,-0.0073053533331046
2013-05-17,133.17,133.48,131.02,131.07,20346500.0,-0.0157693174138319,66.8241,67.3241,66.7241,67.3041,75200.0,0.0071830372575164
2013-05-20,130.88,135.32,130.85,135.12,21594000.0,0.0323960880195599,67.1241,67.4541,67.0141,67.1241,56400.0,0.0
2013-05-21,132.17,133.65,131.45,132.88,14542500.0,0.0053718695619278,67.2041,67.6741,67.1141,67.3841,100100.0,0.0026784080137968
2013-05-22,134.18,136.77,130.95,131.94,25975200.0,-0.0166939931435386,67.5041,67.9941,65.6841,66.0541,146600.0,-0.0214801767596336
2013-05-23,134.51,134.84,133.12,134.61,10267600.0,0.0007434391495057,65.1041,66.0741,64.7941,65.8741,82700.0,0.0118272121110651
2013-05-24,134.11,134.51,133.64,133.76,5522600.0,-0.0026097979270749,65.5341,65.7141,64.9541,65.6941,64500.0,0.0024414770325679
2013-05-28,133.68,135.57,132.8,133.49,12466400.0,-0.0014213046080191,66.6241,66.8341,65.7241,66.0441,58400.0,-0.0087055584991016
2013-05-29,134.09,134.91,133.64,134.83,8762200.0,0.0055186814825863,65.4641,65.5941,64.8341,65.3941,45800.0,-0.0010692883580467
2013-05-30,136.67,137.11,136.26,136.7,8611700.0,0.0002195068412965,65.4741,65.9941,65.4241,65.7741,38700.0,0.0045819644714474
2013-05-31,135.71,136.05,133.89,133.92,9726600.0,-0.0131898902070593,65.2841,66.1041,64.8241,64.8241,58100.0,-0.0070461260858309
2013-06-03,134.77,136.98,134.43,136.51,9173000.0,0.0129108852118422,65.0041,65.0041,63.8441,64.7041,59600.0,-0.0046150935094862
2013-06-04,135.21,135.44,134.27,135.23,5505200.0,0.0001479180533982,64.7741,65.0741,63.8441,64.1741,57400.0,-0.0092629615849546
2013-06-05,135.47,136.37,135.01,135.52,7444900.0,0.0003690854063631,63.9241,64.2341,63.1441,63.2141,80400.0,-0.0111069221154463
2013-06-06,135.39,137.62,134.98,136.53,9847700.0,0.008420119654332,63.2141,64.0841,62.9341,64.0841,69700.0,0.0137627522973514
2013-06-07,134.11,134.62,133.18,133.28,11054400.0,-0.0061889493699203,64.6241,65.2441,64.2741,65.1841,104400.0,0.008665497856063
2013-06-10,133.3,134.28,132.99,133.94,6142800.0,0.0048012003000749,65.4141,65.5041,64.7641,64.9641,88900.0,-0.0068792508037258
2013-06-11,132.31,133.51,132.24,133.25,7199300.0,0.0071045272466177,64.6241,64.7441,63.7341,64.0541,87500.0,-0.0088202388892068
2013-06-12,132.95,134.83,132.83,134.25,6550600.0,0.0097781120722076,64.6741,64.6941,63.0841,63.1741,81300.0,-0.0231932102650055
2013-06-13,133.31,134.2,132.82,133.74,7161800.0,0.0032255644737829,63.1441,64.8141,63.0441,64.7041,58800.0,0.0247053960702582
2013-06-14,134.0,134.6,133.88,134.43,4278700.0,0.0032089552238806,64.6241,65.0141,64.2541,64.4141,45700.0,-0.0032495616960235
2013-06-17,133.89,134.06,133.52,133.77,4072300.0,-0.000896258122339,64.9541,65.3741,64.6941,65.0741,76400.0,0.0018474584360341
2013-06-18,132.72,132.96,131.53,132.13,7379300.0,-0.0044454490657022,65.1741,65.8741,65.1741,65.7441,73300.0,0.0087458054656682
2013-06-19,132.58,133.15,130.38,130.59,13017800.0,-0.0150098054005129,65.7341,65.8741,64.6941,64.7241,43500.0,-0.0153649323562654
2013-06-20,125.22,126.38,123.33,123.6,28872100.0,-0.0129372304743651,63.9141,63.9141,62.2141,62.3741,171800.0,-0.0240948397927843
2013-06-21,125.16,125.57,124.46,125.05,16600000.0,-0.0008788750399488,62.8141,63.1241,61.6141,62.5141,114100.0,-0.0047759977457291
2013-06-24,124.31,124.7,123.31,123.93,12749300.0,-0.0030568739441717,61.7241,62.4541,60.8841,61.8141,148500.0,0.0014581014546992
2013-06-25,123.65,123.9,122.88,123.47,9369200.0,-0.0014557217953902,62.5641,62.9041,62.0341,62.6741,160200.0,0.0017581967933687
2013-06-26,119.88,119.9,118.06,118.28,24748800.0,-0.0133466800133466,63.1141,63.6541,63.1041,63.4441,75400.0,0.0052286256161459
2013-06-27,119.1,119.51,115.65,115.94,30001900.0,-0.0265323257766582,63.9741,64.4841,63.9641,64.3041,72400.0,0.005158337514713
2013-06-28,115.22,119.33,114.68,119.11,32981900.0,0.0337614997396285,64.0641,64.4941,63.6941,63.9241,84700.0,-0.0021853112741768
2013-07-01,119.94,121.95,119.38,121.13,15945200.0,0.0099216274804068,64.5941,65.1841,64.5641,64.6441,55400.0,0.0007740645043432
2013-07-02,121.34,121.47,119.78,120.05,10550300.0,-0.0106312839953849,64.7341,65.0941,64.1241,64.4041,81200.0,-0.0050977769058347
2013-07-03,120.7,121.77,120.54,120.74,6750300.0,0.0003314001657,64.1141,64.7941,64.1041,64.5541,26500.0,0.0068627649768149
2013-07-05,118.08,118.18,116.74,118.09,11592500.0,8.468834688351216e-05,64.9941,65.4341,64.4941,65.4341,65500.0,0.0067698452628776
2013-07-08,119.09,119.66,118.93,119.51,8652200.0,0.0035267444789655,65.8541,66.0341,65.4841,65.5941,67700.0,-0.0039481216811102
2013-07-09,120.84,121.51,120.05,120.62,8201400.0,-0.0018205892088712,66.0541,66.2741,65.8541,66.1841,87900.0,0.0019680837374212
2013-07-10,121.15,122.35,120.59,120.95,14697100.0,-0.001650846058605,66.1741,66.3741,65.8741,66.3341,56800.0,0.0024178643910534
2013-07-11,124.26,124.36,123.47,124.24,11279400.0,-0.0001609528408177,67.2641,67.6841,67.1241,67.6441,81000.0,0.0056493731425826
2013-07-12,123.52,124.3,123.32,124.13,6583800.0,0.0049384715025906,67.7141,67.9941,67.5941,67.8641,64600.0,0.0022151959488495
2013-07-15,124.08,124.39,123.84,124.18,4133200.0,0.0008059316569955,68.1541,68.2741,67.7641,67.9841,80500.0,-0.0024943473686836
2013-07-16,124.76,125.21,124.33,124.89,5577300.0,0.0010420006412311,68.1141,68.1541,67.2641,67.4241,65300.0,-0.0101300611767607
2013-07-17,125.04,125.7,122.73,123.32,10882400.0,-0.0137555982085733,67.8041,67.9241,67.6241,67.7541,51300.0,-0.0007374185336876
2013-07-18,124.11,124.52,123.78,124.01,6150900.0,-0.0008057368463459,67.8341,68.3841,67.8341,68.2241,63300.0,0.0057493207693475
2013-07-19,124.89,125.42,124.65,125.11,5767800.0,0.0017615501641444,68.1341,68.4841,68.0741,68.4841,61500.0,0.0051369284983583
2013-07-22,127.65,129.46,127.59,128.84,10851900.0,0.0093223658441049,68.7141,68.7141,68.4141,68.5341,91700.0,-0.0026195496994067
2013-07-23,128.7,130.14,128.35,129.71,8820100.0,0.0078477078477079,68.7741,68.7941,68.1741,68.2441,32400.0,-0.0077063894692915
2013-07-24,129.17,129.4,126.87,127.48,9979100.0,-0.013083533328172,68.6241,68.7841,67.6041,67.7941,52800.0,-0.0120948762898165
2013-07-25,127.7,128.87,127.64,128.67,4702400.0,0.0075959279561471,67.7241,68.3741,67.7241,68.3741,44500.0,0.0095977650496646
2013-07-26,128.11,128.97,126.78,128.78,6148500.0,0.0052298805713838,67.6841,68.2341,67.6241,68.2041,76500.0,0.007682749715221
2013-07-29,128.45,128.78,128.25,128.47,3554100.0,0.0001557026080187,67.9041,68.1741,67.6041,67.7841,57600.0,-0.0017671981515108
2013-07-30,127.95,128.31,127.22,128.12,4487700.0,0.0013286440015631,68.2441,68.4141,67.9441,68.2541,66300.0,0.0001465328138255
2013-07-31,127.76,128.92,126.13,127.96,16015300.0,0.001565435190983,68.5541,69.1041,68.4541,68.5041,68000.0,-0.0007293509797373
2013-08-01,127.84,127.89,126.33,126.61,10564300.0,-0.0096214017521902,69.2241,70.2241,69.2241,70.1341,85700.0,0.0131457108145861
2013-08-02,126.74,127.25,126.32,126.36,6466300.0,-0.002998264162853,70.0041,70.2441,69.8541,70.1941,52000.0,0.0027141267440051
2013-08-05,126.51,126.64,125.34,125.7,4003900.0,-0.0064026559165283,70.0641,70.1941,69.9441,70.1741,58700.0,0.0015699909083253
2013-08-06,124.33,124.55,123.55,123.97,6016200.0,-0.002895519987131,70.1741,70.2141,69.4341,69.6441,57500.0,-0.0075526440666855
2013-08-07,124.0,124.6,123.85,124.15,5304700.0,0.0012096774193548,69.2141,69.2441,68.6441,68.8741,74700.0,-0.0049122938823159
2013-08-08,124.78,126.99,124.77,126.86,8653600.0,0.0166693380349414,69.4241,69.5641,68.9341,69.4241,64700.0,0.0
2013-08-09,126.51,127.27,126.3,126.86,6192000.0,0.0027665797170183,69.2641,69.7441,69.2241,69.4741,35000.0,0.0030318736546061
2013-08-12,129.57,129.71,128.88,129.13,7414300.0,-0.0033958478042756,68.8941,69.5641,68.8941,69.4241,56900.0,0.0076929664514087
2013-08-13,128.49,128.65,127.38,127.74,7336100.0,-0.0058370301190755,69.6241,69.6241,68.7941,69.4741,66400.0,-0.0021544264126931
2013-08-14,127.66,129.07,127.57,129.0,8713200.0,0.0104966316778944,69.2441,69.3441,68.7441,68.7441,41200.0,-0.0072208318109412
2013-08-15,128.06,132.36,127.98,131.69,17226300.0,0.0283460877713571,68.0441,68.0441,67.0941,67.2741,86400.0,-0.0113161905293772
2013-08-16,132.56,133.27,131.39,132.58,14447100.0,0.0001508750754376,67.0041,67.4641,66.9441,67.0341,46600.0,0.0004477337953946
2013-08-19,132.33,132.5,131.59,132.01,8118400.0,-0.0024181969319128,66.8841,67.2041,66.4741,66.4741,66000.0,-0.0061300069822274
2013-08-20,132.03,133.13,132.02,132.45,7809100.0,0.0031810952056349,66.5841,67.7041,66.5841,67.4941,58900.0,0.0136669264884559
2013-08-21,131.74,133.23,131.51,132.07,10720200.0,0.0025049339608318,67.0441,67.7341,66.8941,67.0141,87700.0,-0.0004474666674621
2013-08-22,132.56,133.46,132.27,132.81,5741800.0,0.0018859384429692,67.1941,68.3941,67.1241,68.0041,28100.0,0.0120546297963658
2013-08-23,132.58,135.24,132.5,134.9,11623400.0,0.017498868607633,68.3641,68.3641,67.7741,68.2741,37800.0,-0.0013164804334437
2013-08-26,134.88,135.6,134.15,135.45,7692100.0,0.0042259786476867,68.4141,68.7341,68.0041,68.2441,48200.0,-0.0024848678854213
2013-08-27,136.94,137.55,136.52,136.75,11283300.0,-0.0013874689645099,67.3841,67.5141,66.5941,66.6741,56900.0,-0.0105366102685946
2013-08-28,137.21,137.46,136.66,136.71,13650400.0,-0.003644049267546,66.6741,67.2241,66.5641,66.8741,66500.0,0.0029996655372926
2013-08-29,136.12,136.55,135.42,135.87,7939400.0,-0.0018366147516896,66.6841,67.6741,66.6841,67.4141,35900.0,0.0109471373235899
2013-08-30,134.65,135.71,134.44,134.62,7680000.0,-0.0002227998514667,67.3941,67.3941,66.6741,66.7841,52300.0,-0.0090512374228604
2013-09-03,135.46,136.79,135.03,136.42,8100700.0,0.0070869629410894,67.8441,68.0541,66.7441,67.2441,65900.0,-0.0088438051355975
2013-09-04,134.61,134.84,133.72,134.66,7785400.0,0.0003714434291656,67.3541,68.1941,67.2041,68.1141,48100.0,0.0112836486568745
2013-09-05,134.13,134.35,131.8,132.2,11118600.0,-0.0143890255722061,68.2041,68.5441,68.1941,68.2941,75300.0,0.0013195687649276
2013-09-06,133.42,134.4,133.33,134.15,8448700.0,0.005471443561685,68.6241,68.8241,67.7741,68.3141,44800.0,-0.0045173634335459
2013-09-09,134.13,134.32,133.67,133.91,5090500.0,-0.0016401998061581,68.5341,69.5041,68.5341,69.3941,48500.0,0.0125484977551321
2013-09-10,131.82,132.0,131.11,131.74,8433100.0,-0.0006068881808525,69.9041,70.2841,69.7441,70.2841,55900.0,0.0054360187742921
2013-09-11,131.58,131.81,131.26,131.7,5046600.0,0.0009119927040581,70.1541,70.5941,70.0241,70.5941,40200.0,0.0062719071301605
2013-09-12,128.62,128.78,127.61,127.67,12944000.0,-0.007386098584979,70.7341,70.7341,70.1841,70.2741,36100.0,-0.0065032282873464
2013-09-13,127.16,127.96,126.21,127.82,12060400.0,0.005190311418685,70.5341,70.6841,70.0041,70.4441,65600.0,-0.0012759785692308
2013-09-16,127.48,128.02,126.33,126.45,9829100.0,-0.0080796987762786,71.7341,71.7341,70.8841,70.9541,61700.0,-0.0108734897350074
2013-09-17,126.81,126.99,126.11,126.5,8135500.0,-0.0024446021607128,71.1041,71.4641,71.0941,71.4241,51000.0,0.0045004437156224
2013-09-18,125.32,132.16,125.15,132.01,24780000.0,0.0533833386530481,71.3141,72.4941,71.0041,72.4041,41900.0,0.0152844949315773
2013-09-19,132.0,132.78,131.22,131.75,14353900.0,-0.0018939393939393,72.7541,72.8241,72.3341,72.4141,51300.0,-0.0046732761452617
2013-09-20,130.6,130.91,127.9,127.96,19558200.0,-0.0202143950995405,72.6141,72.6141,71.6541,71.7541,51000.0,-0.0118434298572866
2013-09-23,127.52,128.44,127.33,127.55,7421800.0,0.0002352572145545,71.5541,71.5541,70.6841,71.0841,48300.0,-0.006568456594381
2013-09-24,126.4,128.21,126.34,127.66,7349700.0,0.0099683544303796,71.1041,71.5941,70.7341,71.1441,174300.0,0.0005625554644527
2013-09-25,127.57,129.21,127.52,128.79,7519100.0,0.0095633769695069,71.2741,71.3541,70.7641,70.8941,43200.0,-0.0053315299667061
2013-09-26,128.61,128.99,127.32,127.79,9491300.0,-0.0063758650182723,70.9241,71.5741,70.8841,71.4841,61000.0,0.0078957646272564
2013-09-27,128.86,129.58,128.84,128.97,7430200.0,0.0008536396088777,70.9241,71.3141,70.9241,71.1841,66400.0,0.0036658907197977
2013-09-30,127.95,129.14,127.7,128.18,8979000.0,0.0017975771785854,70.3241,71.1541,70.1841,71.0041,34800.0,0.0096695158558729
2013-10-01,125.25,125.26,123.81,124.59,16721100.0,-0.0052694610778442,70.9541,72.0341,70.9541,72.0041,146100.0,0.0147982991821472
2013-10-02,125.37,127.81,125.34,127.06,11994200.0,0.0134800989072345,71.3541,71.8741,71.1941,71.8541,108600.0,0.0070073058170448
2013-10-03,126.77,127.69,126.22,127.18,11632900.0,0.0032342036759486,71.6141,71.9841,70.4641,71.0841,83000.0,-0.0074007772212453
2013-10-04,127.05,127.15,126.0,126.53,6923700.0,-0.0040928768201495,71.2441,72.0341,71.1341,71.9341,48600.0,0.0096850125133168
2013-10-07,127.25,128.33,127.12,127.64,6732800.0,0.0030648330058939,71.2141,71.5141,70.9641,70.9641,53500.0,-0.0035105407496549
2013-10-08,127.79,128.45,127.21,127.4,6999700.0,-0.0030518819938962,70.8541,70.9841,69.2941,69.2941,103900.0,-0.0220170745235632
2013-10-09,126.21,126.89,124.97,126.11,10705100.0,-0.0007923302432453,69.3741,69.5041,68.2641,69.0141,77500.0,-0.0051892565092736
2013-10-10,125.34,125.83,124.1,124.27,10523600.0,-0.0085367799585129,69.9341,70.8141,69.9341,70.7741,164600.0,0.0120113077883322
2013-10-11,122.37,122.81,121.85,122.6,15972600.0,0.0018795456402712,70.5841,71.3541,70.5541,71.2641,75200.0,0.0096338977191746
2013-10-14,123.9,124.24,122.81,122.83,6118200.0,-0.00863599677159,70.7541,71.7041,70.5941,71.6741,63100.0,0.0130027800509087
2013-10-15,122.28,124.36,122.22,123.73,8384200.0,0.0118580307491004,71.3941,71.4741,70.6141,70.8241,86300.0,-0.0079838530074613
2013-10-16,123.52,123.89,122.51,123.54,8523400.0,0.0001619170984456,71.2541,72.0541,71.2541,72.0341,104200.0,0.0109467385034685
2013-10-17,127.01,127.86,126.81,127.42,11785100.0,0.0032280922761986,71.8041,72.6141,71.5341,72.5541,116400.0,0.0104450860048381
2013-10-18,126.87,127.33,126.6,126.85,5350500.0,-0.0001576416804603,73.1041,73.3441,72.7341,73.2741,85300.0,0.0023254509664984
2013-10-21,127.13,127.34,126.79,126.98,3395200.0,-0.0011798945960826,73.3241,73.6241,72.9941,73.2841,118700.0,-0.0005455232317888
2013-10-22,128.25,129.81,128.22,129.34,8849000.0,0.0084990253411306,73.7841,74.1641,73.2141,73.6341,82700.0,-0.0020329583202884
2013-10-23,128.55,129.09,128.35,128.69,5092200.0,0.0010890704006222,73.1841,73.2241,72.4041,72.9741,56900.0,-0.0028694757467809
2013-10-24,129.41,130.53,129.41,129.9,10221400.0,0.0037864152692991,73.1341,73.4541,72.8241,73.4141,81700.0,0.0038285833831277
2013-10-25,129.53,130.92,129.46,130.46,8767900.0,0.0071798039064309,73.5241,73.5841,73.0141,73.4941,103800.0,-0.0004080294760493
2013-10-28,130.41,131.44,130.1,130.56,6807800.0,0.0011502185415229,73.6041,73.6041,72.8841,73.2041,65100.0,-0.0054344798727245
2013-10-29,130.16,130.59,129.57,129.77,5328500.0,-0.0029963122311,73.4641,73.7641,73.2241,73.7641,141500.0,0.0040836272410605
2013-10-30,130.83,131.22,128.81,129.6,8896000.0,-0.0094015134143546,73.8241,73.8241,72.5141,72.8641,59400.0,-0.0130038835556411
2013-10-31,128.04,128.49,127.3,127.74,7753300.0,-0.0023430178069353,72.8141,73.3541,72.6041,72.8241,43200.0,0.0001373360379377
2013-11-01,126.86,127.17,126.05,126.95,9566200.0,0.0007094434810027,73.0541,73.2641,72.3441,72.8741,147500.0,-0.0024639274181737
2013-11-04,127.18,127.52,126.74,126.81,3819300.0,-0.0029092624626513,73.2241,73.4841,72.8541,73.4641,113800.0,0.0032776094209419
2013-11-05,126.71,126.86,126.0,126.56,4941200.0,-0.0011838055402098,73.0841,73.2641,72.5641,73.0241,87800.0,-0.0008209720034864
2013-11-06,127.11,127.36,126.92,127.2,3544900.0,0.000708048147274,73.3441,73.4341,72.5241,72.7741,64800.0,-0.0077715862625622
2013-11-07,126.14,126.85,125.86,126.16,7700100.0,0.0001585539876327,72.9841,73.0441,71.1541,71.2141,127400.0,-0.0242518575963805
2013-11-08,124.46,124.46,123.62,124.28,8427300.0,-0.0014462477904547,71.3341,72.2841,71.3041,72.2541,97400.0,0.0128970576484456
2013-11-11,123.92,123.97,123.66,123.87,3277700.0,-0.0004034861200774,72.2941,72.5441,72.2341,72.5041,62500.0,0.0029048013600002
2013-11-12,123.51,123.87,121.73,122.45,7705600.0,-0.0085823010282568,72.3841,72.5241,72.0441,72.4041,70500.0,0.000276303773895
2013-11-13,122.97,123.24,122.39,122.85,5967000.0,-0.0009758477677482,71.9241,73.2741,71.9241,73.2741,118900.0,0.0187697864832512
2013-11-14,123.92,124.91,123.88,124.27,7669700.0,0.0028244028405422,73.2941,73.5641,72.9841,73.4941,56400.0,0.0027287325992133
2013-11-15,124.16,124.52,124.07,124.32,4660700.0,0.0012886597938144,73.5941,74.0141,73.5241,74.0141,124400.0,0.0057069792279544
2013-11-18,123.7,123.96,122.55,122.9,6241300.0,-0.0064672594987873,74.2641,74.2641,72.9541,73.1241,96400.0,-0.0153506202862486
2013-11-19,122.97,123.4,122.83,122.95,3666500.0,-0.0001626412946246,73.1241,73.2541,72.4041,72.5841,46800.0,-0.0073847062733078
2013-11-20,121.67,122.44,119.76,120.12,14281000.0,-0.0127393770033697,72.8941,73.1941,72.2441,72.4941,57100.0,-0.0054874125615103
2013-11-21,119.81,120.35,119.31,119.94,7557500.0,0.0010850513312744,72.7741,73.6341,72.7741,73.5941,63600.0,0.0112677449807004
2013-11-22,120.24,120.4,119.82,119.92,6774400.0,-0.0026613439787091,73.5941,73.7841,73.4041,73.7541,86800.0,0.0021740873249349
2013-11-25,119.18,121.0,119.13,120.46,7266300.0,0.010740057056553,73.9941,73.9941,73.3541,73.5441,75600.0,-0.0060815659626916
2013-11-26,119.84,120.4,119.59,119.82,9053300.0,-0.0001668891855808,73.6341,74.0541,73.5241,73.8041,37900.0,0.0023087129468548
2013-11-27,120.49,120.69,119.25,119.46,6144600.0,-0.0085484272553739,73.7941,74.0141,73.6741,74.0141,59000.0,0.0029812681501637
2013-11-29,120.67,121.05,120.62,120.7,2364700.0,0.0002486119167978,74.2641,74.2641,73.6841,73.8041,99800.0,-0.0061941099400651
2013-12-02,119.2,119.29,117.5,117.58,10297100.0,-0.0135906040268456,73.8541,74.0941,73.5041,73.6441,148200.0,-0.0028434440335744
2013-12-03,117.58,118.31,117.23,117.96,7004800.0,0.0032318421500254,73.4241,73.7141,73.0941,73.4141,81600.0,-0.0001361950640183
2013-12-04,118.33,120.76,118.16,119.96,9110700.0,0.0137750359165046,73.1041,73.5841,72.4741,73.1841,44100.0,0.0010943298665874
2013-12-05,118.2,119.24,117.41,118.3,10254700.0,0.0008460236886632,73.0441,73.4141,72.8741,73.2541,37100.0,0.002874975528482
2013-12-06,118.86,119.26,118.01,118.55,7909500.0,-0.0026081103819619,73.8641,74.0741,73.5741,73.8441,51500.0,-0.0002707675311822
2013-12-09,118.99,119.92,118.95,119.72,5510400.0,0.0061349693251534,73.8841,74.2541,73.8241,73.9641,188200.0,0.0010827769438891
2013-12-10,122.14,122.32,121.47,121.82,9155600.0,-0.0026199443261831,73.8641,74.3641,73.7841,73.8341,64500.0,-0.0004061512967732
2013-12-11,121.49,121.81,120.76,120.86,9934900.0,-0.0051856119845254,73.9641,73.9641,72.5441,72.7041,64800.0,-0.0170352914454445
2013-12-12,118.61,118.82,118.03,118.29,8810800.0,-0.0026979175448949,72.5341,72.8141,72.3441,72.4941,1082000.0,-0.0005514647593337
2013-12-13,118.89,119.49,118.76,119.38,6482100.0,0.0041214568088148,72.7941,73.0441,72.5741,72.7641,84400.0,-0.0004121213120294
2013-12-16,119.26,120.77,118.97,119.69,8189500.0,0.0036055676672815,73.2941,73.5441,73.1441,73.3241,77900.0,0.000409309889882
2013-12-17,118.96,119.9,118.37,118.65,8589100.0,-0.0026059179556152,73.2641,73.5541,72.9741,73.3641,73700.0,0.0013649249768985
2013-12-18,119.0,120.05,117.29,117.61,16265000.0,-0.0116806722689075,73.5141,74.5841,72.7941,74.5441,108800.0,0.014010917633488
2013-12-19,115.97,116.06,114.5,114.82,15955400.0,-0.00991635767871,74.4741,74.4741,74.0341,74.2441,60600.0,-0.0030883219803932
2013-12-20,115.37,116.47,115.06,115.94,14693700.0,0.0049406258126028,74.2841,75.1541,74.2841,75.0841,62700.0,0.0107694647979851
2013-12-23,115.61,116.12,115.43,115.57,6237300.0,-0.000345990831243,75.4841,75.6541,75.3741,75.6541,94000.0,0.0022521299187511
2013-12-24,115.79,116.29,115.71,116.1,3353900.0,0.0026772605579064,75.7251,75.9151,75.6751,75.8951,51400.0,0.0022449623704689
2013-12-26,117.23,117.23,116.65,116.74,3868400.0,-0.0041798174528705,76.3051,76.3051,76.0151,76.1451,53500.0,-0.0020968454271077
2013-12-27,117.31,117.38,116.85,117.12,4206200.0,-0.0016196402693717,76.3751,76.3751,75.8751,75.9751,59700.0,-0.0052373090182534
2013-12-30,116.37,116.4,115.18,115.39,6703200.0,-0.008421414453897,76.0351,76.2851,75.9051,76.1651,106100.0,0.0017097366873982
2013-12-31,114.61,117.13,114.46,116.12,12835900.0,0.0131751156094582,76.4151,76.6551,76.3051,76.5851,136900.0,0.0022246911932327
2014-01-02,117.93,118.73,117.75,118.0,7551000.0,0.0005935724582378,76.3251,76.3251,75.4251,75.7251,289100.0,-0.0078611099101083
2014-01-03,118.64,119.62,118.59,119.29,5874400.0,0.0054787592717465,75.9251,76.0551,75.5651,75.7351,104400.0,-0.0025024662463401
2014-01-06,119.76,120.39,117.11,119.5,10106500.0,-0.0021710086840347,76.0251,76.0851,75.1451,75.2451,124800.0,-0.0102597694708721
2014-01-07,118.46,118.92,118.13,118.82,6433700.0,0.0030390005065,75.6851,76.2551,75.6051,76.1151,78400.0,0.0056814353155375
2014-01-08,117.99,118.52,117.5,118.12,7428500.0,0.001101788287143,76.2851,76.5651,76.0951,76.4451,97700.0,0.0020973951662906
2014-01-09,118.11,118.69,117.99,118.46,3972800.0,0.0029633392600118,76.5851,76.7651,75.9751,76.3851,101100.0,-0.0026114740334608
2014-01-10,119.72,120.43,119.58,120.26,7993200.0,0.0045105245573004,76.4451,76.8551,76.2851,76.8351,110600.0,0.0051017004359991
2014-01-13,120.27,121.04,120.2,121.02,5872700.0,0.0062359690695934,76.5751,76.7751,75.2451,75.4151,114900.0,-0.0151485273933695
2014-01-14,120.54,121.06,119.72,119.89,7505400.0,-0.0053924008627841,75.7651,76.7651,75.5551,76.6951,96900.0,0.012274780868764
2014-01-15,119.19,119.81,119.11,119.66,5474300.0,0.0039432838325362,76.7451,77.0051,76.7151,76.9251,155900.0,0.0023454266135558
2014-01-16,119.84,119.96,119.57,119.79,3949500.0,-0.0004172229639519,76.7851,76.8751,76.5451,76.8751,61800.0,0.001172102400075
2014-01-17,120.35,121.02,120.2,120.93,7923400.0,0.0048192771084338,76.9251,77.1151,76.4751,76.5751,87800.0,-0.004549880338147
2014-01-21,119.23,119.97,119.23,119.7,6763500.0,0.0039419609158768,77.3951,77.4051,76.3851,76.9051,130700.0,-0.0063311501632531
2014-01-22,119.65,119.77,119.17,119.19,4891800.0,-0.0038445465942332,77.0151,77.3451,76.9751,77.2851,103700.0,0.003505806004277
2014-01-23,120.97,122.02,120.97,121.79,11028200.0,0.0067785401339175,76.8151,76.9051,76.1351,76.5851,189200.0,-0.0029942029626987
2014-01-24,122.06,122.5,121.55,122.29,8515700.0,0.0018843191872849,75.8351,75.8351,74.2751,74.2851,124000.0,-0.0204390842762783
2014-01-27,121.65,122.06,120.72,120.96,7528600.0,-0.005672009864365,74.4251,74.5751,73.0251,73.7351,167000.0,-0.0092710658097872
2014-01-28,121.32,121.4,120.41,120.95,5149500.0,-0.0030497856907351,73.9651,74.7751,73.7651,74.7351,83800.0,0.0104103151351109
2014-01-29,122.19,122.51,121.13,122.47,12257500.0,0.0022915132171208,74.0751,74.6351,73.7351,73.8951,159100.0,-0.0024299663449662
2014-01-30,119.67,120.22,119.6,119.77,8746500.0,0.0008356313194618,74.5651,75.1851,74.4851,75.0051,92700.0,0.0059008839255898
2014-01-31,120.65,120.86,119.46,120.09,7983100.0,-0.0046415250725238,74.1651,75.1951,73.8051,74.6751,155300.0,0.0068765497518375
2014-02-03,120.47,122.11,120.32,121.32,9267300.0,0.0070556985141528,74.5751,74.7251,72.2951,72.4851,187100.0,-0.0280254401267983
2014-02-04,120.41,121.09,120.39,120.99,7027400.0,0.0048168756747778,72.9251,73.7351,72.6551,73.6451,313500.0,0.009873143814681
2014-02-05,121.76,121.88,120.73,121.29,6800000.0,-0.0038600525624178,73.2551,73.4951,72.3751,73.2751,132700.0,0.0002730185338631
2014-02-06,121.38,121.51,120.78,121.24,4745800.0,-0.0011534025374855,73.6751,74.7151,73.6651,74.6551,94400.0,0.0133016446533496
2014-02-07,121.24,122.24,121.23,122.17,6674700.0,0.0076707357307819,75.0151,75.9151,74.9251,75.9151,133000.0,0.0119975844863233
2014-02-10,122.8,123.16,122.72,122.92,7931200.0,0.0009771986970684,75.9551,76.1051,75.5551,76.0951,111900.0,0.0018431942028909
2014-02-11,123.38,124.75,123.36,124.36,11546000.0,0.0079429405089966,76.2751,77.1451,76.2251,76.9451,123900.0,0.0087839937279662
2014-02-12,124.4,124.98,124.13,124.43,6651900.0,0.0002411575562701,77.2951,77.5851,77.1551,77.2951,91900.0,0.0
2014-02-13,124.7,125.6,124.66,125.49,9167900.0,0.0063352044907778,76.6951,78.0851,76.6951,77.9651,91300.0,0.0165590761339382
2014-02-14,126.99,127.38,126.75,127.15,11147900.0,0.0012599417276951,77.7951,78.3251,77.7851,78.2551,103100.0,0.0059129688116602
2014-02-18,127.42,127.75,127.09,127.4,7685800.0,-0.000156961230576,78.6751,79.1351,78.4351,79.0151,172500.0,0.0043215706112862
2014-02-19,127.26,127.45,126.16,126.27,9384100.0,-0.0077793493635078,78.8651,79.5151,78.6351,78.6651,87700.0,-0.0025359759893793
2014-02-20,126.75,127.75,126.4,127.6,10572900.0,0.006706114398422,78.9451,79.6151,78.4751,79.5551,94500.0,0.0077268886859349
2014-02-21,127.57,128.07,127.15,127.58,7298200.0,7.838833581567074e-05,79.7151,79.7551,79.3251,79.5051,89100.0,-0.0026343816918
2014-02-24,128.51,129.07,128.34,128.99,12114200.0,0.0037351178896585,79.7351,80.6851,79.7351,80.1751,216800.0,0.0055182723794163
2014-02-25,128.62,129.53,128.57,129.21,5786000.0,0.0045871559633027,80.2351,80.4651,79.7651,80.1151,135100.0,-0.0014956047914192
2014-02-26,128.49,128.76,127.42,128.11,7052900.0,-0.0029574285936648,80.2451,80.8751,80.0951,80.3451,93700.0,0.0012461820098673
2014-02-27,128.4,128.8,127.89,128.2,5066500.0,-0.001557632398754,80.3651,80.7251,80.0851,80.7151,99200.0,0.0043551243014692
2014-02-28,128.27,128.35,127.15,127.62,10584100.0,-0.005067435877446,80.8851,81.0651,79.8651,80.5151,130100.0,-0.0045743900916236
2014-03-03,130.0,130.59,129.81,130.29,11741100.0,0.0022307692307691,79.7751,80.1851,79.1451,79.9251,359800.0,0.0018802859538879
2014-03-04,128.54,129.24,128.32,128.68,6341700.0,0.0010891551268088,80.9151,81.6451,80.9151,81.5451,178600.0,0.0077859385948977
2014-03-05,128.71,129.34,128.58,128.89,4878500.0,0.001398492735607,81.4851,81.5851,81.2551,81.3251,157700.0,-0.0019635491642029
2014-03-06,129.71,130.47,129.47,130.17,5408900.0,0.0035463726775112,81.6551,81.7251,81.2951,81.4251,82300.0,-0.0028167254709136
2014-03-07,128.25,129.23,128.21,129.09,7575000.0,0.0065497076023392,81.8951,81.8951,80.9851,81.2751,70900.0,-0.0075706605157085
2014-03-10,128.88,129.61,128.78,129.13,4169900.0,0.0019397889509621,81.2551,81.3051,80.4651,80.9851,80800.0,-0.0033228683491866
2014-03-11,130.01,130.15,128.93,129.86,7289800.0,-0.0011537574032764,81.1651,81.4751,80.2951,80.5551,121000.0,-0.0075155454745943
2014-03-12,131.56,132.12,131.39,131.76,11094200.0,0.0015202189115231,80.0451,80.6751,79.7351,80.6751,70800.0,0.0078705629701255
2014-03-13,131.69,132.54,131.56,132.21,8007700.0,0.0039486673247779,80.9251,80.9451,78.9351,79.2451,115600.0,-0.0207599372753324
2014-03-14,133.68,133.69,132.35,133.1,11939600.0,-0.0043387193297427,79.0951,79.7551,79.0951,79.3651,97100.0,0.0034136122212374
2014-03-17,132.73,133.22,131.22,131.64,14626800.0,-0.0082121600241091,79.8851,80.3451,79.7151,79.9851,95600.0,0.0012517978947264
2014-03-18,130.39,131.27,130.33,130.62,6424400.0,0.0017639389523737,80.1251,80.9551,80.1251,80.8651,88000.0,0.0092355578963395
2014-03-19,129.55,129.68,127.94,128.09,12932900.0,-0.011269780007719,80.9351,81.0451,79.6751,80.2251,94100.0,-0.0087724608976823
2014-03-20,127.78,128.41,127.58,127.86,7690800.0,0.0006260760682422,80.0151,80.5851,79.7251,80.5051,44300.0,0.0061238441244214
2014-03-21,129.04,129.09,128.41,128.47,7237300.0,-0.0044172349659019,81.0451,81.0451,79.8351,79.9451,73800.0,-0.0135726897739654
2014-03-24,126.87,127.14,126.03,126.18,13076500.0,-0.0054386379758808,80.2551,80.3551,78.4351,78.8851,90400.0,-0.0170705662319279
2014-03-25,126.44,126.82,126.24,126.41,6566900.0,-0.000237266687757,79.3461,79.6961,78.4161,78.8061,66500.0,-0.0068056274977598
2014-03-26,126.27,126.38,125.13,125.41,8575400.0,-0.0068108022491486,79.3261,79.5061,77.7161,77.7261,89900.0,-0.0201699062477544
2014-03-27,125.06,125.29,124.21,124.59,7312300.0,-0.0037581960658883,77.6361,77.9661,77.0961,77.6261,177100.0,-0.0001288060580065
2014-03-28,124.23,124.96,123.88,124.56,7253700.0,0.0026563631972953,77.8961,78.5961,77.8061,77.9561,71400.0,0.0007702567907764
2014-03-31,124.52,124.79,123.57,123.61,12379200.0,-0.0073080629617731,78.5661,79.0361,78.2761,78.9561,77600.0,0.0049639730112605
2014-04-01,123.71,123.85,123.11,123.39,5992000.0,-0.0025866946891924,79.3061,80.0761,79.3061,80.0761,278700.0,0.0097092153062626
2014-04-02,124.41,124.75,124.19,124.32,4907800.0,-0.0007234145165179,80.3461,80.4661,80.0661,80.3061,162600.0,-0.000497846192908
2014-04-03,123.75,124.26,123.59,123.92,3658800.0,0.0013737373737373,80.2961,80.4861,79.2861,79.6261,63300.0,-0.0083441163393988
2014-04-04,125.2,125.96,124.86,125.57,7278400.0,0.0029552715654951,80.1261,80.2361,77.7661,77.9861,97900.0,-0.0267079016699926
2014-04-07,125.07,125.47,124.84,124.91,3967200.0,-0.0012792836011833,77.5461,77.8061,75.8761,76.4361,126300.0,-0.0143140660845613
2014-04-08,126.34,126.34,125.9,126.09,6939100.0,-0.0019787873990818,76.4661,77.2661,76.0361,77.1661,76800.0,0.0091543834457361
2014-04-09,125.46,126.72,125.33,126.32,5305600.0,0.0068547744300972,77.4261,78.5061,77.2761,78.4661,92500.0,0.0134321630561269
2014-04-10,126.95,127.37,126.82,127.01,5003200.0,0.0004726270185112,78.3961,78.3961,75.6461,75.8961,199200.0,-0.0318893414340764
2014-04-11,127.04,127.31,126.73,126.93,4697200.0,-0.0008658690176322,75.3461,75.8961,74.4661,74.6261,133800.0,-0.0095559026943665
2014-04-14,127.8,128.25,127.62,127.85,6677400.0,0.0003912363067292,75.2461,75.7661,74.4261,75.2361,1056800.0,-0.0001328972531467
2014-04-15,124.79,125.7,124.6,125.49,9967600.0,0.0056094238320377,75.4361,75.9961,74.1061,75.7461,122400.0,0.0041094383193192
2014-04-16,125.37,125.57,125.03,125.54,4071300.0,0.0013559862806094,76.3461,76.7761,75.9561,76.7561,55500.0,0.0053702808656892
2014-04-17,125.38,125.53,124.57,124.75,5901900.0,-0.005024724836497,76.9161,77.4661,76.6761,77.1061,64000.0,0.0024702240493212
2014-04-21,124.07,124.33,123.76,124.24,6579200.0,0.0013701942451841,77.2661,77.4561,76.8061,77.3861,366700.0,0.0015530743754376
2014-04-22,124.15,124.16,122.92,123.78,6898100.0,-0.0029802658074909,77.4961,78.2261,77.4961,77.9361,62300.0,0.00567770507161
2014-04-23,123.7,123.94,123.38,123.76,3736600.0,0.000485044462409,77.9961,78.0961,77.5361,77.5361,67600.0,-0.005897730783975
2014-04-24,122.87,125.12,122.84,124.56,8754200.0,0.013754374542199,78.0461,78.0461,76.9061,77.4661,83700.0,-0.0074315052257575
2014-04-25,125.17,125.71,125.07,125.43,7023700.0,0.0020771750419429,77.0461,77.0461,75.8361,75.9861,101000.0,-0.0137579968356607
2014-04-28,125.3,125.34,124.45,124.88,4897900.0,-0.0033519553072625,76.3361,76.6861,74.6261,75.7661,210800.0,-0.0074669782710933
2014-04-29,124.95,125.38,124.65,124.86,5241600.0,-0.0007202881152461,76.0661,76.5761,75.8461,76.4361,55400.0,0.0048641904869579
2014-04-30,124.19,125.05,123.82,124.22,10352900.0,0.0002415653434254,76.2361,76.9861,76.0561,76.9461,82200.0,0.0093131731554999
2014-05-01,123.17,123.83,123.06,123.8,6687300.0,0.0051148818705853,76.9161,77.7761,76.8161,77.2761,73600.0,0.0046804245145034
2014-05-02,123.69,125.67,123.33,125.06,9912900.0,0.0110760772899992,77.6061,78.0061,77.3461,77.4961,185000.0,-0.0014174143527377
2014-05-05,126.47,126.63,126.0,126.22,5196500.0,-0.0019767533802482,76.9461,77.6961,76.5461,77.6761,59100.0,0.0094871604928645
2014-05-06,126.02,126.11,125.63,125.98,3488000.0,-0.0003174099349309,77.6061,77.6361,76.8461,76.8861,65400.0,-0.0092776212179197
2014-05-07,125.52,125.57,123.92,124.17,8469900.0,-0.0107552581261949,77.0161,77.0761,75.8461,76.7761,63100.0,-0.0031162315411971
2014-05-08,124.19,124.47,123.89,124.17,3695500.0,-0.0001610435622835,76.8161,77.8061,76.3461,76.6461,56700.0,-0.0022130777271952
2014-05-09,124.39,124.47,123.82,124.1,3120000.0,-0.0023313771203473,76.3761,77.0161,76.1861,77.0161,61100.0,0.0083795847130188
2014-05-12,125.4,125.42,124.69,124.94,4025500.0,-0.0036682615629984,77.3461,78.3861,77.3461,78.3461,74200.0,0.0129289000996818
2014-05-13,124.79,125.1,124.5,124.6,2643500.0,-0.0015225578972675,78.4561,78.6961,78.0061,78.0461,51900.0,-0.0052258524193786
2014-05-14,125.8,125.96,125.44,125.81,4015900.0,7.949125596188487e-05,77.8461,78.1061,77.3961,77.5561,33500.0,-0.0037252990194756
2014-05-15,124.77,125.51,124.54,124.77,5861100.0,0.0,77.2061,77.2061,75.9461,76.8061,96700.0,-0.0051809377756421
2014-05-16,124.35,124.77,124.29,124.5,4052100.0,0.0012062726176116,76.8661,77.3961,76.5661,77.3861,57100.0,0.0067650108435317
2014-05-19,125.28,125.47,124.48,124.58,3902600.0,-0.0055874840357599,77.3961,77.9961,77.1161,77.9561,103700.0,0.0072355066986579
2014-05-20,124.12,124.91,124.09,124.69,3770800.0,0.0045923300032226,77.6661,77.7061,76.7461,76.9861,231100.0,-0.0087554286876772
2014-05-21,124.25,124.55,123.53,124.39,6846500.0,0.0011267605633802,77.3661,77.6961,77.1061,77.5561,51800.0,0.0024558559886047
2014-05-22,125.14,125.24,124.54,124.67,3458800.0,-0.0037557935112673,77.6361,78.4061,77.5861,78.0761,49300.0,0.0056674665522868
2014-05-23,124.6,124.66,124.19,124.51,2205900.0,-0.0007223113964686,78.2261,78.7061,78.0461,78.6261,56300.0,0.0051133828734909
2014-05-27,122.98,123.07,121.75,121.85,10895800.0,-0.009188485932672,78.9661,79.3661,78.9661,79.3561,65000.0,0.0049388281807003
2014-05-28,121.47,121.7,120.92,121.2,6736800.0,-0.0022227710545813,79.4861,79.4861,78.8861,79.1161,55500.0,-0.0046549019262486
2014-05-29,120.78,121.46,120.77,120.94,5551900.0,0.001324722636198,79.3561,79.5761,78.9561,79.5361,52200.0,0.0022682566305552
2014-05-30,120.76,120.81,119.62,120.43,8749600.0,-0.0027326929446836,79.5161,79.6461,79.1461,79.5861,43500.0,0.0008803248650274
2014-06-02,119.93,120.46,119.61,119.7,5916100.0,-0.001917785374802,79.7161,79.8461,79.1561,79.8161,53100.0,0.0012544517355968
2014-06-03,119.73,120.09,119.42,120.01,5008300.0,0.0023385951724714,79.6161,80.0061,79.5561,80.0061,40300.0,0.0048985067090701
2014-06-04,120.1,120.16,119.68,119.76,3859500.0,-0.0028309741881764,79.8961,80.4061,79.5761,80.3861,49300.0,0.0061329651885385
2014-06-05,120.55,120.88,120.43,120.66,4180400.0,0.0009124844462878,80.6061,81.1361,80.0961,81.0461,63300.0,0.005458643948783
2014-06-06,120.68,120.77,119.94,120.61,4807700.0,-0.0005800464037123,81.3661,81.6661,81.2261,81.6661,50000.0,0.0036870391969136
2014-06-09,120.79,120.85,120.57,120.65,2788000.0,-0.0011590363440682,81.6361,82.2461,81.5761,81.7861,69800.0,0.0018374224148386
2014-06-10,121.29,121.47,121.21,121.39,3556600.0,0.0008244702778464,81.7761,81.7761,81.1661,81.4161,46800.0,-0.0044022642312362
2014-06-11,121.51,121.61,121.18,121.41,3572300.0,-0.0008229775327134,81.1661,81.4261,81.0061,81.3261,36200.0,0.0019712663291694
2014-06-12,121.92,122.75,121.83,122.64,7388500.0,0.0059055118110236,81.2561,81.2561,80.4061,80.6761,110400.0,-0.0071379256449669
2014-06-13,122.57,123.04,122.51,122.96,4026600.0,0.0031818552663784,80.9461,80.9661,80.3361,80.9261,35000.0,-0.0002470779938748
2014-06-16,122.88,123.01,122.3,122.42,5832800.0,-0.0037434895833332,80.8161,81.2261,80.5961,81.0461,44200.0,0.0028459675732928
2014-06-17,121.85,122.5,121.82,122.28,4032800.0,0.0035289290110792,81.0461,81.5961,80.8161,81.4261,70500.0,0.0046886895236169
2014-06-18,122.22,122.8,122.09,122.67,4601700.0,0.0036818851251841,81.4261,82.0161,81.1161,81.9761,97400.0,0.0067545909726733
2014-06-19,124.33,127.23,124.32,126.94,24374800.0,0.0209925199066999,82.1861,82.1961,81.5461,81.9161,47100.0,-0.0032852270639438
2014-06-20,126.32,127.07,126.21,126.5,9954700.0,0.0014249525015833,82.3161,82.4061,82.0461,82.4061,42300.0,0.0010933462591156
2014-06-23,126.65,126.94,126.37,126.85,5142800.0,0.0015791551519935,82.5261,82.5461,82.2661,82.3661,72900.0,-0.0019387805797195
2014-06-24,127.22,127.32,126.73,126.98,6350200.0,-0.0018864958339883,82.6661,83.0261,81.7761,81.8661,78000.0,-0.0096774856924422
2014-06-25,126.78,127.55,126.66,126.99,6692300.0,0.0016564126833884,81.8461,82.2661,81.7461,82.2361,47400.0,0.00476504072888
2014-06-26,126.53,126.92,126.2,126.73,5529800.0,0.0015806528096103,82.1261,82.1261,81.4261,82.0461,47700.0,-0.0009741117622777
2014-06-27,126.88,127.17,126.65,126.66,4200300.0,-0.001733921815889,82.0061,82.4261,81.9561,82.4261,48900.0,0.005121570224654
2014-06-30,126.53,128.04,126.37,128.04,18143000.0,0.0119339287125582,82.3561,82.7161,82.2261,82.7161,37100.0,0.0043712609023496
2014-07-01,127.99,128.12,127.49,127.7,8145900.0,-0.0022658020157824,82.9661,83.6861,82.9461,83.4461,63300.0,0.0057854955216649
2014-07-02,127.76,128.24,127.64,127.7,5738900.0,-0.0004696305572949,83.3861,83.5461,83.2261,83.3461,52800.0,-0.0004796962563303
2014-07-03,126.79,127.29,126.61,127.16,4922500.0,0.0029182112153954,83.6961,83.9661,83.4961,83.9461,56800.0,0.0029869970046394
2014-07-07,126.63,127.03,126.23,127.02,4630200.0,0.0030798389007344,83.7161,83.7161,83.0161,83.0861,96200.0,-0.0075254341757439
2014-07-08,127.29,127.53,126.43,127.07,6216600.0,-0.0017283368685679,82.9361,82.9361,81.8061,82.2961,135000.0,-0.007716784367724
2014-07-09,127.54,128.26,127.18,127.84,8362700.0,0.002352203230359,82.4261,82.9761,82.2961,82.9461,49900.0,0.0063086813521444
2014-07-10,129.11,129.21,128.49,128.54,6313300.0,-0.0044148400588647,81.4961,82.5561,81.4961,82.1861,54800.0,0.0084666628219018
2014-07-11,128.41,128.83,128.38,128.78,4322100.0,0.0028813955299431,82.1461,82.1861,81.8061,82.1161,42600.0,-0.000365202973726
2014-07-14,125.5,126.1,125.45,125.72,11465500.0,0.0017529880478087,82.6661,82.7661,82.4361,82.5961,45900.0,-0.0008467799980886
2014-07-15,125.89,126.32,124.36,124.53,10541700.0,-0.0108030820557629,82.5361,82.7661,81.6861,82.0661,60400.0,-0.0056944779314748
2014-07-16,125.02,125.47,124.78,124.97,4099800.0,-0.0003999360102383,82.5261,82.5261,81.8761,82.1761,51400.0,-0.0042410825181366
2014-07-17,125.52,127.55,125.11,127.09,11423900.0,0.0125079668578713,81.8361,82.2161,80.8661,80.9961,86200.0,-0.0102644187589584
2014-07-18,125.79,126.21,125.67,126.13,6460900.0,0.0027029175610143,81.3661,82.3461,81.1361,82.3461,93200.0,0.0120443280432514
2014-07-21,126.53,126.55,126.11,126.34,3296300.0,-0.0015016201691298,81.8461,82.1261,81.6461,81.9461,41900.0,0.0012218053150974
2014-07-22,126.33,126.43,125.47,125.74,3882000.0,-0.0046703079236919,82.5161,82.8861,82.4861,82.7261,48400.0,0.0025449578930658
2014-07-23,125.72,126.04,125.4,125.62,3041400.0,-0.0007954183900731,82.7961,82.7961,82.3861,82.6861,40700.0,-0.0013285649927955
2014-07-24,124.85,124.87,123.9,124.35,8111600.0,-0.0040048057669203,82.8161,83.1261,82.7961,82.9661,52000.0,0.0018112420169507
2014-07-25,124.48,125.93,124.43,125.79,5638800.0,0.0105237789203085,82.4761,82.7561,82.2261,82.4061,74800.0,-0.0008487307232035
2014-07-28,125.44,125.67,125.3,125.58,3212900.0,0.0011160714285714,82.5461,82.5461,81.6961,82.1961,61900.0,-0.004240054951112
2014-07-29,125.79,125.88,124.72,125.2,5267700.0,-0.0046903569441132,82.4261,82.6561,81.9661,82.0161,52400.0,-0.0049741526045756
2014-07-30,124.89,124.93,124.41,124.83,5614800.0,-0.0004804227720394,82.4961,82.5261,81.8461,82.2261,35400.0,-0.0032728819907849
2014-07-31,123.85,124.07,123.23,123.39,9896500.0,-0.0037141703673798,81.5261,81.6661,80.2061,80.2961,130700.0,-0.0150871929357592
2014-08-01,124.54,124.81,124.23,124.38,7397000.0,-0.0012847277982978,80.1261,80.6461,79.3561,80.0361,77700.0,-0.0011232295094855
2014-08-04,124.36,124.47,123.73,123.99,6499400.0,-0.002975233193953,80.2761,81.0261,79.7961,80.8561,108700.0,0.0072250644961576
2014-08-05,123.74,124.52,123.4,123.87,8342500.0,0.0010505899466624,80.3761,80.9661,79.8561,80.1961,82300.0,-0.0022394716837466
2014-08-06,125.71,126.0,125.52,125.67,9327800.0,-0.0003181926656589,79.6961,80.6861,79.6961,80.2261,71000.0,0.006650262685376
2014-08-07,125.47,126.51,125.37,126.18,7298900.0,0.0056587232007651,80.6361,80.7061,79.4361,79.7061,45200.0,-0.0115332958811251
2014-08-08,126.08,126.41,125.89,126.19,5728200.0,0.000872461928934,79.8061,80.9061,79.7961,80.9061,49000.0,0.0137834075340104
2014-08-11,125.84,126.04,125.64,125.96,3163500.0,0.0009535918626826,81.3061,81.8061,81.1661,81.3761,75900.0,0.0008609440128107
2014-08-12,126.42,126.81,125.87,125.99,4609700.0,-0.0034013605442177,81.2961,81.5761,80.7461,81.0561,38600.0,-0.0029521711373607
2014-08-13,126.35,126.53,125.9,126.2,3969700.0,-0.0011871784724969,81.3261,81.7761,81.1061,81.7561,66800.0,0.005287355473827
2014-08-14,126.24,126.53,126.13,126.31,3348500.0,0.0005544993662864,81.9361,82.1761,81.8461,82.1661,57600.0,0.0028070655059247
2014-08-15,124.52,126.07,124.41,125.48,13070500.0,0.0077096048827498,82.8561,82.8861,81.5461,82.2661,74200.0,-0.0071207792787737
2014-08-18,124.78,125.08,124.65,124.96,4952500.0,0.0014425388684083,82.9461,83.3061,82.7461,83.3061,67400.0,0.0043401678921612
2014-08-19,125.0,125.0,124.48,124.68,4878400.0,-0.0025599999999999,83.4861,83.9061,83.4861,83.8561,48500.0,0.0044318754858593
2014-08-20,124.82,124.82,123.88,124.22,4395600.0,-0.0048069219676333,83.6361,84.3461,83.6361,84.2761,69900.0,0.0076521980341025
2014-08-21,122.72,123.24,122.45,122.88,8008800.0,0.0013037809647978,84.3461,84.4061,84.0761,84.3161,74300.0,-0.0003556773816454
2014-08-22,123.09,123.33,122.57,123.19,4739200.0,0.0008124136810463,84.3061,84.7061,84.0461,84.4561,45300.0,0.0017792306843752
2014-08-25,122.92,123.04,122.72,122.74,5012400.0,-0.0014643670680117,85.0161,85.0461,84.7261,84.9061,56200.0,-0.0012938725723715
2014-08-26,123.92,123.97,123.28,123.35,3882300.0,-0.0045997417688832,85.0561,85.4161,85.0461,85.2061,47200.0,0.0017635419446695
2014-08-27,123.6,123.71,123.25,123.32,2576800.0,-0.0022653721682847,85.3561,85.4561,84.9761,85.1061,52500.0,-0.0029289060770114
2014-08-28,124.15,124.33,123.81,124.0,3296700.0,-0.0012082158679017,84.8561,85.1361,84.5161,85.0561,45200.0,0.0023569313225566
2014-08-29,123.75,124.22,123.62,123.86,3683500.0,0.0008888888888888,85.3561,85.6561,85.1261,85.5561,53900.0,0.0023431248616092
2014-09-02,121.97,122.08,121.43,121.65,10128600.0,-0.0026235959662211,85.9161,86.0261,85.4461,85.8261,81600.0,-0.0010475335821807
2014-09-03,121.7,122.2,121.66,122.15,3414600.0,0.0036976170912079,86.2661,86.2661,85.6961,85.8061,120800.0,-0.00533233796358
2014-09-04,122.48,122.66,121.25,121.48,7310600.0,-0.0081645983017635,86.0761,86.3961,85.5061,85.6961,88700.0,-0.0044146981566311
2014-09-05,121.83,122.06,121.63,122.06,3490100.0,0.00188787654929,85.8961,86.2261,85.3561,86.2161,48300.0,0.0037254310731219
2014-09-08,121.58,121.61,120.37,120.73,7506500.0,-0.0069912814607665,86.1461,86.3661,85.6661,86.0461,61200.0,-0.0011608186557488
2014-09-09,120.57,120.94,120.0,120.87,6157300.0,0.002488181139587,86.0161,86.0161,85.0661,85.1961,61800.0,-0.0095330990361106
2014-09-10,120.13,120.54,119.64,120.26,7021500.0,0.0010821609922584,85.3061,85.4861,84.7361,85.4161,53200.0,0.0012894740235457
2014-09-11,119.61,119.7,118.77,119.47,7612000.0,-0.00117047069643,85.0261,85.5961,85.0261,85.5961,34400.0,0.006703823884666
2014-09-12,118.63,118.9,118.07,118.38,8126500.0,-0.0021073927337098,85.5561,85.5561,84.5161,84.7661,44800.0,-0.0092337074738096
2014-09-15,118.79,118.86,118.46,118.64,4775400.0,-0.0012627325532452,84.8161,84.8261,83.8661,84.1261,66300.0,-0.0081352479069423
2014-09-16,118.85,119.43,118.44,118.83,6544500.0,-0.0001682793437105,83.8261,84.9961,83.8261,84.8661,44800.0,0.0124066370736561
2014-09-17,118.95,119.24,117.5,117.54,8328700.0,-0.0118537200504413,84.9561,85.4261,84.5461,84.9561,58300.0,0.0
2014-09-18,117.41,118.09,117.19,117.78,5368700.0,0.0031513499701899,85.3361,85.4361,85.0961,85.3961,72000.0,0.0007031022041082
2014-09-19,117.51,117.57,116.72,117.09,10930200.0,-0.0035741639009446,85.8561,85.8561,84.7461,85.0261,51500.0,-0.0096673387214187
2014-09-22,116.72,117.37,116.58,116.85,7601600.0,0.0011137765592871,84.7861,84.8861,83.5761,83.7261,88700.0,-0.0125020492745863
2014-09-23,117.99,117.99,117.31,117.6,4664800.0,-0.0033053648614289,83.3861,83.8661,83.0661,83.0761,83100.0,-0.0037176459865613
2014-09-24,117.12,117.72,116.9,117.05,5515000.0,-0.0005976775956284,83.0761,84.0761,82.9461,84.0061,50600.0,0.0111945553534651
2014-09-25,116.3,117.76,116.2,117.39,7631700.0,0.0093723129836629,83.7261,83.7661,82.5061,82.5461,89700.0,-0.0140935741662397
2014-09-26,117.02,117.1,116.58,117.06,4185200.0,0.0003418219107845,82.8061,83.5861,82.6661,83.4361,65000.0,0.0076081351494635
2014-09-29,117.27,117.4,116.9,117.03,4049500.0,-0.0020465592223074,82.4161,83.4361,82.3661,83.2961,54500.0,0.0106775253864232
2014-09-30,116.54,117.35,115.85,116.21,10170100.0,-0.0028316457868544,83.3661,83.4961,82.4861,82.6261,58300.0,-0.0088765097563639
2014-10-01,116.61,117.26,116.59,116.77,7018800.0,0.0013720950175799,82.5061,82.5061,80.7161,80.9961,120300.0,-0.0183016770881183
2014-10-02,116.86,117.21,116.33,116.74,6349900.0,-0.0010268697586856,80.8961,81.3461,79.8161,81.1361,125100.0,0.0029667684845127
2014-10-03,115.17,115.51,114.42,114.61,11301300.0,-0.004862377355214,81.8061,82.3761,81.4461,82.1961,131100.0,0.004767370648399
2014-10-06,115.16,116.31,114.94,116.03,7644100.0,0.0075547064953109,82.5361,82.7561,81.5661,81.8861,110800.0,-0.0078753418201248
2014-10-07,116.31,116.63,116.09,116.36,5274700.0,0.0004298856504169,81.3561,81.4961,80.1561,80.1561,93400.0,-0.0147499695781877
2014-10-08,117.03,117.71,115.85,117.47,10670900.0,0.0037597197299837,80.2261,81.7261,79.4461,81.6761,104000.0,0.0180739185875918
2014-10-09,117.86,118.26,117.49,117.64,6610500.0,-0.0018666214152384,81.3361,81.5061,79.5561,79.5661,104700.0,-0.021761554832356
2014-10-10,117.7,117.74,117.19,117.59,4651400.0,-0.0009345794392523,79.3061,79.4661,77.5761,77.5961,130400.0,-0.0215620236022196
2014-10-13,118.14,118.67,117.93,118.52,5396300.0,0.0032165227695953,77.5961,77.8861,75.7061,75.7361,393600.0,-0.0239702768566978
2014-10-14,118.58,118.82,118.35,118.59,5174800.0,8.433125316246514e-05,76.4461,77.5261,76.0061,76.4561,136900.0,0.000130811120515
2014-10-15,119.23,120.18,118.59,118.99,9453800.0,-0.0020129162123627,75.3461,77.0761,74.2661,76.7061,239100.0,0.018050038422692
2014-10-16,119.02,119.65,118.88,119.22,6545400.0,0.0016803898504453,75.1961,77.9261,75.1361,77.5461,144700.0,0.0312516207622469
2014-10-17,119.06,119.23,118.42,118.99,8059000.0,-0.0005879388543592,78.7361,79.1761,78.0861,78.5761,126900.0,-0.0020321047143558
2014-10-20,119.68,119.86,119.54,119.8,3033700.0,0.0010026737967913,78.3761,79.6061,78.3761,79.6061,152500.0,0.01569355964382
2014-10-21,120.27,120.5,119.91,120.02,4566100.0,-0.0020786563565311,80.3361,81.9961,80.2661,81.9761,221800.0,0.0204142346964814
2014-10-22,119.69,119.79,119.25,119.34,3740200.0,-0.0029242209040019,82.1161,82.1561,80.5261,80.5761,350800.0,-0.0187539349774283
2014-10-23,118.71,118.82,117.88,118.52,6417500.0,-0.0016005391289697,81.6361,82.7261,81.5761,82.1761,106900.0,0.0066147206934187
2014-10-24,118.62,118.63,118.12,118.35,3610600.0,-0.0022761760242792,82.2461,83.0661,81.9861,83.0661,110000.0,0.0099700776085432
2014-10-27,118.18,118.37,118.01,118.06,2443600.0,-0.0010154002369267,82.5961,82.9361,82.0161,82.8961,67500.0,0.0036321327520306
2014-10-28,118.48,118.48,118.01,118.1,3260100.0,-0.0032072923700203,83.3161,84.4861,83.1261,84.4861,455200.0,0.014042904072562
2014-10-29,117.65,117.91,116.14,116.41,7900800.0,-0.0105397365065874,84.4561,84.5761,83.1261,83.9561,187700.0,-0.0059202354832865
2014-10-30,115.8,115.83,114.94,115.19,7847100.0,-0.0052677029360967,83.4661,84.7561,83.4461,84.5461,104500.0,0.0129393849718628
2014-10-31,111.83,112.88,111.66,112.66,18208200.0,0.0074219797907538,86.0661,86.0661,85.4961,85.8961,150700.0,-0.0019752260181418
2014-11-03,112.39,112.68,112.0,112.15,6589800.0,-0.0021354213008274,85.9161,86.4061,85.6861,85.8761,494800.0,-0.0004655704809692
2014-11-04,112.12,112.71,112.08,112.22,6430100.0,0.0008919015340705,85.4961,85.5861,84.8961,85.4161,94200.0,-0.0009357151963656
2014-11-05,109.92,110.84,109.67,109.79,13560100.0,-0.0011826783114992,86.0361,86.1661,85.3961,85.8061,100800.0,-0.0026732964418424
2014-11-06,109.92,110.49,109.75,109.88,7019900.0,-0.0003639010189229,85.9761,86.9061,85.9261,86.8861,221600.0,0.0105843368098808
2014-11-07,110.78,113.15,110.73,112.97,10916500.0,0.0197689113558403,86.7361,86.9161,86.3361,86.7961,196100.0,0.0006917534913375
2014-11-10,112.24,112.24,110.28,110.46,8548500.0,-0.0158588738417676,86.9761,87.1761,86.7361,87.0161,119600.0,0.0004598964543132
2014-11-11,111.08,112.76,110.87,112.04,8595800.0,0.0086424198775657,86.9661,87.1361,86.7861,87.0261,111300.0,0.0006899240048708
2014-11-12,112.05,112.17,111.23,111.5,5130000.0,-0.0049085229808121,86.7261,87.4061,86.6261,87.2861,75100.0,0.0064571103739243
2014-11-13,111.89,112.26,111.22,111.67,4869900.0,-0.0019662168200911,87.3961,87.5361,86.7461,87.1161,114200.0,-0.0032038042887497
2014-11-14,110.76,114.72,110.65,114.47,14170600.0,0.0334958468761285,87.1561,87.4861,87.0061,87.3961,47500.0,0.0027536798915969
2014-11-17,113.97,114.27,113.56,114.05,5439700.0,0.0007019391067824,87.2261,87.3561,86.9261,87.0661,72900.0,-0.0018343133534572
2014-11-18,114.86,115.17,114.55,115.05,5583200.0,0.0016541877067734,87.2161,87.9461,87.1661,87.7861,594200.0,0.0065354905802943
2014-11-19,114.93,115.35,112.88,113.68,11994200.0,-0.0108761855042199,87.6661,87.8761,87.1561,87.6461,134800.0,-0.0002281383567878
2014-11-20,114.57,115.02,114.09,114.86,5607800.0,0.002531203630968,87.2561,88.2361,87.2561,88.1661,82600.0,0.0104290702884955
2014-11-21,115.58,115.96,114.47,115.39,6561300.0,-0.0016438830247447,89.4061,89.5161,88.4461,88.6961,136800.0,-0.0079412925963663
2014-11-24,115.15,115.37,114.79,115.11,4694000.0,-0.0003473729917499,89.0161,89.2261,88.7661,89.2261,545100.0,0.0023591237989533
2014-11-25,115.1,115.47,114.9,115.38,9051800.0,0.0024326672458731,89.3361,89.6861,88.8461,89.0161,97600.0,-0.0035819786178264
2014-11-26,115.25,115.34,114.98,115.16,3181700.0,-0.0007809110629067,89.0561,89.2761,88.9261,89.2661,76500.0,0.002358064186507
2014-11-28,113.53,113.83,111.95,112.11,9616300.0,-0.0125077072139522,89.0761,89.4661,88.7961,88.9961,76600.0,-0.0008981084712958
2014-12-01,113.8,117.36,113.74,116.58,15644000.0,0.0244288224956063,88.7661,88.7661,87.5161,87.6061,186000.0,-0.0130680518801659
2014-12-02,115.13,115.71,114.72,115.14,6361400.0,8.685833405719723e-05,87.6861,88.0961,87.5961,88.0061,92800.0,0.0036493811447881
2014-12-03,115.68,116.76,115.56,116.33,5755300.0,0.0056189488243429,88.0661,88.9461,88.0661,88.8561,111400.0,0.0089705346325089
2014-12-04,116.01,116.34,115.61,115.88,3599000.0,-0.0011205930523231,88.7161,89.0461,88.4261,88.8161,100900.0,0.0011271911186358
2014-12-05,115.16,115.18,114.24,114.43,6331000.0,-0.0063390065995136,88.9961,89.1061,88.5961,88.8561,158400.0,-0.0015731026415764
2014-12-08,114.97,116.16,114.46,115.78,5215700.0,0.0070453161694355,88.6161,88.9561,87.4461,87.8161,120500.0,-0.0090277048978684
2014-12-09,117.04,118.99,116.98,118.19,10462200.0,0.0098257006151742,86.9161,88.1661,86.6461,88.1061,128100.0,0.0136913644307556
2014-12-10,118.15,118.47,117.81,117.96,4277400.0,-0.0016081252644943,87.8561,87.8561,86.2561,86.3861,140500.0,-0.0167319059234361
2014-12-11,116.98,118.38,116.82,117.69,5214500.0,0.00606941357497,86.8661,87.9961,86.7161,86.9061,282600.0,0.0004604788289101
2014-12-12,117.39,117.8,116.68,117.41,4736500.0,0.0001703722633954,86.1961,86.6161,85.5161,85.5161,169200.0,-0.0078889880168593
2014-12-15,116.22,116.97,114.36,114.39,8796000.0,-0.0157459989674754,86.1661,86.3261,84.4761,84.9661,142900.0,-0.0139265906197449
2014-12-16,116.28,116.5,114.07,114.95,9174000.0,-0.011437908496732,84.5761,86.0961,84.1561,84.1761,96900.0,-0.0047294684905072
2014-12-17,115.1,115.48,113.58,114.27,9097300.0,-0.0072111207645525,84.4361,86.6061,84.3461,86.4861,141400.0,0.0242787149098548
2014-12-18,115.59,115.81,114.58,115.15,5258100.0,-0.0038065576606972,87.9161,88.4861,87.3361,88.4861,163000.0,0.0064834541113629
2014-12-19,115.06,115.22,114.77,114.77,4652300.0,-0.0025204241265427,88.9161,89.2661,88.4461,89.0261,109900.0,0.0012371212862462
2014-12-22,114.81,114.97,112.41,112.55,7483200.0,-0.0196846964550126,89.1001,89.5501,88.9401,89.5501,188600.0,0.0050504993821556
2014-12-23,112.88,113.32,112.61,112.74,8127400.0,-0.0012402551381998,89.7301,89.9301,89.5601,89.7201,134400.0,-0.0001114453232526
2014-12-24,112.83,112.92,112.66,112.77,1501500.0,-0.0005317734645041,89.8201,89.9701,89.6801,89.7101,59900.0,-0.0012246702018813
2014-12-26,114.82,114.98,114.53,114.83,3758600.0,8.709284096851695e-05,89.9501,90.2001,89.9201,89.9601,132200.0,0.0001111727502247
2014-12-29,114.61,114.64,113.23,113.67,12963700.0,-0.0082017275979408,89.8701,90.2001,89.8401,90.0901,201400.0,0.002447977692247
2014-12-30,114.99,116.26,114.9,115.2,7987300.0,0.0018262457605009,89.9401,90.0701,89.4201,89.4701,121900.0,-0.0052257002160326
2014-12-31,114.89,115.0,113.28,113.58,7624200.0,-0.0114022108103403,89.7201,90.0901,88.6801,88.7501,136900.0,-0.0108114012356205
2015-01-02,112.49,114.8,112.32,114.08,7109600.0,0.0141345897413103,89.2101,89.4601,88.0901,88.7201,271800.0,-0.0054926516168011
2015-01-05,114.78,116.0,114.73,115.8,8168500.0,0.0088865656037636,88.3001,88.3001,86.7001,87.0401,241500.0,-0.0142695195135679
2015-01-06,116.22,117.5,115.8,117.12,11232300.0,0.0077439339184306,87.0401,87.2101,85.0901,85.8501,258600.0,-0.013671859292441
2015-01-07,116.47,116.88,116.17,116.43,6434200.0,-0.0003434360779599,86.6701,87.2101,86.3501,87.1201,148100.0,0.0051921020051896
2015-01-08,116.45,116.87,115.85,115.94,7033700.0,-0.0043795620437956,87.9801,89.1201,87.9801,89.1201,194500.0,0.012957475610962
2015-01-09,116.51,117.34,116.5,117.26,7962900.0,0.0064372156896403,89.2301,89.2301,88.0001,88.4601,198200.0,-0.0086293750651405
2015-01-12,117.46,118.71,117.32,118.56,8318200.0,0.0093648901753789,88.4601,88.4601,87.2701,87.4901,127800.0,-0.0109653956981735
2015-01-13,118.96,119.19,117.87,118.16,7691300.0,-0.0067249495628782,88.2201,89.0201,86.4901,87.3901,154000.0,-0.009408286773649
2015-01-14,119.08,119.32,117.9,117.97,7727400.0,-0.0093214645616392,86.2901,87.0801,85.8401,86.9801,154400.0,0.0079962823081674
2015-01-15,120.41,121.7,120.34,120.94,17692500.0,0.0044016277717797,87.4301,87.6401,85.7001,85.7701,175400.0,-0.018986596149381
2015-01-16,121.73,123.15,121.71,122.52,14428200.0,0.0064897724472191,85.4701,87.2101,85.4701,87.1401,97600.0,0.0195389966783705
2015-01-20,123.63,124.6,123.49,124.2,14968600.0,0.0046105314244116,87.4101,87.5501,86.2801,87.2301,133400.0,-0.0020592585982627
2015-01-21,125.18,125.34,123.37,124.23,11082700.0,-0.0075890717366991,87.0501,88.1601,86.8101,87.8901,101700.0,0.0096496155662084
2015-01-22,125.07,125.58,124.15,125.23,10518400.0,0.0012792836011834,88.1801,89.2501,87.2001,89.1201,137600.0,0.0106600015196172
2015-01-23,124.43,124.5,123.35,124.23,6266900.0,-0.001607329422165,88.9301,89.5301,88.9101,89.0701,109300.0,0.0015742701290114
2015-01-26,123.33,123.35,122.52,122.99,6768600.0,-0.0027568312657099,89.1401,89.9001,88.9001,89.8901,665500.0,0.0084137217705611
2015-01-27,123.56,124.64,123.51,124.4,9584800.0,0.0067983166073163,88.8301,89.6601,88.3501,89.0801,168000.0,0.0028143613482366
2015-01-28,123.52,123.89,122.94,123.42,8470600.0,-0.0008095854922279,89.7501,89.8801,87.7501,87.8001,115500.0,-0.0217269952902559
2015-01-29,121.99,122.29,120.26,120.76,11998000.0,-0.0100827936716123,88.1001,88.8101,87.2301,88.6901,146800.0,0.0066969276992875
2015-01-30,121.3,123.55,120.92,123.45,14555900.0,0.017724649629019,88.0601,88.3901,87.0601,87.2001,167800.0,-0.0097660574993669
2015-02-02,121.84,123.16,121.82,122.42,8885200.0,0.0047603414313854,87.5001,88.1001,86.0001,88.1001,186600.0,0.006857135020417
2015-02-03,121.74,121.76,120.57,121.05,8255900.0,-0.0056678166584524,88.5301,89.5501,88.2001,89.5501,152000.0,0.0115215051152093
2015-02-04,121.63,122.22,120.92,121.58,5386700.0,-0.0004110827920743,88.8801,89.4601,88.6301,88.8401,165500.0,-0.0004500444981496
2015-02-05,120.98,121.83,120.61,121.79,6879900.0,0.0066953215407505,89.2901,90.0301,89.1301,90.0001,134500.0,0.0079516094169455
2015-02-06,119.15,119.52,117.95,118.64,12949800.0,-0.0042803189257239,90.1001,90.2501,89.1401,89.4901,160000.0,-0.0067702477577716
2015-02-09,118.83,119.4,118.77,119.17,5237200.0,0.0028612303290415,89.1901,89.4401,88.7401,88.8801,80500.0,-0.0034757220812624
2015-02-10,118.63,119.06,118.21,118.47,4085300.0,-0.0013487313495742,89.5901,90.2501,88.9701,90.1901,191300.0,0.0066971685487569
2015-02-11,118.49,118.57,117.0,117.07,6784400.0,-0.0119841336821672,90.0401,90.5501,89.8701,90.3101,98400.0,0.0029986639286274
2015-02-12,117.68,117.82,117.09,117.34,4344400.0,-0.0028891910265126,90.9501,91.5301,90.7601,91.4501,133700.0,0.005497520068697
2015-02-13,118.05,118.58,117.79,117.98,4108900.0,-0.0005929690808978,91.6501,92.2101,91.5601,92.2101,109000.0,0.006110195188003
2015-02-17,116.4,116.54,115.58,116.01,7225200.0,-0.0033505154639175,92.1501,92.4601,91.8101,92.3801,129900.0,0.0024959278394706
2015-02-18,115.99,116.53,114.99,116.34,8336000.0,0.0030175015087508,92.1401,92.7401,92.0901,92.7201,132200.0,0.0062947619983047
2015-02-19,116.4,116.54,115.74,115.94,6528700.0,-0.0039518900343643,92.4301,93.0101,92.3701,92.7401,218800.0,0.0033538858012703
2015-02-20,116.1,116.46,115.05,115.28,6681700.0,-0.0070628768303186,92.6601,93.6701,92.3001,93.6701,189100.0,0.0109000529893665
2015-02-23,115.11,116.22,115.07,115.43,4812400.0,0.0027799496134133,93.5201,93.7101,93.2901,93.6501,163400.0,0.0013900755024855
2015-02-24,115.0,115.55,114.29,115.26,7612900.0,0.0022608695652174,93.6801,93.8001,93.3901,93.7401,114700.0,0.0006404775400538
2015-02-25,115.83,115.89,115.33,115.7,5032500.0,-0.0011223344556677,93.7401,94.5601,93.7401,94.3601,150700.0,0.0066140317750888
2015-02-26,116.54,116.55,115.83,116.07,4025400.0,-0.0040329500600653,94.3701,94.4901,93.6401,93.9701,87300.0,-0.0042386306679763
2015-02-27,116.74,117.07,116.16,116.16,8255600.0,-0.004968305636457,94.1601,94.2901,93.7301,93.8101,169300.0,-0.003717073367594
2015-03-02,116.5,116.64,115.62,115.68,7993300.0,-0.007038626609442,93.8701,94.8601,93.8701,94.8601,451100.0,0.010546489244179
2015-03-03,116.04,116.61,115.35,115.47,4738300.0,-0.0049120992761117,94.5901,94.5901,93.8301,94.3201,913500.0,-0.0028544213400769
2015-03-04,115.7,115.79,115.02,115.11,4762400.0,-0.0050993949870354,93.9001,93.9001,93.1801,93.6301,187200.0,-0.0028753962988324
2015-03-05,115.43,116.12,114.84,115.0,5872200.0,-0.0037252014207745,93.9301,94.4301,93.9301,94.2501,81400.0,0.0034067886651883
2015-03-06,113.17,113.26,111.7,111.86,11190800.0,-0.0115755058761155,93.6801,93.8401,92.4501,92.6201,175800.0,-0.0113151032076182
2015-03-09,112.42,112.62,111.95,111.97,5534000.0,-0.0040028464685999,92.9801,93.2201,92.6901,93.0701,132500.0,0.0009679490557657
2015-03-10,112.09,112.35,111.22,111.42,7019800.0,-0.005977339637791,92.1101,92.3301,91.7201,91.7401,149800.0,-0.0040169319108328
2015-03-11,111.23,111.25,110.16,110.75,6550400.0,-0.0043153825406815,91.8201,92.3201,91.7101,92.1101,102300.0,0.0031583498602158
2015-03-12,111.15,111.2,110.25,110.72,6631500.0,-0.0038686459739091,92.5301,93.4901,92.5101,93.4001,118000.0,0.0094023458312483
2015-03-13,111.1,111.28,110.51,110.88,4557600.0,-0.0019801980198019,93.1701,93.4101,92.2801,93.0001,104400.0,-0.0018246197009555
2015-03-16,111.09,111.21,110.42,110.81,3265300.0,-0.0025204788909892,93.4001,94.4601,93.4001,94.4601,113000.0,0.01134902425158
2015-03-17,109.92,111.35,109.77,110.21,8923300.0,0.0026382823871906,94.0901,94.4401,93.7601,94.3101,197900.0,0.002338184357334
2015-03-18,110.33,112.87,110.09,112.37,12628300.0,0.0184899845916795,94.0201,95.7401,93.5601,95.3301,201200.0,0.0139331908815242
2015-03-19,111.85,112.58,111.58,112.29,6524100.0,0.0039338399642379,95.1401,95.4701,95.0201,95.3701,139500.0,0.0024174874737359
2015-03-20,112.71,114.0,112.67,113.57,8029700.0,0.0076302014018276,96.0701,96.2601,95.7001,96.1401,197800.0,0.0007286346116013
2015-03-23,113.7,114.37,113.49,114.29,4234900.0,0.0051890941072999,96.0901,96.2801,95.7001,95.7401,405300.0,-0.0036424147752995
2015-03-24,114.35,114.65,113.82,114.57,2973000.0,0.0019239177962396,95.6601,95.9501,95.2801,95.3001,109300.0,-0.0037633245208817
2015-03-25,115.11,115.14,114.65,114.73,3018700.0,-0.0033011901659282,95.4271,95.5171,93.3771,93.3871,252700.0,-0.0213775751332691
2015-03-26,115.73,115.84,115.34,115.48,5490900.0,-0.0021602004666033,92.9971,93.7571,92.4971,93.3271,169800.0,0.0035484977488545
2015-03-27,115.14,115.36,114.45,115.06,4921300.0,-0.0006948063227375,93.4171,94.3571,93.4071,94.2071,145400.0,0.0084566958297784
2015-03-30,113.9,114.01,113.54,113.75,4359000.0,-0.0013169446883231,95.0871,95.6771,95.0371,95.6371,203400.0,0.00578417051314
2015-03-31,113.84,114.28,113.4,113.66,4371058.0,-0.0015811665495432,95.2471,96.5271,94.8271,95.1771,134289.0,-0.0007349305123201
2015-04-01,114.56,115.99,114.54,115.6,7275800.0,0.0090782122905027,94.8371,94.8371,93.6471,94.1671,495900.0,-0.00706474575878
2015-04-02,115.47,115.72,114.68,115.28,3863139.0,-0.0016454490343812,94.2271,95.0971,94.1671,94.8871,269886.0,0.0070043543736357
2015-04-06,117.32,117.47,116.52,116.69,5833000.0,-0.0053699284009546,94.8871,95.8171,94.3171,95.4871,449800.0,0.0063233042215432
2015-04-07,116.27,116.51,115.94,116.11,2401549.0,-0.0013761073363722,95.5571,95.9571,95.1071,95.1271,202690.0,-0.0044999272686174
2015-04-08,115.98,116.03,114.9,115.47,5501562.0,-0.004397309881014,95.3771,95.9971,95.2171,95.9271,159275.0,0.0057665833832229
2015-04-10,116.0,116.19,115.5,115.96,3895724.0,-0.0003448275862069,96.4771,96.5671,96.1771,96.4271,149338.0,-0.000518257700532
2015-04-13,115.35,115.39,114.8,115.14,2907518.0,-0.0018205461638491,96.4771,96.7671,95.9471,95.9871,175297.0,-0.0050789254652139
2015-04-14,114.69,115.07,114.39,114.44,3639843.0,-0.0021797889964251,96.0371,96.1571,95.3271,95.8771,140211.0,-0.0016660228182649
2015-04-15,114.8,115.6,114.47,115.43,3648140.0,0.0054878048780488,96.2771,96.6171,96.1671,96.3771,208246.0,0.0010386685930506
2015-04-16,115.55,115.66,114.64,115.03,3118977.0,-0.0045002163565555,96.2771,96.5271,95.9571,96.2571,358033.0,-0.0002077337186102
2015-04-17,115.38,115.79,115.23,115.6,3467981.0,0.0019067429363841,95.6271,95.6271,94.4371,94.8271,374937.0,-0.0083658293517213
2015-04-20,114.82,114.95,114.31,114.72,3902191.0,-0.0008709284096846,95.5071,95.8671,95.2971,95.7771,99509.0,0.0028270149549092
2015-04-21,114.72,115.56,114.65,115.38,3314427.0,0.0057531380753137,96.1571,96.2771,95.9371,96.0771,220446.0,-0.0008319718460727
2015-04-22,114.83,114.96,113.77,113.83,5692408.0,-0.008708525646608,96.2171,96.4771,95.6271,96.4771,110468.0,0.002702222370036
2015-04-23,113.9,114.96,113.81,114.66,3451613.0,0.0066725197541702,96.2171,97.2671,96.2171,96.9571,132339.0,0.0076909405916411
2015-04-24,113.96,114.07,112.77,113.05,7127084.0,-0.0079852579852579,97.2271,97.2271,96.2471,96.3971,234081.0,-0.0085367145579781
2015-04-27,113.87,115.82,113.67,115.33,7448404.0,0.0128216387108105,96.6771,96.9571,95.5671,95.7171,137307.0,-0.0099299627316085
2015-04-28,115.36,116.62,115.34,116.33,8027078.0,0.0084084604715672,95.6471,95.6671,94.5671,95.4471,146381.0,-0.0020910200100158
2015-04-29,116.06,116.39,115.28,115.51,7168788.0,-0.0047389281406168,94.8571,95.3671,94.5271,95.0971,189042.0,0.0025301216250548
2015-04-30,113.88,113.88,112.96,113.47,9434323.0,-0.0036002809975412,94.8071,94.9771,93.5471,94.0171,208644.0,-0.0083327092591167
2015-05-01,112.42,113.31,112.28,113.08,7510063.0,0.0058708414872798,94.5371,95.3971,94.5371,95.3571,161058.0,0.0086738433905843
2015-05-04,114.18,114.44,113.88,114.1,3645779.0,-0.0007006480994921,95.6571,96.0271,95.4571,95.5971,223361.0,-0.0006272404243908
2015-05-05,114.89,115.11,114.39,114.42,3848372.0,-0.004090869527374,95.5171,95.5771,93.8671,93.9971,202006.0,-0.0159133809548237
2015-05-06,114.59,114.75,114.02,114.36,3277700.0,-0.0020071559472903,94.4671,94.6371,93.5171,93.9971,125690.0,-0.0049752771070563
2015-05-07,113.84,114.01,113.32,113.42,5408400.0,-0.0036893886156008,93.9571,94.6371,93.8171,94.4171,114321.0,0.004895851404524
2015-05-08,114.34,114.43,113.49,113.97,9963531.0,-0.0032359629176141,95.2171,95.7971,95.2171,95.4371,82142.0,0.0023105093517865
2015-05-11,114.09,114.31,113.08,113.53,2915053.0,-0.0049084056446665,95.3171,95.6571,95.0371,95.0971,439097.0,-0.0023080853278162
2015-05-12,114.1,114.67,114.06,114.5,3254350.0,0.0035056967572305,94.8271,95.2871,94.1571,94.9771,101725.0,0.0015818262922728
2015-05-13,115.74,116.93,115.68,116.55,11500944.0,0.0069984447900466,95.3171,95.4671,94.6471,94.8171,97434.0,-0.0052456484723097
2015-05-14,117.28,117.75,117.03,117.18,6795325.0,-0.0008526603001363,95.3571,95.7271,94.9271,95.7171,95607.0,0.0037752825956326
2015-05-15,116.8,117.63,116.68,117.53,4193672.0,0.00625,95.8371,95.9471,95.4671,95.9471,112488.0,0.0011477809741738
2015-05-18,117.78,117.88,117.27,117.52,4679079.0,-0.0022075055187638,95.7471,96.6171,95.6871,96.4771,113216.0,0.0076242518050153
2015-05-19,116.55,116.73,115.65,115.89,5014931.0,-0.0056628056628056,96.5671,96.6571,96.0671,96.2871,103626.0,-0.0028995382485339
2015-05-20,116.03,116.38,115.76,116.08,4423751.0,0.0004309230371455,96.4071,96.6571,95.9371,96.2671,145686.0,-0.0014521752028636
2015-05-21,115.53,116.0,115.47,115.69,2512687.0,0.0013849216653682,96.2471,96.6971,96.1571,96.5771,112396.0,0.0034286747340958
2015-05-22,115.51,115.93,115.32,115.6,1776225.0,0.0007791533200587,96.4371,96.5871,96.2571,96.4071,116648.0,-0.0003110835974951
2015-05-26,113.84,114.23,113.7,113.91,5627265.0,0.0006148981026,96.1771,96.1771,95.0371,95.3371,148533.0,-0.0087338877965751
2015-05-27,113.78,114.01,113.63,113.89,2667749.0,0.0009667779926173,95.5471,96.3371,95.2771,96.2571,117918.0,0.0074308901055081
2015-05-28,113.85,114.16,113.21,114.02,5261883.0,0.0014931927975406,96.1571,96.2771,95.5971,95.8871,69369.0,-0.0028079049804954
2015-05-29,114.14,114.48,114.0,114.1,3406658.0,-0.0003504468196951,95.8671,95.8971,94.9571,95.0571,129797.0,-0.0084491968568986
2015-06-01,115.02,115.5,113.9,114.0,8190774.0,-0.0088680229525299,95.3371,95.5871,94.6271,95.3171,86832.0,-0.0002097819212039
2015-06-02,114.36,114.64,114.17,114.46,3985736.0,0.0008744316194473,95.1571,95.7671,94.7571,95.3971,269722.0,0.0025221449581796
2015-06-03,114.13,114.37,113.08,113.64,4885074.0,-0.0042933496889511,95.6471,95.9271,95.2371,95.5371,150156.0,-0.0011500610055087
2015-06-04,112.98,113.15,112.48,112.84,5523677.0,-0.0012391573729863,95.0971,95.3171,94.5071,94.6171,134276.0,-0.0050474725307081
2015-06-05,111.6,112.39,111.56,112.24,5538144.0,0.0057347670250896,94.5571,95.1771,94.0171,94.9971,87488.0,0.0046532729958934
2015-06-08,112.39,112.66,112.13,112.57,3080623.0,0.0016015659756205,94.9271,95.0771,94.1071,94.1571,101758.0,-0.0081114876573707
2015-06-09,113.15,113.23,112.71,112.82,3527850.0,-0.0029164825452939,94.1871,94.3471,93.4471,93.9271,79809.0,-0.0027604629508712
2015-06-10,114.14,114.14,113.69,113.78,5401257.0,-0.0031540213772559,94.3571,95.1771,94.3171,94.9971,114258.0,0.0067827434289523
2015-06-11,113.27,113.41,112.92,113.26,4423442.0,-8.828462964589834e-05,95.3171,95.5471,95.1971,95.4571,95866.0,0.0014687815722467
2015-06-12,113.06,113.5,112.96,113.23,2989606.0,0.0015036263930656,95.0871,95.2871,94.7971,95.0471,79938.0,-0.0004206669464102
2015-06-15,113.28,114.15,113.21,113.73,5054036.0,0.0039724576271186,94.3471,94.5671,93.8571,94.4771,145718.0,0.001377890788376
2015-06-16,113.08,113.45,112.79,113.32,4032473.0,0.0021223912274495,94.1671,95.0871,94.1671,95.0071,75715.0,0.0089203129330731
2015-06-17,113.07,114.04,112.63,113.85,6445533.0,0.0068983815335632,95.3371,95.7471,94.7571,95.5671,170175.0,0.0024124920938437
2015-06-18,115.19,115.61,114.89,115.32,8017571.0,0.0011285701883843,95.9371,97.1171,95.9371,96.7871,148169.0,0.0088599717940191
2015-06-19,115.34,115.46,114.95,115.12,3850718.0,-0.0019074041962892,96.6671,96.7371,96.4071,96.4771,80442.0,-0.0019655084304795
2015-06-22,113.79,113.94,113.34,113.64,5634049.0,-0.0013182177695755,97.1071,97.1171,96.7371,96.9071,97212.0,-0.002059581637182
2015-06-23,112.96,113.17,112.79,112.89,4268973.0,-0.000619688385269,97.0571,97.0871,96.5971,96.8871,109874.0,-0.0017515462547304
2015-06-24,112.48,112.74,112.31,112.59,2974679.0,0.0009779516358463,96.7571,96.8571,95.6571,95.7971,165556.0,-0.0099217525122186
2015-06-25,112.43,112.71,112.32,112.44,2291676.0,8.894423196647606e-05,96.1171,96.1171,95.3971,95.5871,100743.0,-0.0055141072712346
2015-06-26,112.2,112.68,112.13,112.56,4390277.0,0.0032085561497326,95.7071,95.8971,95.0471,95.4271,105329.0,-0.002925592772114
2015-06-29,112.81,113.23,112.53,113.07,5768408.0,0.0023047602162928,94.4371,94.9171,92.8771,92.9571,157725.0,-0.0156718069487521
2015-06-30,112.24,113.05,111.84,112.37,7889484.0,0.0011582323592303,93.8871,94.2071,93.2571,93.7271,112879.0,-0.0017041744819044
2015-07-01,112.12,112.51,111.94,111.98,4367988.0,-0.0012486621476988,94.5071,94.5071,93.6971,94.0771,128077.0,-0.00454992270422
2015-07-02,111.66,111.84,111.41,111.76,3828756.0,0.000895575855275,94.3971,94.3971,93.5571,94.0271,153555.0,-0.003919611937231
2015-07-06,111.71,112.58,111.63,112.06,4228842.0,0.0031331125234984,93.2071,94.3071,92.9771,93.5771,212929.0,0.0039696546722299
2015-07-07,111.08,111.14,110.05,110.76,9061908.0,-0.0028808066258551,93.8971,94.3471,92.2171,94.3271,196472.0,0.0045794811554351
2015-07-08,111.38,111.65,111.08,111.09,5655065.0,-0.002603699048303,93.5371,93.7671,92.0971,92.3471,156655.0,-0.0127222246573819
2015-07-09,111.8,111.93,111.15,111.36,3793760.0,-0.0039355992844364,93.3971,94.1571,92.6371,92.7171,172222.0,-0.0072807399801491
2015-07-10,111.18,111.71,111.03,111.49,3585236.0,0.0027882712718113,93.7671,94.5071,93.4271,94.0771,71684.0,0.0033060636406586
2015-07-13,110.43,111.14,110.36,110.99,4268556.0,0.0050710857556822,94.9071,95.4471,94.8971,95.3871,102154.0,0.0050575773572262
2015-07-14,111.0,111.07,110.63,110.74,2575940.0,-0.0023423423423423,95.4571,96.1171,95.3771,95.8771,129738.0,0.0043998822507702
2015-07-15,110.0,110.19,109.58,110.16,8157625.0,0.0014545454545454,95.9871,95.9871,95.1871,95.3971,82716.0,-0.0061466592906755
2015-07-16,109.67,110.01,109.6,109.76,4221873.0,0.0008206437494301,96.0271,96.0471,95.6671,95.9271,88169.0,-0.0010413726958328
2015-07-17,109.11,109.16,108.4,108.65,13954522.0,-0.0042159288791127,96.0371,96.0371,95.2971,95.5671,121175.0,-0.0048939420286534
2015-07-20,106.6,106.65,105.62,105.7,15437898.0,-0.0084427767354595,95.8071,95.9371,95.4471,95.7271,76179.0,-0.0008350111839311
2015-07-21,105.81,106.32,105.25,105.37,9391119.0,-0.0041583971269256,95.6871,95.8871,95.0071,95.1971,94748.0,-0.005120857461455
2015-07-22,104.39,105.09,104.18,104.8,8288681.0,0.0039275792700449,94.6871,95.4071,94.6871,95.2471,107288.0,0.0059142164032904
2015-07-23,104.98,105.3,104.2,104.33,5691795.0,-0.0061916555534388,95.5571,95.9871,94.8171,94.9771,123288.0,-0.0060696693390654
2015-07-24,103.61,105.59,103.43,105.35,11442726.0,0.0167937457774345,94.8271,94.9971,93.5471,93.8471,213191.0,-0.0103345984428502
2015-07-27,104.94,105.68,104.66,104.86,9330034.0,-0.0007623403849818,93.1971,93.2971,92.5571,92.7171,109254.0,-0.0051503748507196
2015-07-28,105.09,105.33,104.83,105.02,5518565.0,-0.0006660957274717,93.3071,94.1771,92.6671,94.0171,118716.0,0.0076092816087949
2015-07-29,104.93,105.63,104.49,105.17,5613727.0,0.0022872391117887,94.0671,95.0471,93.8071,94.9771,99865.0,0.0096739455133622
2015-07-30,104.03,104.97,103.86,104.27,6591514.0,0.0023070268191867,94.6171,95.1071,94.1071,95.0771,78483.0,0.0048617004748613
2015-07-31,105.41,105.75,104.69,104.93,5852003.0,-0.004553647661512,95.2371,95.6871,95.1271,95.2771,95921.0,0.0004200043890459
2015-08-03,104.59,104.82,104.05,104.09,3516429.0,-0.004780571756382,95.3671,95.3671,94.2871,94.6971,145987.0,-0.0070254836311472
2015-08-04,104.56,104.75,103.95,104.29,3214185.0,-0.0025822494261667,94.9271,95.3371,94.6071,94.9371,108552.0,0.0001053439955503
2015-08-05,104.42,104.5,103.78,103.91,5032977.0,-0.0048841218157441,95.3071,95.9671,95.1971,95.3671,196177.0,0.0006295438639932
2015-08-06,104.15,104.86,104.14,104.37,3893615.0,0.0021123379740758,95.3271,95.3271,93.2471,93.6871,86056.0,-0.0172039220746251
2015-08-07,104.56,105.38,104.55,104.67,4382791.0,0.0010520275439938,93.7471,93.7771,92.9671,93.5771,60730.0,-0.0018133894275129
2015-08-10,105.03,106.27,104.91,105.74,5883979.0,0.0067599733409501,94.3271,95.0171,94.3271,94.8571,84145.0,0.0056187458323217
2015-08-11,106.49,106.63,105.77,106.26,4007277.0,-0.0021598272138227,94.1471,94.4771,93.6171,94.1171,171907.0,-0.0003186502823772
2015-08-12,106.99,107.91,106.93,107.77,10010946.0,0.0072904009720534,93.2971,94.2071,92.3071,94.0871,139917.0,0.0084675729470691
2015-08-13,106.95,107.18,106.71,106.86,4669830.0,-0.0008415147265077,94.1471,94.7071,93.8171,94.2371,90094.0,0.0009559508471318
2015-08-14,107.07,107.41,106.54,106.86,3497579.0,-0.0019613337069206,94.1471,94.7471,94.0471,94.6571,142774.0,0.0054170548004134
2015-08-17,107.37,107.51,107.0,107.13,5705218.0,-0.0022352612461582,94.4571,95.5471,94.0871,95.4871,90279.0,0.0109044211605056
2015-08-18,106.67,107.33,106.31,107.12,4118739.0,0.0042186181681822,95.5071,95.7571,95.1971,95.3371,115067.0,-0.0017799723790167
2015-08-19,107.63,108.67,107.63,108.53,7004766.0,0.0083619808603549,94.9171,95.3071,93.9271,94.5071,135175.0,-0.0043195588571501
2015-08-20,109.81,110.61,109.7,110.42,12053698.0,0.0055550496311811,93.5471,93.7471,91.7271,91.7971,171414.0,-0.0187071539363593
2015-08-21,110.93,111.33,110.12,111.11,13847483.0,0.0016226449112051,90.7071,91.1571,88.6971,88.8071,1651391.0,-0.0209465411197138
2015-08-24,111.54,112.12,109.77,110.5,18001519.0,-0.0093240093240093,84.3271,87.9071,71.6171,84.9771,913199.0,0.0077080796090461
2015-08-25,110.01,110.05,108.72,109.16,9156565.0,-0.0077265703117899,85.8071,88.8971,84.2371,84.5671,278898.0,-0.0144510186220022
2015-08-26,107.72,108.06,107.08,107.7,10717782.0,-0.0001856665428889,86.4371,87.4071,84.4071,87.2671,178345.0,0.0096023582466325
2015-08-27,107.33,108.04,107.11,107.72,8056522.0,0.003633653219044,88.2471,90.1471,88.0571,89.7771,747594.0,0.0173376802183867
2015-08-28,108.17,109.3,108.12,108.67,7510583.0,0.0046223537025053,89.6071,90.3971,89.4171,90.1771,248222.0,0.0063611030822333
2015-08-31,108.19,108.92,108.03,108.83,4253565.0,0.0059155189943617,89.5871,90.1871,88.8971,89.0571,194688.0,-0.0059160303213297
2015-09-01,109.63,109.77,108.94,109.18,7062439.0,-0.0041047158624463,87.9471,87.9471,85.6571,86.1971,238364.0,-0.0198983252432428
2015-09-02,109.01,109.34,108.46,108.61,4095791.0,-0.0036693881295294,87.1471,88.1371,86.4371,88.1071,223204.0,0.0110158570967939
2015-09-03,107.77,108.32,107.56,107.84,3842965.0,0.0006495314094832,88.5071,89.4871,88.0371,88.3771,126735.0,-0.0014688087170407
2015-09-04,107.14,107.56,107.07,107.52,4017898.0,0.0035467612469665,87.3271,87.7971,86.5171,87.0571,164157.0,-0.0030918237294035
2015-09-08,107.6,107.94,107.31,107.52,5828859.0,-0.0007434944237918,88.6371,89.6771,88.1371,89.6171,68795.0,0.0110563184039187
2015-09-09,106.64,106.71,105.48,106.12,8800619.0,-0.0048762190547636,90.4971,90.5771,88.0871,88.2771,151689.0,-0.0245311728221125
2015-09-10,106.61,106.69,106.18,106.38,5409861.0,-0.002157396116687,88.0171,89.3071,88.0171,88.5571,142861.0,0.0061351714610002
2015-09-11,105.65,106.2,105.27,106.14,4023219.0,0.0046379555134878,88.2271,89.1171,87.8771,89.0271,100090.0,0.009067508735978
2015-09-14,105.86,106.39,105.78,106.22,2349608.0,0.0034007179293406,89.2971,89.2971,88.3771,88.6771,82626.0,-0.0069431146140244
2015-09-15,105.83,106.06,105.68,105.9,2896382.0,0.0006614381555325,88.9571,89.9871,88.5971,89.8171,131267.0,0.0096675813397693
2015-09-16,106.6,107.71,106.56,107.3,5238260.0,0.0065666041275797,89.7471,90.7871,89.6271,90.6771,120002.0,0.0103624518229557
2015-09-17,107.07,108.58,106.96,108.41,6809141.0,0.0125151769870178,90.6571,92.2571,90.6271,90.7171,120943.0,0.0006618345391591
2015-09-18,109.1,109.38,108.82,109.19,6759442.0,0.0008249312557287,89.6071,90.4571,89.1071,89.2071,219644.0,-0.0044639319875323
2015-09-21,108.49,108.66,108.32,108.53,4069243.0,0.0003686975758134,89.6371,90.7371,89.0171,89.5071,95111.0,-0.0014502923454686
2015-09-22,107.58,107.96,107.44,107.79,5470769.0,0.001952035694367,88.3171,88.3671,87.1971,87.8871,114863.0,-0.0048688192886767
2015-09-23,108.54,108.64,108.2,108.22,2730372.0,-0.0029482218536945,88.0851,88.2451,87.2651,87.5551,61725.0,-0.0060169086485682
2015-09-24,109.67,110.82,109.63,110.49,9101342.0,0.0074769763836964,86.9951,87.0351,85.7051,86.7651,156265.0,-0.0026438270661219
2015-09-25,109.87,110.03,109.55,109.81,4987797.0,-0.0005460999362883,87.6051,87.6751,85.8151,86.4851,111969.0,-0.0127846438163987
2015-09-28,108.37,108.91,108.27,108.42,3794990.0,0.0004613823013748,86.0551,86.0551,82.9151,83.2151,582624.0,-0.0330021114379041
2015-09-29,108.24,108.69,107.88,107.98,3984648.0,-0.0024020694752401,83.3451,84.0851,82.3551,82.9051,1573928.0,-0.0052792545692547
2015-09-30,106.78,107.07,106.47,106.86,7247837.0,0.000749203970781,84.0151,84.9351,83.4851,84.8651,144515.0,0.0101172289267047
2015-10-01,106.98,107.21,106.63,106.73,4232255.0,-0.00233688539914,84.9351,85.1651,83.9751,85.1351,268418.0,0.0023547390890219
2015-10-02,108.54,109.32,108.54,108.99,7714221.0,0.0041459369817577,83.9651,86.7551,83.6751,86.7151,141944.0,0.0327517027908023
2015-10-05,109.14,109.38,108.46,108.77,5478327.0,-0.0033901411031702,87.3951,88.3151,87.3951,88.1951,107295.0,0.0091538312788702
2015-10-06,109.8,110.26,109.63,109.86,7457616.0,0.0005464480874317,88.0351,88.2551,86.5451,87.0851,130842.0,-0.0107911503479862
2015-10-07,109.75,110.14,109.34,109.7,5355239.0,-0.0004555808656036,87.7251,88.2451,86.9651,88.2251,112397.0,0.0056996230269329
2015-10-08,109.16,110.27,109.06,109.14,4934053.0,-0.0001832172957126,87.9351,89.1151,87.5951,88.9551,77825.0,0.0115994636953843
2015-10-09,110.54,111.05,110.23,110.87,6867382.0,0.002985344671612,89.0251,89.3951,88.7451,89.3751,90482.0,0.0039314755052227
2015-10-12,111.67,111.73,111.01,111.31,5615037.0,-0.0032237843646458,89.4551,89.5251,88.9751,89.3351,89687.0,-0.0013414550987031
2015-10-13,111.36,111.87,111.28,111.86,4729738.0,0.0044899425287356,88.8251,89.7051,88.1851,88.2351,94784.0,-0.0066422666566094
2015-10-14,112.63,113.95,112.3,113.81,9676366.0,0.0104767823847998,88.4551,88.8251,87.5851,87.7951,96750.0,-0.0074614126262928
2015-10-15,113.2,113.99,112.94,113.31,13733746.0,0.0009717314487632,88.0151,89.3651,87.8351,89.3651,87377.0,0.0153382771819834
2015-10-16,113.24,113.44,112.43,112.49,6630750.0,-0.006623101377605,89.6151,89.6151,88.7151,89.2951,91303.0,-0.0035708267914669
2015-10-19,112.64,112.69,111.89,112.02,3935360.0,-0.0055042613636364,88.8351,89.7151,88.8151,89.4251,93541.0,0.0066415189491541
2015-10-20,112.38,113.09,112.38,112.73,4888063.0,0.0031144331731625,89.3251,89.8451,89.0251,89.3651,266687.0,0.0004478024653763
2015-10-21,112.37,112.37,111.41,111.73,3890582.0,-0.0056954703212601,89.6251,89.6951,88.2151,88.3351,57176.0,-0.0143932893798724
2015-10-22,111.52,112.21,111.43,111.69,3429765.0,0.0015243902439024,88.7551,89.6251,88.4751,89.4551,118384.0,0.0078868707263019
2015-10-23,111.81,111.84,110.96,111.5,4742130.0,-0.0027725605938646,90.1951,90.1951,88.8051,89.4051,145567.0,-0.0087587906660117
2015-10-26,111.73,111.98,111.33,111.43,2570212.0,-0.0026850443032309,89.3451,89.5951,89.1251,89.4451,78702.0,0.0011192555607413
2015-10-27,111.31,111.81,111.29,111.68,2644025.0,0.0033240499505884,89.1051,89.2851,88.4951,89.1251,87980.0,0.0002244540435958
2015-10-28,112.68,113.25,110.31,110.75,8128446.0,-0.017128150514732,89.2351,90.2551,88.7651,90.2251,349819.0,0.0110942891306223
2015-10-29,110.23,110.6,109.66,109.72,5146910.0,-0.0046266896489159,90.1051,90.3051,89.7551,90.2451,131619.0,0.0015537411311901
2015-10-30,109.5,109.58,109.06,109.3,5511607.0,-0.0018264840182648,90.3351,90.8251,89.9951,90.3151,170649.0,-0.0002213978841003
2015-11-02,108.64,108.84,108.46,108.59,5831168.0,-0.0004602356406479,90.4451,91.6351,90.4451,91.5351,115988.0,0.0120515097003597
2015-11-03,107.79,107.81,106.68,106.98,7083667.0,-0.0075146117450598,91.3951,91.8751,90.8851,91.5251,169609.0,0.0014223957301867
2015-11-04,107.02,107.09,105.92,105.97,7366358.0,-0.0098112502336011,91.7451,91.7451,90.9551,91.3751,139423.0,-0.0040329129294097
2015-11-05,106.01,106.1,105.58,105.64,5924922.0,-0.003490236770116,91.3651,91.4751,90.4851,91.2951,259636.0,-0.0007661568804717
2015-11-06,104.17,104.42,104.02,104.1,8822009.0,-0.0006719784966881,91.0951,91.5451,90.4751,91.0251,85116.0,-0.0007684277200421
2015-11-09,104.29,104.58,104.19,104.4,3902795.0,0.0010547511746092,90.9351,90.9351,89.4151,90.0651,119397.0,-0.0095672628061112
2015-11-10,104.09,104.65,103.87,104.18,4428165.0,0.00086463637237,89.8151,90.4751,89.7651,90.4651,84872.0,0.0072370904224345
2015-11-11,104.09,104.23,103.78,103.83,3312442.0,-0.0024978384090691,90.7451,90.8551,89.7151,89.7251,162551.0,-0.0112402763344797
2015-11-12,103.09,104.32,103.04,103.85,6297410.0,0.0073721990493742,89.0751,89.4751,88.0551,88.0551,114750.0,-0.0114510115621538
2015-11-13,103.54,103.74,103.45,103.56,3178155.0,0.0001931620629707,87.6151,87.6651,86.5351,86.5951,101658.0,-0.0116418288628329
2015-11-16,103.98,104.03,103.51,103.71,2949509.0,-0.002596653202539,86.3251,87.8451,86.3251,87.8451,146517.0,0.0176078568110549
2015-11-17,103.38,103.4,101.98,102.34,8591823.0,-0.0100599729154574,88.0651,88.5951,87.6851,87.8951,168534.0,-0.0019303901318456
2015-11-18,102.39,102.95,102.04,102.43,5039480.0,0.0003906631506983,88.1951,89.4451,87.9851,89.3451,89369.0,0.0130392731568988
2015-11-19,103.07,104.09,103.07,103.56,4853529.0,0.0047540506451926,89.3151,89.5951,89.1651,89.3551,122888.0,0.0004478526027512
2015-11-20,103.58,103.66,102.97,103.09,5780943.0,-0.0047306429812704,89.7951,90.1651,89.5451,89.7251,129520.0,-0.000779552559104
2015-11-23,102.48,102.75,102.16,102.26,4041221.0,-0.0021467603434816,89.8351,90.3151,89.6651,89.9151,143837.0,0.0008905205203756
2015-11-24,103.12,103.25,102.69,102.94,3479351.0,-0.0017455391776571,89.5351,90.4551,89.1451,90.2051,130320.0,0.00748309880706
2015-11-25,102.47,102.69,102.21,102.46,2929344.0,-9.75895384015333e-05,90.2551,90.8751,90.2351,90.7351,140620.0,0.0053182590235898
2015-11-27,101.01,101.62,100.99,101.25,4993453.0,0.0023760023760023,90.7651,90.9451,90.4951,90.8751,53482.0,0.0012119195593901
2015-11-30,101.53,102.38,101.52,101.92,6380688.0,0.0038412291933418,91.1151,91.1151,90.1951,90.2851,107255.0,-0.0091093572854554
2015-12-01,102.3,102.43,101.81,102.28,4644136.0,-0.0001955034213098,90.7951,91.2551,90.5251,91.2451,366519.0,0.0049562145974836
2015-12-02,101.35,101.35,100.53,100.69,10205348.0,-0.0065120868278243,91.1651,91.2651,89.9951,90.1351,239992.0,-0.0112981831863289
2015-12-03,101.23,101.97,100.84,101.76,6497395.0,0.0052356020942408,90.5051,90.5151,87.9051,88.3851,167373.0,-0.0234240943328056
2015-12-04,102.74,104.21,102.65,104.02,10464099.0,0.0124586334436441,88.5751,90.1551,88.4951,90.0851,149801.0,0.0170476804429234
2015-12-07,103.32,103.37,102.5,102.67,4373688.0,-0.0062911343399147,89.9451,90.0151,88.9251,89.4151,357621.0,-0.0058924833037041
2015-12-08,103.13,103.26,102.53,102.84,3391930.0,-0.0028119848734606,88.5351,89.5651,88.4251,89.2751,117089.0,0.0083582669472333
2015-12-09,103.63,103.66,102.32,102.64,6013825.0,-0.0095532181800636,88.8951,89.8751,87.7051,88.1451,121782.0,-0.0084369104708808
2015-12-10,102.51,102.82,102.34,102.55,3836639.0,0.0003902058335771,88.1751,88.9351,87.9751,88.3451,133574.0,0.0019279819359433
2015-12-11,101.91,103.32,101.85,103.11,6767965.0,0.0117750956726523,87.3651,87.5851,86.0851,86.3051,178042.0,-0.0121329913203327
2015-12-14,102.58,102.72,101.74,101.79,5536914.0,-0.0077013062975238,86.4351,86.7751,85.0851,86.4651,256237.0,0.0003470812204764
2015-12-15,101.71,102.06,101.41,101.52,6828940.0,-0.0018680562383246,86.9851,87.5951,86.8051,87.2551,214962.0,0.0031039798770133
2015-12-16,102.59,103.2,101.66,102.75,8153978.0,0.0015596061994346,87.8751,88.9751,87.2551,88.7651,173198.0,0.0101280112341266
2015-12-17,100.92,100.99,100.23,100.5,10124410.0,-0.0041617122473246,88.9951,89.0751,87.1651,87.1651,232986.0,-0.0205629298691725
2015-12-18,101.35,102.53,101.3,102.04,7737825.0,0.0068080907745437,86.8551,86.8551,85.7351,85.7351,243446.0,-0.0128950401300555
2015-12-21,102.95,103.52,102.83,103.15,5875164.0,0.0019426906265177,86.3751,86.6251,85.7851,86.4351,357049.0,0.0006946446371697
2015-12-22,103.09,103.2,102.56,102.61,4121568.0,-0.0046561257153943,86.9251,87.3451,86.2951,87.1051,228862.0,0.0020707482648854
2015-12-23,102.4,102.59,102.21,102.31,2808555.0,-0.00087890625,87.7201,88.4801,87.4101,88.4801,203667.0,0.0086639208117636
2015-12-24,102.82,103.05,102.77,103.05,1710153.0,0.002236918887376,88.3801,88.6101,88.1101,88.2901,53989.0,-0.0010183287866839
2015-12-28,102.48,102.59,102.03,102.27,3356133.0,-0.0020491803278689,87.8101,88.2401,87.3801,88.2401,135944.0,0.004896930990854
2015-12-29,102.52,102.58,102.11,102.2,2831582.0,-0.0031213421771361,88.8201,89.2501,88.6701,89.1101,188387.0,0.0032650267225549
2015-12-30,101.47,101.6,101.34,101.42,3744445.0,-0.0004927564797476,88.9701,89.0501,88.3001,88.3301,198830.0,-0.0071934279044308
2015-12-31,101.48,101.72,101.31,101.46,3822887.0,-0.0001970831690974,87.8601,88.6701,87.6601,87.6601,255304.0,-0.0022763461457476
2016-01-04,103.13,103.67,102.48,102.89,6319555.0,-0.0023271598952777,86.1201,86.2101,85.1201,86.2101,410783.0,0.0010450522003574
2016-01-05,103.13,103.46,102.93,103.18,3496562.0,0.0004848249781829,86.3601,86.6301,85.8301,86.3101,170720.0,-0.0005789710757629
2016-01-06,104.37,104.8,103.93,104.67,9162151.0,0.0028743891922966,84.9201,85.2901,83.9401,84.5401,193537.0,-0.0044747945421638
2016-01-07,105.83,106.23,105.19,106.15,11680152.0,0.0030237172824341,82.8501,83.9701,82.1601,82.3301,257266.0,-0.0062763955625882
2016-01-08,105.48,105.8,105.04,105.68,7317505.0,0.0018960940462647,82.9801,83.1401,81.2201,81.3601,212019.0,-0.0195227530456096
2016-01-11,105.47,105.56,104.71,104.74,5910052.0,-0.0069213994500806,81.8101,81.9501,79.7901,80.7601,277913.0,-0.0128346011067094
2016-01-12,104.09,104.59,103.65,104.21,5537002.0,0.0011528484964933,81.7401,82.2601,80.0201,81.4301,165677.0,-0.0037925082058867
2016-01-13,103.89,104.82,103.78,104.72,6820813.0,0.0079892193666377,81.7201,81.8801,78.1501,78.4501,185954.0,-0.0400146353222768
2016-01-14,103.75,104.18,102.5,103.02,9988880.0,-0.0070361445783132,78.9401,80.1001,77.2201,79.4501,215788.0,0.0064605948054284
2016-01-15,104.92,104.96,103.96,104.08,10042922.0,-0.0080060998856271,76.9101,78.0801,76.4201,77.9001,281279.0,0.0128721715353379
2016-01-19,104.06,104.45,103.65,103.98,4587973.0,-0.0007687872381318,78.7801,78.8901,76.4701,77.3501,407554.0,-0.018151792140401
2016-01-20,105.17,106.16,104.94,105.37,10100314.0,0.0019016829894456,75.9601,77.8301,73.7501,76.9601,511449.0,0.0131648062601286
2016-01-21,104.99,105.49,104.51,105.49,5424168.0,0.0047623583198399,77.0601,78.3301,76.3601,77.2601,268551.0,0.0025953768552076
2016-01-22,104.93,105.51,104.76,105.0,4173585.0,0.000667111407605,78.6501,79.5901,78.5001,79.4101,577444.0,0.0096630519223752
2016-01-25,105.76,106.09,105.6,106.08,6809704.0,0.0030257186081693,78.9301,79.1801,77.8001,77.8601,195874.0,-0.0135562985477022
2016-01-26,106.32,107.43,106.25,107.29,8438266.0,0.0091234010534237,78.2901,79.3801,77.9901,79.3501,170100.0,0.0135393874832194
2016-01-27,106.86,107.93,106.65,107.69,8271115.0,0.0077671720007486,78.9201,79.7101,77.4001,77.9301,137383.0,-0.0125443328125535
2016-01-28,106.55,106.86,106.48,106.54,5913512.0,-9.385265133731492e-05,78.5901,78.5901,76.7301,77.1601,254748.0,-0.0181956760457106
2016-01-29,106.61,107.0,106.26,106.95,8098622.0,0.0031891942594503,77.6001,79.7701,77.6001,79.7701,311359.0,0.0279638814898434
2016-02-01,107.54,108.15,107.53,108.05,10471237.0,0.0047424214245861,79.0701,80.3501,78.7701,79.9701,267125.0,0.0113823050685405
2016-02-02,107.92,108.18,107.35,108.09,6654183.0,0.0015752409191994,79.1501,79.1501,77.4301,77.7101,292675.0,-0.0181932808676173
2016-02-03,107.91,109.58,107.9,109.25,15783138.0,0.0124177555370216,78.4201,78.5201,76.2101,78.1601,217423.0,-0.0033154765168624
2016-02-04,110.45,110.7,109.92,110.57,13208481.0,0.001086464463558,78.0101,79.4001,77.9301,78.8301,156289.0,0.0105114594135888
2016-02-05,109.79,112.35,109.58,112.32,14769720.0,0.0230439930776936,78.2001,78.2001,75.8001,76.0501,200952.0,-0.0274935709800883
2016-02-08,113.67,114.87,113.39,113.83,28322561.0,0.0014075833553267,74.9301,74.9401,72.2001,73.4701,402370.0,-0.0194848265249878
2016-02-09,114.43,114.69,113.55,113.58,18154408.0,-0.0074281219959801,72.4801,74.2801,72.2101,73.2901,241413.0,0.0111754812700313
2016-02-10,113.92,114.52,112.98,114.46,13277696.0,0.0047401685393257,73.9801,75.4701,73.9201,74.0601,346335.0,0.0010813718824388
2016-02-11,118.59,120.84,117.77,119.06,49089653.0,0.0039632346740871,72.6501,73.6101,72.1201,73.1101,304572.0,0.0063317187450534
2016-02-12,118.12,118.74,117.88,118.36,16975771.0,0.0020318320352183,73.9201,75.0901,73.2701,75.0401,220918.0,0.0151514946543631
2016-02-16,116.0,116.31,114.74,114.77,14588338.0,-0.0106034482758621,76.1601,77.2101,75.7401,77.0901,188737.0,0.0122111184202752
2016-02-17,115.47,116.07,114.89,115.48,10578598.0,8.660258075695087e-05,77.7201,79.3101,77.7201,79.1301,180916.0,0.0181420250359945
2016-02-18,115.3,118.59,115.29,118.29,13580305.0,0.0259323503902862,79.1901,79.1901,78.1601,78.4401,173030.0,-0.0094708808298006
2016-02-19,117.26,117.96,117.1,117.58,15191828.0,0.0027289783387343,77.9001,78.7501,77.5101,78.7201,200160.0,0.0105263022768906
2016-02-22,115.44,116.19,115.41,115.49,10675747.0,0.0004331254331254,79.6001,80.4001,79.6001,80.1701,154937.0,0.0071607950241269
2016-02-23,116.68,117.42,116.52,117.22,9020566.0,0.0046280425094274,79.7701,80.0601,78.9401,79.0401,147267.0,-0.0091512985441914
2016-02-24,119.0,119.86,117.35,117.61,17933653.0,-0.0116806722689075,78.1901,79.8101,77.6101,79.6901,125515.0,0.0191840143445269
2016-02-25,117.62,118.91,117.54,117.92,12493542.0,0.002550586634926,79.9201,80.7501,79.5101,80.7301,86253.0,0.0101351224535503
2016-02-26,117.43,117.72,115.86,117.11,12499376.0,-0.0027250276760623,81.4501,81.6301,80.9701,81.4201,137645.0,-0.0003683236730219
2016-02-29,117.59,118.7,117.53,118.64,11514773.0,0.0089293307254017,81.4701,81.9201,80.7301,80.7301,116657.0,-0.0090830869239145
2016-03-01,118.74,119.11,117.34,117.77,14131031.0,-0.0081691089775981,81.5201,83.2801,81.1601,83.2801,135365.0,0.0215897674315905
2016-03-02,118.34,118.97,118.07,118.68,8889466.0,0.0028730775730945,83.0501,83.5901,82.6501,83.5601,129693.0,0.006140871594375
2016-03-03,118.86,121.3,118.81,120.73,18709074.0,0.0157327948847383,83.4801,84.3101,83.2601,84.3101,76928.0,0.0099424892878663
2016-03-04,121.13,122.37,120.22,120.54,16256809.0,-0.0048707999669775,84.3901,85.0701,84.0201,84.4901,166937.0,0.0011849731188847
2016-03-07,121.18,121.58,120.41,121.14,9347716.0,-0.0003300874731804,84.0501,85.1501,83.8701,84.8501,118971.0,0.0095181326375578
2016-03-08,121.79,121.88,120.47,120.58,11523736.0,-0.0099351342474752,84.3501,84.3501,83.1501,83.2501,84735.0,-0.0130408855472606
2016-03-09,119.2,120.39,118.84,119.58,8669178.0,0.0031879194630872,83.7101,83.7101,83.0201,83.6501,102504.0,-0.0007167593874574
2016-03-10,120.5,121.76,120.42,121.5,18100921.0,0.0082987551867219,84.0101,84.6301,82.6001,83.6601,95336.0,-0.0041661657348341
2016-03-11,121.19,121.38,119.36,119.41,10808339.0,-0.0146876805016915,84.6601,85.7801,84.6601,85.7301,78549.0,0.0126387755270782
2016-03-14,120.27,120.31,117.5,117.87,14221516.0,-0.0199551010226988,85.3801,85.6801,85.1301,85.5501,94138.0,0.0019910962859027
2016-03-15,117.78,118.04,117.36,117.96,9936510.0,0.0015282730514517,84.9631,85.0231,84.5531,84.9631,90095.0,0.0
2016-03-16,117.42,120.76,117.34,120.59,17315431.0,0.0269971044115142,84.6331,85.8631,84.4231,85.7231,73798.0,0.0128791217620529
2016-03-17,121.16,121.18,120.03,120.13,9910155.0,-0.0085011554968636,85.6531,86.5231,85.2931,86.2231,193968.0,0.0066547503826482
2016-03-18,119.59,120.34,119.51,119.8,9452298.0,0.0017559996655238,86.5831,87.0431,86.3931,86.8431,83380.0,0.0030028954842227
2016-03-21,119.0,119.33,118.73,118.96,7238962.0,-0.0003361344537815,86.6531,86.8931,86.3731,86.7831,205272.0,0.0015002348444546
2016-03-22,119.73,120.16,118.96,119.31,6785348.0,-0.0035078927587071,86.2931,87.1431,86.2931,86.9231,109731.0,0.0073006995924356
2016-03-23,116.74,117.12,116.16,116.61,15985972.0,-0.0011135857461024,86.6831,86.7031,85.9931,86.0131,283336.0,-0.0077293036358875
2016-03-24,116.77,116.94,116.3,116.33,6279007.0,-0.0037680911192943,85.4631,85.9831,85.1631,85.9631,89475.0,0.0058504781595799
2016-03-28,116.73,116.91,116.27,116.6,3876070.0,-0.0011136811445216,86.2031,86.4531,85.7531,86.2431,94015.0,0.0004640204354598
2016-03-29,117.36,118.81,116.8,118.76,14464282.0,0.0119291070211316,86.0031,87.6431,85.8931,87.6431,110711.0,0.019069080068044
2016-03-30,117.88,118.2,116.91,117.1,10756183.0,-0.006616898540889,88.1131,88.4131,87.6531,87.9031,99918.0,-0.0023833005534932
2016-03-31,118.16,118.39,117.6,117.64,9338428.0,-0.0044008124576844,87.9431,88.5231,87.8031,88.3731,290251.0,0.004889525158881
2016-04-01,116.08,116.98,115.55,116.93,10397616.0,0.0073225361819435,87.6831,88.9731,87.2931,88.8931,100941.0,0.0137996945819662
2016-04-04,116.67,116.73,116.07,116.15,7637855.0,-0.0044570155138424,89.0031,89.1631,88.3431,88.4331,85512.0,-0.0064042713118982
2016-04-05,117.76,117.93,117.15,117.66,8857909.0,-0.0008491847826087,87.6831,87.9331,87.3431,87.4631,108064.0,-0.0025090353785392
2016-04-06,116.7,117.38,116.26,116.94,7548780.0,0.0020565552699228,87.5431,88.8131,87.3631,88.7931,90896.0,0.0142786810154084
2016-04-07,118.65,118.85,115.0,118.61,11897125.0,-0.0003371260008428,88.2431,88.4631,87.0431,87.5331,135031.0,-0.0080459548678592
2016-04-08,118.07,118.77,117.98,118.43,9077678.0,0.0030490387058525,88.2731,88.3931,87.5731,87.8731,82103.0,-0.0045313917830007
2016-04-11,119.47,120.3,119.42,120.03,9830884.0,0.0046873692140286,88.3931,88.5631,87.1931,87.2231,78240.0,-0.0132363272698887
2016-04-12,120.23,120.34,119.55,120.05,9685272.0,-0.0014971304998752,87.3731,87.9731,86.7731,87.8431,102634.0,0.0053792299918397
2016-04-13,119.37,119.43,118.56,118.77,8832369.0,-0.0050263885398342,88.4031,89.3031,88.2931,89.3031,117641.0,0.0101806384617734
2016-04-14,118.09,118.18,116.95,117.11,13156088.0,-0.008298755186722,89.1931,89.2731,88.7831,88.9931,104097.0,-0.0022423259198301
2016-04-15,117.33,118.12,117.19,117.92,7831564.0,0.0050285519474985,88.8631,89.2231,88.7431,89.1831,98477.0,0.0036010447531089
2016-04-18,118.53,118.56,117.63,117.74,5799600.0,-0.0066649793301274,88.6631,89.7731,88.6431,89.7131,61724.0,0.0118425816376823
2016-04-19,119.87,120.09,119.37,119.58,21022305.0,-0.002419287561525,90.0931,90.1031,89.1831,89.6831,68089.0,-0.0045508479561699
2016-04-20,119.67,120.08,118.72,118.97,10229041.0,-0.0058494192362329,89.7731,90.2631,89.2531,89.8731,99126.0,0.0011139194257521
2016-04-21,120.42,120.55,119.13,119.43,14600559.0,-0.0082212257100149,90.1131,90.2231,89.4231,89.5831,106444.0,-0.0058814978066452
2016-04-22,118.71,119.02,117.28,117.89,10044012.0,-0.0069075899250273,89.6631,90.0131,89.1931,89.8231,102749.0,0.0017844575973839
2016-04-25,118.14,118.71,118.11,118.23,4366144.0,0.0007618080243778,89.5931,89.7131,89.2631,89.5631,86308.0,-0.0003348472147966
2016-04-26,118.79,118.89,118.45,118.7,9903979.0,-0.0007576395319471,89.8731,90.2431,89.6331,90.2031,81318.0,0.0036718439666597
2016-04-27,118.97,119.7,118.43,119.04,7967623.0,0.0005883836261242,90.1531,90.7331,89.7931,90.6331,103078.0,0.0053242761480193
2016-04-28,119.92,121.42,119.73,121.29,15125008.0,0.0114242828552368,90.0631,90.7731,89.0731,89.2731,86809.0,-0.0087716278920002
2016-04-29,122.43,123.93,122.34,123.65,19034743.0,0.0099648778894061,88.7231,88.8731,87.5031,88.3831,115324.0,-0.0038321474339828
2016-05-02,123.78,123.96,123.04,123.24,12132901.0,-0.0043625787687833,88.6531,89.3131,88.3831,89.2531,87059.0,0.0067679528409047
2016-05-03,123.73,123.82,122.51,122.96,9062136.0,-0.0062232279964439,88.4131,88.5431,87.6131,88.0931,250810.0,-0.0036193731471919
2016-05-04,122.85,123.23,121.51,122.21,9379892.0,-0.0052096052096052,87.5631,87.9531,87.1631,87.4431,86308.0,-0.0013704402882036
2016-05-05,122.63,122.73,121.25,122.07,8834627.0,-0.0045665824023485,87.7431,88.0031,87.4631,87.5331,74854.0,-0.0023933505882513
2016-05-06,122.83,123.8,122.58,123.18,11365923.0,0.0028494667426525,87.1831,88.0231,86.8731,87.9631,69236.0,0.0089466880622506
2016-05-09,121.2,121.28,120.59,120.65,9223248.0,-0.0045379537953795,87.8731,88.7831,87.8731,88.4231,71435.0,0.0062590257997044
2016-05-10,120.74,121.38,120.08,120.98,9841981.0,0.0019877422560875,88.8031,89.6431,88.6331,89.6331,76195.0,0.009346520560656
2016-05-11,121.85,122.16,121.38,122.12,7576728.0,0.0022158391464916,89.3931,89.4631,88.3831,88.3931,62242.0,-0.0111865457177343
2016-05-12,122.02,122.39,121.0,121.16,7441897.0,-0.0070480249139485,88.8031,88.8031,87.5631,88.2231,92876.0,-0.0065313035243138
2016-05-13,121.09,121.86,120.66,121.71,7667955.0,0.0051201585597488,87.9731,88.3331,87.2031,87.3731,63661.0,-0.0068202666496918
2016-05-16,122.93,122.97,121.38,121.8,7092963.0,-0.0091922232164647,87.6031,88.6231,87.5231,88.4031,96720.0,0.0091320969235106
2016-05-17,121.58,122.52,121.48,122.22,8601519.0,0.0052640236881066,88.0831,88.5331,87.2331,87.5931,60429.0,-0.0055629286435195
2016-05-18,121.22,121.92,119.88,120.1,13375419.0,-0.0092393994390365,87.2731,88.0231,86.5731,87.3931,76834.0,0.0013749941276292
2016-05-19,119.0,119.97,118.92,119.87,13914077.0,0.0073109243697479,86.7431,87.3131,86.2631,86.8631,128029.0,0.0013833953363438
2016-05-20,120.19,120.32,119.31,119.71,10372708.0,-0.0039936766785922,87.3731,87.9431,87.2831,87.8831,54248.0,0.0058370367996557
2016-05-23,118.86,119.6,118.75,119.37,8618145.0,0.0042907622412923,87.9031,88.2431,87.8131,87.8731,189750.0,-0.0003412848921141
2016-05-24,118.17,118.23,117.25,117.3,12758594.0,-0.0073622746890074,88.3431,89.5831,88.3431,89.4731,72612.0,0.0127910385757347
2016-05-25,116.59,117.06,116.32,116.98,10493596.0,0.0033450553220687,89.6931,90.0831,89.4731,89.9031,81062.0,0.0023413172250707
2016-05-26,117.57,117.63,116.39,116.58,5886269.0,-0.0084205154376115,90.1031,90.2531,89.8631,89.9631,81743.0,-0.0015537756192628
2016-05-27,116.27,116.36,115.29,115.62,8685937.0,-0.0055904360540121,90.1131,90.5531,90.0431,90.5531,52655.0,0.0048827528960827
2016-05-31,115.76,116.4,115.5,116.06,8180687.0,0.0025915687629578,90.8731,90.8731,90.3031,90.6931,88269.0,-0.0019807841924617
2016-06-01,115.97,116.13,115.2,115.94,8391609.0,-0.0002586875916185,90.2931,90.8831,90.1331,90.8831,74560.0,0.0065342755980246
2016-06-02,115.78,115.97,115.58,115.67,4583561.0,-0.0009500777336327,90.6531,91.5531,90.5331,91.5531,59694.0,0.0099279561316712
2016-06-03,118.25,118.89,118.23,118.88,14584594.0,0.0053276955602536,91.3031,91.3031,90.3431,90.9331,50255.0,-0.0040524363356775
2016-06-06,118.89,119.17,118.45,118.92,9861954.0,0.0002523340903356,91.0831,91.5231,90.7831,91.3531,190102.0,0.0029643259836346
2016-06-07,118.5,119.02,118.41,118.82,4602587.0,0.0027004219409282,91.4131,92.0931,91.2831,91.9431,60564.0,0.0057978561059629
2016-06-08,120.3,120.78,120.23,120.58,11647534.0,0.0023275145469659,91.9331,92.3131,91.8231,92.2231,49828.0,0.0031544677597079
2016-06-09,120.61,121.48,120.55,121.25,12158367.0,0.0053063593400215,91.8231,92.0431,91.6931,91.9431,59027.0,0.0013068606919174
2016-06-10,121.55,122.1,121.17,121.74,13939140.0,0.0015631427396133,91.1031,91.1031,89.9731,90.2531,83940.0,-0.0093300886577953
2016-06-13,122.8,122.83,122.03,122.64,12588985.0,-0.0013029315960911,89.9031,90.5331,89.3131,89.3331,56657.0,-0.0063401595718055
2016-06-14,123.0,123.06,122.3,122.77,11637490.0,-0.001869918699187,89.1141,89.3441,88.5341,89.1441,61651.0,0.000336647062586
2016-06-15,122.52,123.87,122.38,123.68,15037967.0,0.0094678419849821,89.3441,89.9241,89.1941,89.2541,66963.0,-0.0010073412793906
2016-06-16,125.17,125.67,122.23,122.38,26618587.0,-0.0222896860270033,88.7941,89.2941,88.0641,89.2141,78050.0,0.0047300440006712
2016-06-17,123.26,124.1,122.69,123.95,15566946.0,0.0055979230894044,89.2841,89.3041,88.7141,89.1441,74022.0,-0.0015680283499525
2016-06-20,122.26,123.33,122.13,123.21,11859299.0,0.0077703255357434,90.4341,90.9841,90.0941,90.2041,163782.0,-0.0025432884277059
2016-06-21,121.65,121.86,120.77,120.84,14581045.0,-0.0066584463625154,90.3741,90.4641,90.0141,90.2541,67094.0,-0.00132781405292
2016-06-22,120.83,121.25,120.68,120.9,7856920.0,0.0005793263262435,90.3741,90.8241,89.9841,90.0441,88940.0,-0.00365148864553
2016-06-23,120.48,121.03,120.06,120.11,10683602.0,-0.0030710491367862,90.9241,91.6041,90.8141,91.6041,73088.0,0.0074787652558563
2016-06-24,126.62,126.82,125.0,126.0,35767704.0,-0.0048965408308324,87.5841,89.4041,87.3641,87.5341,182989.0,-0.0005708798743152
2016-06-27,126.44,126.84,126.44,126.8,2258482.0,0.0028472002530844,86.4441,86.4841,86.0141,86.1041,16896.0,-0.003933177625772
2016-06-28,125.56,126.02,125.06,125.32,15996295.0,-0.0019114367633004,86.0541,87.0041,85.7941,86.9841,101042.0,0.0108071550338681
2016-06-29,125.91,126.81,125.7,125.84,12211886.0,-0.0005559526646016,88.0141,89.0341,87.9641,88.8641,116014.0,0.0096575435072334
2016-06-30,125.95,126.52,125.5,126.47,15965344.0,0.0041286224692337,89.0341,90.1541,88.5541,90.1541,123336.0,0.0125794498961634
2016-07-01,127.66,128.42,127.44,128.41,14938396.0,0.0058749804167319,90.0841,90.8741,89.7541,90.5641,122028.0,0.0053283542822761
2016-07-05,128.8,129.59,128.17,129.47,18951208.0,0.0052018633540371,90.0741,90.0841,88.9041,89.4941,383715.0,-0.0064391428834703
2016-07-06,130.5,131.15,129.82,130.23,17374351.0,-0.0020689655172414,89.1041,90.1841,88.9741,90.1341,69297.0,0.0115595129741504
2016-07-07,129.82,130.12,128.98,129.74,16505027.0,-0.0006162378678168,90.3241,90.7641,89.9841,90.3841,90908.0,0.000664274540239
2016-07-08,129.85,130.52,128.97,130.52,17633368.0,0.0051597997689643,91.1941,92.6641,91.1641,92.4741,106704.0,0.014035995749725
2016-07-11,129.49,129.89,129.16,129.29,10817406.0,-0.001544520812418,92.9641,93.2341,92.7941,92.8841,478468.0,-0.0008605472435058
2016-07-12,128.52,128.54,126.99,127.15,26447867.0,-0.0106598194833489,93.4741,94.1041,93.3241,93.8241,334158.0,0.0037443527137463
2016-07-13,128.0,128.43,127.61,128.32,7375052.0,0.0024999999999999,94.2441,94.2541,93.3741,93.6041,246021.0,-0.006790876033619
2016-07-14,126.31,127.37,126.03,127.33,12126105.0,0.0080753701211305,94.3541,94.4741,93.8341,94.0341,106160.0,-0.0033914795435493
2016-07-15,126.38,127.19,126.33,126.84,13779882.0,0.0036398164266498,94.2841,94.4641,93.6741,93.8341,265256.0,-0.0047728089890022
2016-07-18,127.02,127.5,126.63,127.04,8475972.0,0.000157455518816,93.8341,94.1941,93.7941,93.9941,202417.0,0.0017051370450614
2016-07-19,126.95,127.35,126.82,127.21,5167693.0,0.0020480504135485,93.7341,93.8741,93.5341,93.8141,134195.0,0.0008534780832162
2016-07-20,125.5,126.12,125.31,125.39,11737797.0,-0.0008764940239043,94.0141,94.7341,93.8541,94.5941,194086.0,0.0061692873728515
2016-07-21,125.66,127.37,125.6,127.3,9390174.0,0.0130510902435142,94.5341,94.7341,93.7541,94.0741,232564.0,-0.0048659689995461
2016-07-22,126.43,126.52,126.01,126.35,7715135.0,-0.0006327612117378,94.0841,94.9341,93.9841,94.8241,81573.0,0.0078653034891123
2016-07-25,125.53,126.21,125.11,125.47,13137816.0,-0.0004779733928144,94.6641,94.7441,94.3041,94.6441,95947.0,-0.0002112733338193
2016-07-26,126.09,126.14,125.74,126.0,7610957.0,-0.0007137758743754,94.6541,95.3741,94.4841,95.3741,89792.0,0.0076066435579652
2016-07-27,126.79,128.12,126.04,128.03,17053569.0,0.0097799511002444,95.2841,95.3241,94.2141,94.6141,142615.0,-0.0070316033839853
2016-07-28,128.09,128.2,127.2,127.66,9252757.0,-0.00335701459911,94.5741,95.4241,94.3241,95.2841,106988.0,0.0075073408047234
2016-07-29,128.42,129.41,127.88,128.98,13706478.0,0.0043606914810777,95.0441,95.5041,94.5741,95.3941,184081.0,0.0036825010705556
2016-08-01,128.57,129.34,128.56,129.22,7108384.0,0.0050556117290192,95.3841,95.5441,94.7541,95.0041,123215.0,-0.0039838924936127
2016-08-02,130.04,130.55,129.94,130.27,7648293.0,0.0017686865579822,94.8841,94.8841,93.1941,93.6741,138364.0,-0.0127524000333038
2016-08-03,129.95,129.96,129.27,129.65,5007903.0,-0.0023085802231626,93.4641,94.2641,93.0941,94.2641,135705.0,0.0085594361899381
2016-08-04,130.01,130.28,129.82,129.87,4899009.0,-0.0010768402430581,94.3241,94.5341,93.9341,94.2341,103430.0,-0.0009541569969923
2016-08-05,128.46,128.54,127.39,127.55,16204457.0,-0.0070839171726608,94.7141,95.1341,94.6141,95.0341,93805.0,0.0033785888267955
2016-08-08,127.29,127.7,127.27,127.44,6773290.0,0.0011784115012961,95.1941,95.4141,94.7941,94.8641,70134.0,-0.0034666013965152
2016-08-09,127.94,128.14,127.75,127.96,7493439.0,0.0001563232765358,94.9541,95.1441,94.6941,94.8441,101738.0,-0.0011584544532568
2016-08-10,129.12,129.2,128.15,128.56,6190625.0,-0.0043370508054523,94.9341,94.9541,94.3041,94.4841,54809.0,-0.0047401302587795
2016-08-11,128.61,129.19,127.47,127.67,9759894.0,-0.0073089184355805,94.8741,95.1141,94.6041,95.0141,84964.0,0.0014756398216162
2016-08-12,129.12,129.26,127.2,127.4,15394246.0,-0.0133209417596034,94.8941,95.1241,94.7441,95.0041,82942.0,0.0011591869252145
2016-08-15,127.62,128.25,127.6,127.84,4522713.0,0.0017238677323303,95.2241,95.8041,95.0741,95.5941,75872.0,0.003885570984656
2016-08-16,128.12,129.04,128.0,128.47,8651071.0,0.0027318139244457,95.2941,95.2941,94.5841,94.5841,90871.0,-0.0074506186636947
2016-08-17,128.17,128.99,127.46,128.5,12031673.0,0.0025747054692986,94.6341,94.6941,93.8341,94.4641,83027.0,-0.0017963926322541
2016-08-18,128.89,129.17,128.58,129.11,9496736.0,0.0017068818372257,94.4841,95.0441,94.4041,95.0341,72101.0,0.005821085240797
2016-08-19,128.08,128.67,127.85,127.97,10893232.0,-0.0008588382261087,94.7441,95.2841,94.6241,95.2341,75863.0,0.0051718260028856
2016-08-22,127.63,127.92,127.45,127.78,8626084.0,0.0011752722714095,95.2141,95.5341,95.1341,95.4941,60007.0,0.0029407409196747
2016-08-23,128.14,128.22,127.61,127.76,9036224.0,-0.0029655064772903,95.8941,96.1341,95.8941,95.9741,189215.0,0.0008342536193573
2016-08-24,126.92,126.96,126.29,126.34,13511926.0,-0.0045698077529152,95.9641,96.0041,95.0541,95.2341,70320.0,-0.007607011371961
2016-08-25,125.98,126.31,125.96,126.23,5924725.0,0.0019844419749166,94.8841,95.4741,94.8441,95.0741,57552.0,0.0020024429804361
2016-08-26,126.88,128.11,125.82,126.05,17964538.0,-0.0065416141235813,95.1641,95.8141,94.4141,94.9441,77273.0,-0.0023117961500187
2016-08-29,126.0,126.48,125.93,126.3,5553964.0,0.0023809523809523,95.0441,95.6141,95.0441,95.3741,62827.0,0.0034720724379524
2016-08-30,125.73,125.95,124.88,125.03,9856590.0,-0.0055674858824465,95.4041,95.4941,94.7341,95.0541,63534.0,-0.0036686054372924
2016-08-31,124.73,125.11,124.64,124.78,13309747.0,0.0004008658702797,94.8741,94.9041,94.1341,94.5841,73945.0,-0.0030566824876335
2016-09-01,124.67,125.51,124.55,125.29,12876518.0,0.0049731290607203,94.5941,94.9841,94.1641,94.9641,86157.0,0.0039114490227192
2016-09-02,126.29,126.57,125.58,126.57,11314111.0,0.0022171193285294,95.5141,95.8141,95.0941,95.4641,98933.0,-0.0005234829203227
2016-09-06,127.4,129.08,127.27,128.71,15088212.0,0.0102825745682888,95.6341,95.6541,95.0441,95.5941,57353.0,-0.0004182608504707
2016-09-07,128.79,128.86,128.12,128.27,8855215.0,-0.0040375805574965,95.5941,95.8541,95.4041,95.8441,72553.0,0.0026152241613237
2016-09-08,128.16,128.52,127.4,127.59,10536712.0,-0.0044475655430711,95.4441,95.4741,95.1041,95.2041,61790.0,-0.0025145608790905
2016-09-09,127.24,127.51,126.7,126.75,12457753.0,-0.0038509902546368,94.3741,94.3941,92.1541,92.1541,111606.0,-0.0235234031370895
2016-09-12,126.31,126.92,125.97,126.59,11139834.0,0.0022167682685456,91.6341,93.8241,91.5041,93.6841,69777.0,0.0223715843774315
2016-09-13,126.47,126.6,125.53,125.75,8838707.0,-0.005693049735115,92.8241,92.9741,91.4941,91.9441,76945.0,-0.0094802966040068
2016-09-14,126.1,126.54,126.03,126.18,5812239.0,0.0006344171292625,92.0241,92.6641,91.7441,91.9741,81024.0,-0.000543335930479
2016-09-15,125.73,126.1,124.91,125.37,12907685.0,-0.0028632784538296,91.9741,93.3641,91.9141,93.2141,56117.0,0.0134820563615191
2016-09-16,124.81,125.24,124.67,125.06,18978551.0,0.0020030446278343,92.7841,92.7941,92.2541,92.6041,56665.0,-0.0019399875625241
2016-09-19,125.61,125.62,125.25,125.32,4949927.0,-0.0023087333811002,93.0541,93.4741,92.6541,92.8741,53528.0,-0.0019343586150422
2016-09-20,125.31,125.59,125.17,125.44,5661103.0,0.001037427180592,93.4141,93.4141,92.5141,92.6141,56505.0,-0.0085640176375944
2016-09-21,126.33,127.42,125.96,127.27,13631352.0,0.0074408295733396,92.8641,93.9441,92.4241,93.8441,185718.0,0.0105530554864582
2016-09-22,127.57,128.2,127.5,127.57,15177483.0,0.0,94.5941,94.8641,94.4441,94.7741,72965.0,0.0019028670921337
2016-09-23,127.6,127.86,127.43,127.65,7702289.0,0.0003918495297806,94.7341,94.8241,94.3541,94.3841,75643.0,-0.0036945513811815
2016-09-26,127.96,128.03,127.42,127.55,5839256.0,-0.0032041262894654,93.8941,94.1641,93.6841,93.8741,96795.0,-0.0002130059290199
2016-09-27,126.86,126.9,126.34,126.62,6220562.0,-0.0018918492826737,93.7541,94.4641,93.5441,94.4641,101455.0,0.0075730021407064
2016-09-28,126.25,126.4,125.73,126.22,6727736.0,-0.0002376237623762,94.6541,95.1241,94.0341,95.0741,75701.0,0.0044372087421464
2016-09-29,125.84,126.34,125.54,126.07,7437023.0,0.0018277177368085,94.9441,94.9941,93.7941,94.0841,106483.0,-0.0090579614741726
2016-09-30,126.52,126.55,125.23,125.64,11202915.0,-0.0069554220676572,94.5341,95.2141,94.0741,94.8741,60382.0,0.0035965857822733
2016-10-03,125.32,125.46,124.9,125.32,9031303.0,0.0,94.5841,94.8041,94.2241,94.4841,263134.0,-0.001057260152605
2016-10-04,123.16,123.18,120.86,120.97,24336790.0,-0.0177817473205586,94.6741,94.6941,93.5441,93.8841,113962.0,-0.0083444152096507
2016-10-05,121.33,121.59,120.4,120.78,14704779.0,-0.0045330915684496,94.2841,94.4641,94.1841,94.2141,73447.0,-0.0007424369538447
2016-10-06,119.69,119.98,119.24,119.66,17906750.0,-0.0002506475060573,93.7041,94.0141,93.3341,93.9841,64784.0,0.0029881296549457
2016-10-07,120.49,120.58,118.42,119.74,17902607.0,-0.0062245829529421,94.1041,94.1041,92.9041,93.3341,78295.0,-0.0081824277581954
2016-10-10,120.16,120.42,119.92,120.16,4512348.0,0.0,93.8041,94.2541,93.7541,93.8441,93456.0,0.000426420593556
2016-10-11,119.92,120.16,119.53,119.55,6061935.0,-0.0030853902601734,93.5441,93.5441,91.7241,92.0941,87450.0,-0.0155007103601403
2016-10-12,119.72,120.07,119.29,119.74,4846567.0,0.0001670564650851,92.1341,92.5041,91.6941,92.2041,78832.0,0.0007597621293309
2016-10-13,120.0,120.42,119.8,120.03,7179048.0,0.00025,91.5341,92.0641,90.8041,91.8841,77331.0,0.0038237116003763
2016-10-14,119.37,120.16,119.29,119.36,6573284.0,-8.377314233061168e-05,92.4041,92.7341,91.7141,91.7541,71959.0,-0.0070343199057185
2016-10-17,119.7,119.92,119.58,119.68,4777636.0,-0.0001670843776106,91.7341,91.8541,91.3041,91.3641,69499.0,-0.0040333965232122
2016-10-18,120.08,120.64,119.82,120.42,4919386.0,0.0028314457028647,92.3141,92.4241,91.8541,92.1041,66781.0,-0.0022748420880449
2016-10-19,121.13,121.45,120.89,121.11,6016542.0,-0.0001651118632873,92.1741,92.5841,91.9041,92.4241,153068.0,0.002712258649664
2016-10-20,121.39,121.59,120.63,120.74,6494516.0,-0.0053546420627729,92.3441,92.5141,91.7941,92.2441,87721.0,-0.0010829062170728
2016-10-21,120.9,120.92,120.55,120.83,6706650.0,-0.0005789909015716,91.8041,92.2441,91.5341,92.1741,82015.0,0.0040303210858773
2016-10-24,121.28,121.3,120.16,120.56,5471884.0,-0.0059366754617414,92.7541,93.0441,92.5841,92.7941,57277.0,0.0004312477831169
2016-10-25,120.89,121.76,120.85,121.47,6137728.0,0.0047977500206799,92.4841,92.4841,91.5741,91.6341,107791.0,-0.0091907690078618
2016-10-26,121.37,121.53,120.61,120.79,3905102.0,-0.0047787756447227,91.0241,91.5741,90.8341,91.0241,113510.0,0.0
2016-10-27,121.11,121.18,120.75,121.01,4332825.0,-0.0008256956485838,91.3541,91.3541,90.0341,90.1641,124457.0,-0.0130262352757018
2016-10-28,121.2,122.48,120.81,121.58,11638942.0,0.003135313531353,90.1541,91.2341,90.1541,90.4941,94378.0,0.0037713204391148
2016-10-31,121.51,122.0,121.23,121.94,7716046.0,0.0035388033906673,90.7341,91.0141,90.5341,90.9441,68709.0,0.0023144550946117
2016-11-01,122.8,123.21,122.57,122.73,13360007.0,-0.0005700325732898,91.1041,91.2041,89.3041,89.9641,111760.0,-0.0125131580247211
2016-11-02,123.76,124.76,123.56,123.64,15668641.0,-0.0009696186166774,89.6941,89.9741,88.7641,88.8741,149216.0,-0.0091421843800206
2016-11-03,123.36,124.33,123.35,124.3,10049404.0,0.0076199740596627,89.0241,89.1741,88.3141,88.4241,89976.0,-0.0067397480008223
2016-11-04,124.4,124.54,124.04,124.39,8585745.0,-8.038585209007327e-05,88.4341,89.5641,88.2941,88.7941,83907.0,0.0040708278820047
2016-11-07,122.66,122.71,121.88,122.15,10010279.0,-0.0041578346649273,90.5141,91.0341,90.3041,90.9341,255148.0,0.0046401610356839
2016-11-08,122.12,123.09,121.36,121.64,9456475.0,-0.0039305601048149,90.7941,91.8041,90.4941,91.3741,91882.0,0.0063880802827496
2016-11-09,124.3,124.35,121.1,121.56,18231955.0,-0.0220434432823812,89.8041,92.4041,89.8041,92.0641,258262.0,0.0251658888625351
2016-11-10,121.52,121.54,119.38,119.75,22234660.0,-0.0145655036208031,92.7641,93.2541,91.5141,91.8841,142864.0,-0.0094864284782582
2016-11-11,119.65,119.69,116.23,117.1,20380652.0,-0.0213121604680318,91.7841,92.2741,91.4741,92.1041,137679.0,0.0034864426409368
2016-11-14,116.12,117.14,115.49,116.11,20704778.0,-8.611780916297895e-05,92.7641,92.7641,92.0841,92.4941,132671.0,-0.0029106087376473
2016-11-15,116.46,117.24,116.29,117.12,9334343.0,0.0056671818650181,92.8441,93.5641,92.8141,93.4641,136221.0,0.0066778610595611
2016-11-16,117.27,117.27,116.58,116.77,5478969.0,-0.0042636650464739,93.1841,93.6041,93.1041,93.5441,150167.0,0.0038633200299192
2016-11-17,116.91,117.22,115.44,116.17,10340019.0,-0.0063296552903942,94.0241,94.3841,93.6941,94.3341,252898.0,0.0032970270388124
2016-11-18,115.52,115.77,114.96,115.15,10314160.0,-0.0032029085872575,94.5841,94.5841,93.9141,94.0341,117545.0,-0.0058149308393272
2016-11-21,115.72,115.94,115.29,115.58,6621124.0,-0.0012098167991704,94.4041,94.8941,94.3541,94.8941,126192.0,0.0051904525333115
2016-11-22,115.72,115.79,114.98,115.54,6387614.0,-0.0015554787417904,95.1141,95.1841,94.6041,95.1341,365844.0,0.0002102737659296
2016-11-23,113.87,113.88,112.65,113.25,20969154.0,-0.0054448054799332,94.8641,95.4341,94.7741,95.4241,130777.0,0.0059031814985858
2016-11-25,113.42,113.51,112.35,112.61,5345889.0,-0.0071415976018339,95.6841,95.6841,95.4641,95.6641,45857.0,-0.0002090211435337
2016-11-28,113.23,113.84,112.77,113.8,5650249.0,0.0050340015896846,95.6141,95.6241,94.7341,94.8441,119374.0,-0.0080532055418604
2016-11-29,112.76,113.48,112.69,113.27,7430211.0,0.0045228804540616,94.8441,95.3641,94.7541,95.0141,141810.0,0.0017924151317794
2016-11-30,112.69,112.79,111.5,111.75,10916858.0,-0.0083414677433667,95.4241,95.4541,94.2041,94.2241,117415.0,-0.0125754395378105
2016-12-01,111.11,111.99,110.63,111.54,10232056.0,0.003870038700387,94.4941,94.4941,92.4341,92.6941,393995.0,-0.0190488083382983
2016-12-02,111.89,112.32,111.78,112.14,7413835.0,0.0022343372955581,92.6341,93.1241,92.3941,92.7841,131643.0,0.001619274111801
2016-12-05,111.15,112.11,110.31,111.54,10186209.0,0.0035087719298245,93.4641,94.2841,93.4441,94.0041,132835.0,0.0057776194282081
2016-12-06,111.69,112.03,111.19,111.43,5533176.0,-0.0023278717879845,94.1641,94.5541,93.8441,94.5541,115106.0,0.0041417058093264
2016-12-07,112.13,112.5,111.77,111.83,4898523.0,-0.0026754659769909,94.4741,95.8441,94.2041,95.7541,172835.0,0.0135486868887873
2016-12-08,111.72,111.87,111.46,111.57,5975333.0,-0.0013426423200859,96.0541,96.7441,95.8741,96.5441,122121.0,0.0051012918761405
2016-12-09,111.18,111.25,110.19,110.4,10507217.0,-0.0070156502968159,96.7541,96.9941,96.2241,96.3941,130455.0,-0.0037207725564084
2016-12-12,110.59,111.11,110.26,110.82,6155757.0,0.0020797540464778,96.0441,96.4241,95.4841,95.7441,163212.0,-0.0031235651122765
2016-12-13,110.57,110.79,110.06,110.45,7960576.0,-0.0010852853396037,96.1541,96.5641,96.0241,96.2441,179231.0,0.0009359975289665
2016-12-14,110.95,110.98,108.52,108.83,12910976.0,-0.0191077061739522,96.2241,96.4741,95.1541,95.3241,94109.0,-0.0093531662026457
2016-12-15,107.85,107.99,107.0,107.34,14421790.0,-0.0047287899860917,95.5141,96.3041,95.2141,95.7041,143376.0,0.0019892350972264
2016-12-16,107.95,108.78,107.47,108.05,10035481.0,0.000926354793886,95.8441,96.0841,95.1341,95.4541,126912.0,-0.0040691080619464
2016-12-19,108.6,108.88,108.34,108.59,5337546.0,-9.20810313074669e-05,95.6141,96.0741,95.4341,95.6341,126293.0,0.0002091741699185
2016-12-20,107.47,107.99,107.29,107.79,7320660.0,0.0029775751372476,96.0041,96.1141,95.7441,95.9841,133662.0,-0.0002083244361438
2016-12-21,108.25,108.31,107.68,107.85,5105866.0,-0.0036951501154734,96.0241,96.1241,95.7741,95.7741,101024.0,-0.0026035130764047
2016-12-22,107.68,108.1,107.49,107.59,4942231.0,-0.000835809806835,95.7411,95.7411,94.8811,95.1311,125005.0,-0.0063713493995786
2016-12-23,107.84,108.25,107.8,107.93,5012128.0,0.0008345697329377,95.0911,95.5011,95.0911,95.5011,85180.0,0.0043116548236375
2016-12-27,108.61,108.67,108.24,108.56,3683379.0,-0.0004603627658594,95.6511,96.1311,95.6411,95.7711,153389.0,0.0012545595398276
2016-12-28,108.4,108.91,108.29,108.86,5088560.0,0.0042435424354242,95.9411,95.9411,94.6611,94.6911,112271.0,-0.0130288270616034
2016-12-29,109.23,110.53,109.16,110.29,7553919.0,0.0097042936922091,94.7911,95.1211,94.5311,94.7911,129524.0,0.0
2016-12-30,110.38,110.62,109.53,109.61,8856540.0,-0.0069759014314187,95.0111,95.0111,94.1511,94.4811,94165.0,-0.0055782955886207
2017-01-03,109.62,111.0,109.37,110.47,7526109.0,0.0077540594781973,95.3111,95.8211,94.6211,95.2811,171450.0,-0.0003147587217018
2017-01-04,111.06,111.22,110.61,110.86,4882819.0,-0.0018008283810553,95.5111,96.7611,95.5111,96.7111,261537.0,0.0125639847096306
2017-01-05,112.16,112.94,112.07,112.58,9605610.0,0.0037446504992867,96.4911,96.7511,95.9311,96.5011,105898.0,0.0001036365011901
2017-01-06,111.81,112.38,111.57,111.75,7685211.0,-0.0005366246310705,96.5711,97.2611,96.3311,96.9811,97428.0,0.0042455765751865
2017-01-09,112.39,113.04,112.18,112.67,5672694.0,0.0024913248509653,96.8611,97.1411,96.5311,96.6311,143979.0,-0.0023745342557537
2017-01-10,112.94,113.45,112.63,113.15,6087731.0,0.0018593943686914,96.8411,97.2711,96.6111,96.9011,115827.0,0.0006195716488144
2017-01-11,112.87,114.19,112.17,113.5,9916078.0,0.0055816425976787,96.9211,97.1611,96.5811,97.1011,119580.0,0.0018571807377341
2017-01-12,114.52,114.93,113.8,113.91,8454911.0,-0.0053265805099545,96.9311,97.2211,96.0111,97.1511,176145.0,0.002269653392977
2017-01-13,113.65,114.31,113.19,114.21,7259700.0,0.0049274087109545,97.3011,97.7511,97.2911,97.5111,98857.0,0.0021582489817688
2017-01-17,115.89,115.96,115.49,115.85,9134886.0,-0.0003451548882561,97.2511,97.5211,96.9211,97.2011,120263.0,-0.0005141330020945
2017-01-18,115.74,115.92,114.56,114.87,6482760.0,-0.0075168481078278,97.3611,97.7411,97.0211,97.7411,96528.0,0.0039029961658199
2017-01-19,114.32,114.96,113.93,114.77,6433824.0,0.0039363191042687,97.7411,97.8411,97.0811,97.3011,228645.0,-0.0045016886447973
2017-01-20,114.65,115.76,114.32,115.05,12260918.0,0.0034888791975577,97.7711,98.0711,97.4511,97.8011,91603.0,0.0003068391375365
2017-01-23,115.51,116.17,115.2,115.79,6345340.0,0.0024240325512942,97.7011,97.8411,97.1611,97.5811,108634.0,-0.0012282359154604
2017-01-24,115.69,116.02,114.94,115.27,5797178.0,-0.0036303915636615,97.9311,98.6611,97.8111,98.5911,155945.0,0.0067394321109432
2017-01-25,114.14,114.44,113.68,114.32,6690739.0,0.0015770106886279,99.1111,99.5411,99.1111,99.4811,139909.0,0.0037331842750207
2017-01-26,113.24,113.5,112.83,113.26,5388797.0,0.0001766160367362,99.6511,99.7311,99.1011,99.2211,172829.0,-0.0043150552276893
2017-01-27,112.93,113.54,112.81,113.49,6705609.0,0.0049588240502965,99.3711,99.4111,98.9311,99.1411,125531.0,-0.0023145562442199
2017-01-30,113.61,114.3,113.53,113.97,7682092.0,0.0031687351465539,98.5911,98.6711,97.6711,98.5311,388639.0,-0.000608574201931
2017-01-31,115.27,115.81,115.18,115.55,10406166.0,0.0024290795523553,98.1211,98.5311,97.8311,98.4911,153093.0,0.0037708505102368
2017-02-01,114.66,115.45,114.14,115.2,6930587.0,0.0047095761381476,98.9311,99.0111,97.8911,98.2811,193193.0,-0.0065702291797018
2017-02-02,116.26,116.57,115.62,115.84,7185993.0,-0.0036125924651643,98.1711,98.6111,97.7611,98.5611,207190.0,0.003972655903825
2017-02-03,115.73,116.36,115.71,116.13,9455251.0,0.0034563207465652,99.0611,99.3411,98.8911,99.3411,118708.0,0.0028265383687441
2017-02-06,117.07,117.74,116.74,117.7,8534594.0,0.0053813957461348,99.1211,99.2711,98.8011,99.0711,148591.0,-0.0005044334657302
2017-02-07,117.31,117.74,117.2,117.46,8612292.0,0.0012786633705565,99.1911,99.3611,98.8611,99.0011,181469.0,-0.0019154944344806
2017-02-08,118.09,118.59,117.81,118.19,9626264.0,0.000846811753747,98.9511,99.5311,98.7111,99.4811,123815.0,0.0053561809823236
2017-02-09,118.32,118.58,117.2,117.29,8159381.0,-0.008705206220419,99.6011,100.6611,99.5811,100.5111,197013.0,0.0091364452802227
2017-02-10,116.68,117.86,116.67,117.6,9070910.0,0.0078848131642096,100.8111,100.9511,100.5511,100.8311,151136.0,0.0001983908518011
2017-02-13,116.73,116.95,116.15,116.8,7350532.0,0.0005996744624346,101.2211,101.2511,100.8911,101.0111,127358.0,-0.0020746662504162
2017-02-14,117.51,117.56,116.38,116.93,6924836.0,-0.0049357501489234,100.8411,101.3211,100.6711,101.2611,199581.0,0.004164968450364
2017-02-15,116.33,117.48,116.24,117.45,7079663.0,0.0096277830310324,101.0911,101.8911,100.9911,101.7411,130700.0,0.006429843972417
2017-02-16,117.93,118.35,117.83,118.08,6377490.0,0.0012719409819383,101.6811,101.8111,100.8511,101.1611,116143.0,-0.0051140280740471
2017-02-17,118.19,118.4,117.62,117.68,7336691.0,-0.0043150858786698,100.9111,101.6211,100.8111,101.6211,101041.0,0.0070358959519814
2017-02-21,117.04,118.0,116.77,117.75,6164574.0,0.0060663021189336,101.7811,102.4111,101.7011,102.3411,131452.0,0.0055020038101376
2017-02-22,117.86,118.02,117.24,117.91,6053992.0,0.0004242321398268,102.2611,102.3211,101.9211,102.0311,113909.0,-0.0022491445916385
2017-02-23,118.76,119.15,118.67,118.94,7494092.0,0.0015156618390029,102.3711,102.4211,101.2511,101.6711,117370.0,-0.0068378673277907
2017-02-24,119.74,119.88,119.25,119.7,9808003.0,-0.000334057123768,101.1011,102.0111,101.0411,102.0111,117733.0,0.0090008911871383
2017-02-27,119.73,120.4,119.12,119.12,9248420.0,-0.0050947966257412,101.9611,102.4511,101.8411,102.3811,115517.0,0.004119218015498
2017-02-28,119.71,119.84,118.82,119.23,8661229.0,-0.0040096900843704,102.1211,102.1211,101.4011,101.5511,86723.0,-0.0055816085020626
2017-03-01,117.98,119.12,117.95,119.06,8677270.0,0.0091540939142227,102.4911,102.7911,102.0111,102.6111,169057.0,0.0011708333699217
2017-03-02,117.76,118.34,117.22,117.58,10976994.0,-0.0015285326086957,102.5611,102.5611,101.7011,101.7711,311466.0,-0.0077027254972888
2017-03-03,116.95,117.73,116.44,117.51,10662601.0,0.0047883710987601,101.6911,101.8711,101.3611,101.8011,102208.0,0.0010817072487169
2017-03-06,117.35,117.35,116.63,116.72,4880588.0,-0.0053685556028972,101.4111,101.4611,101.0011,101.3511,105000.0,-0.0005916512097788
2017-03-07,116.13,116.25,115.61,115.78,6800415.0,-0.0030138637733573,101.1911,101.3311,100.7111,100.8211,96115.0,-0.0036564480473085
2017-03-08,114.99,115.36,114.94,115.06,7615109.0,0.0006087485868337,100.9511,101.2011,100.5511,100.6611,85445.0,-0.002872677959923
2017-03-09,114.78,115.02,114.4,114.47,6408618.0,-0.0027008189580066,100.7011,101.0211,99.9711,100.6311,142737.0,-0.0006951264683304
2017-03-10,114.45,114.73,114.13,114.72,7927573.0,0.002359108781127,101.2211,101.3611,100.6511,101.3211,114551.0,0.0009879363097219
2017-03-13,114.63,114.91,114.5,114.74,5804271.0,0.0009596091773532,101.3411,101.8611,101.2311,101.7811,134750.0,0.004341772489148
2017-03-14,114.54,115.01,114.02,114.12,5300335.0,-0.0036668412781561,101.5411,101.5411,100.8411,101.2811,143058.0,-0.0025605395253745
2017-03-15,114.29,116.25,114.02,116.25,13511788.0,0.0171493568991162,101.7611,102.6711,101.5011,102.4811,99615.0,0.0070753952148708
2017-03-16,117.27,117.29,116.69,116.73,9318830.0,-0.0046047582501917,102.6511,102.6511,102.0411,102.2211,92033.0,-0.0041889468305745
2017-03-17,117.04,117.27,116.91,116.99,4682669.0,-0.0004272043745728,102.5311,102.6111,102.2311,102.3011,73971.0,-0.0022432218126986
2017-03-20,117.31,117.59,117.2,117.51,3960785.0,0.0017048844940755,102.2811,102.3511,101.7411,102.0311,99459.0,-0.0024442443423076
2017-03-21,117.77,118.8,117.76,118.54,9560492.0,0.0065381676148425,102.4511,102.4511,100.2211,100.2911,167418.0,-0.0210832289746034
2017-03-22,118.87,119.15,118.68,118.83,7282863.0,-0.0003365020610751,100.2911,100.8011,99.9411,100.7411,99947.0,0.0044869385219625
2017-03-23,119.15,119.25,118.32,118.67,6194525.0,-0.0040285354595048,100.6111,101.4411,100.5511,100.7511,100117.0,0.0013914965644943
2017-03-24,118.5,119.21,118.39,118.86,6876585.0,0.0030379746835442,101.1441,101.4841,100.5741,100.9841,83077.0,-0.001581901465335
2017-03-27,119.93,120.08,119.27,119.53,8518559.0,-0.0033352789126991,100.0741,100.9941,99.7941,100.8441,103393.0,0.007694298524793
2017-03-28,119.74,119.83,118.78,119.04,7111597.0,-0.0058459996659427,100.6741,101.7141,100.6141,101.5841,74885.0,0.0090390676450051
2017-03-29,119.22,119.45,119.04,119.33,4910528.0,0.0009226639825532,101.4841,102.0941,101.3141,102.0541,94977.0,0.0056166433953693
2017-03-30,118.77,119.12,118.32,118.47,6892703.0,-0.0025258903763576,101.9741,102.1941,101.8441,101.9741,96378.0,0.0
2017-03-31,118.61,119.08,118.46,118.72,8519441.0,0.0009274091560576,101.9141,102.2641,101.7241,101.9541,93935.0,0.0003924873987013
2017-04-03,118.69,119.37,118.67,119.35,6080961.0,0.005560704355885,102.0541,102.1341,100.9241,101.4441,109654.0,-0.0059772218852549
2017-04-04,119.59,119.77,119.38,119.62,4686797.0,0.0002508570950748,101.2341,101.4741,100.9241,101.1141,97839.0,-0.001185371332387
2017-04-05,118.62,119.63,118.4,119.62,8096822.0,0.0084302815714044,101.5441,102.0641,100.6341,100.7241,83607.0,-0.0080753091513932
2017-04-06,119.22,119.42,118.97,119.18,4608204.0,-0.0003355141754738,100.8841,101.6341,100.6641,101.4841,101437.0,0.0059474188697722
2017-04-07,120.3,120.67,119.14,119.46,12349941.0,-0.0069825436408977,101.4741,101.7941,101.2341,101.4941,93232.0,0.0001970946280873
2017-04-10,119.04,119.69,118.85,119.46,4621765.0,0.0035282258064515,101.5741,102.0841,101.4041,101.7741,103876.0,0.001969005878467
2017-04-11,120.33,121.4,120.29,121.19,12445817.0,0.0071470123826144,101.5041,101.8041,100.8341,101.8041,70575.0,0.002955545638058
2017-04-12,121.38,122.22,121.14,122.02,9480184.0,0.0052726973142198,101.6141,101.7341,100.9141,101.0541,76281.0,-0.0055110462032334
2017-04-13,122.54,122.65,122.03,122.6,9889522.0,0.0004896360372122,100.8541,101.3141,100.4541,100.4541,108825.0,-0.003966125323611
2017-04-17,122.55,123.07,121.99,122.24,8467345.0,-0.0025295797633619,100.7241,101.4141,100.5341,101.4141,81167.0,0.0068503962805326
2017-04-18,122.43,123.03,121.73,122.82,10901124.0,0.0031854937515313,100.9841,101.3941,100.8041,101.2641,107524.0,0.0027727137242397
2017-04-19,122.25,122.26,121.28,121.73,8465571.0,-0.0042535787321063,101.6141,102.1141,101.5541,101.6441,78607.0,0.0002952346180303
2017-04-20,121.82,122.17,121.5,121.96,11782680.0,0.0011492365785585,102.0841,102.9741,101.8941,102.7941,121011.0,0.0069550498069728
2017-04-21,122.14,122.61,121.73,122.31,15583220.0,0.0013918454232847,102.7041,102.9641,102.2541,102.4641,61790.0,-0.0023368103123438
2017-04-24,120.77,121.51,120.66,121.48,11038032.0,0.0058789434462201,103.8441,103.8841,103.4041,103.7541,203431.0,-0.0008666838077464
2017-04-25,120.53,120.87,120.05,120.25,10340901.0,-0.0023230730938355,104.2141,104.5541,104.1441,104.4041,113302.0,0.0018231698013992
2017-04-26,120.21,120.96,119.87,120.84,9755706.0,0.0052408285500375,104.5641,105.0241,104.5641,104.6241,94887.0,0.0005738107055863
2017-04-27,120.42,120.59,119.97,120.39,8263984.0,-0.0002491280518186,104.7541,105.1241,104.5341,104.8541,136174.0,0.0009546165734802
2017-04-28,120.34,120.77,120.27,120.77,9131756.0,0.0035732092404852,104.9141,104.9141,104.1141,104.3141,78437.0,-0.0057189643718052
2017-05-01,120.21,120.75,119.35,119.67,9331190.0,-0.0044921387571748,104.5541,104.8641,104.3441,104.7041,220660.0,0.001434663968223
2017-05-02,119.3,119.65,119.24,119.65,4899155.0,0.0029337803855826,104.9241,105.0441,104.5941,105.0441,189154.0,0.0011436838629066
2017-05-03,119.18,119.34,117.92,117.98,10807233.0,-0.0100688034905185,104.6041,104.7941,104.0541,104.3841,151472.0,-0.0021031680402584
2017-05-04,116.81,117.28,116.63,116.79,12402923.0,-0.0001712182176183,104.5141,104.6741,104.0041,104.6141,162934.0,0.0009568086985391
2017-05-05,116.86,117.07,116.68,117.01,7126700.0,0.001283587198357,104.9141,105.4541,104.7041,105.4541,131973.0,0.0051470679346245
2017-05-08,117.03,117.14,116.68,116.75,5399231.0,-0.0023925489190805,105.3841,105.4641,104.6541,104.9841,105617.0,-0.0037956390005703
2017-05-09,116.18,116.24,115.56,116.05,6731322.0,-0.0011189533482527,105.0641,105.2041,104.8641,105.0341,108859.0,-0.0002855399703609
2017-05-10,116.42,116.5,115.86,116.04,4289058.0,-0.0032640439786977,105.1941,105.6941,105.1941,105.6341,166299.0,0.0041827440892597
2017-05-11,116.21,116.84,116.18,116.5,6269298.0,0.002495482316496,105.2941,105.4041,104.4041,105.0941,112678.0,-0.0018994416591243
2017-05-12,117.07,117.16,116.73,116.83,5432762.0,-0.002050055522337,104.8841,104.8841,104.5941,104.7041,105647.0,-0.0017161800501697
2017-05-15,117.52,117.54,116.99,117.14,4481661.0,-0.0032334921715452,104.9641,105.7541,104.9641,105.6541,61800.0,0.0065736761426049
2017-05-16,117.45,117.91,117.4,117.65,4886627.0,0.0017028522775649,105.8241,105.8441,105.1041,105.3841,120834.0,-0.0041578430622135
2017-05-17,119.36,120.02,119.27,119.79,13903835.0,0.0036025469168901,104.3041,104.6441,103.3641,103.4441,150299.0,-0.0082451217162124
2017-05-18,119.77,119.84,118.56,118.81,10338072.0,-0.008015362778659,103.2841,104.4341,103.0441,104.0541,119204.0,0.0074551649285805
2017-05-19,119.39,119.54,118.88,119.4,6786236.0,8.375910880312518e-05,104.5641,105.5541,104.4241,105.2041,90008.0,0.0061206475262542
2017-05-22,119.63,120.14,119.58,119.9,5119866.0,0.0022569589567835,105.4441,106.1541,105.2541,106.0741,77236.0,0.0059747297383162
2017-05-23,120.13,120.19,118.98,119.14,8302685.0,-0.0082410721718138,106.2241,106.2841,105.7241,105.8541,85098.0,-0.0034832020228931
2017-05-24,119.07,119.74,118.91,119.61,7063961.0,0.0045351473922903,105.9341,106.1441,105.7241,106.0241,56846.0,0.0008495847890339
2017-05-25,119.52,119.69,119.29,119.48,4098779.0,-0.0003346720214189,106.4641,106.9541,106.3741,106.7441,94796.0,0.0026299945239756
2017-05-26,120.49,120.79,120.33,120.54,6787995.0,0.0004149721968629,106.6541,106.7441,106.4441,106.5641,83570.0,-0.0008438494160093
2017-05-30,120.24,120.33,119.95,120.14,4507008.0,-0.0008316699933465,106.3641,106.6041,106.1441,106.3941,78532.0,0.0002820500526023
2017-05-31,120.31,121.23,120.26,120.62,10360346.0,0.0025766769179619,106.5841,106.6241,105.7641,106.4241,55699.0,-0.0015011619932054
2017-06-01,120.17,120.74,120.06,120.72,8651355.0,0.0045768494632603,106.8041,107.9041,106.7741,107.9041,270485.0,0.0102992300857363
2017-06-02,121.31,121.71,121.19,121.61,7267177.0,0.002473003050037,108.2441,108.5541,107.8741,108.3641,238655.0,0.0011086054574798
2017-06-05,121.91,121.94,121.58,121.73,3977967.0,-0.001476499056681,108.3541,108.3541,107.9741,108.1141,176671.0,-0.0022149600245861
2017-06-06,123.09,123.31,122.77,123.1,10797836.0,8.1241368104565e-05,107.6941,107.9941,107.5041,107.6141,112663.0,-0.0007428447797977
2017-06-07,122.79,123.16,122.01,122.45,9035278.0,-0.002768955126639,107.8341,108.0741,107.5541,107.9341,89078.0,0.0009273504392394
2017-06-08,122.07,122.08,120.95,121.65,8165774.0,-0.0034406488080608,107.9941,108.0941,107.4141,108.0241,88932.0,0.0002777929535039
2017-06-09,120.46,120.91,120.4,120.54,7054264.0,0.0006641208699984,108.1441,108.6641,106.7141,107.3441,110147.0,-0.007397537174936
2017-06-12,120.33,120.68,120.26,120.36,4927253.0,0.00024931438544,107.2241,107.2241,106.1841,107.1441,179067.0,-0.0007461009232067
2017-06-13,119.95,120.71,119.92,120.48,3771563.0,0.0044185077115464,107.3741,108.1341,107.3741,108.1341,118810.0,0.007078056998848
2017-06-14,121.51,121.88,119.57,119.82,21107668.0,-0.0139083203028558,108.2741,108.3741,107.2841,107.8041,127152.0,-0.0043408349734608
2017-06-15,119.22,119.5,119.12,119.32,6795536.0,0.0008387854386847,107.0341,107.7341,106.7341,107.6141,83360.0,0.0054188338109069
2017-06-16,119.35,119.5,119.24,119.34,6406585.0,-8.37871805612979e-05,107.6341,107.6841,106.9741,107.3441,79727.0,-0.0026943134192603
2017-06-19,118.74,118.84,118.33,118.43,6786863.0,-0.0026107461680982,107.8041,108.3141,107.6041,108.2641,79085.0,0.0042669991215546
2017-06-20,118.42,118.46,118.07,118.18,4600377.0,-0.0020266846816415,108.0141,108.0941,107.0141,107.0941,134467.0,-0.0085174065237779
2017-06-21,118.15,118.66,118.15,118.52,4721842.0,0.003131612357173,107.4761,107.6361,107.0061,107.2561,168942.0,-0.0020469667209733
2017-06-22,119.13,119.19,118.6,118.92,5811252.0,-0.0017627801561319,107.2761,107.9161,107.0161,107.5861,72459.0,0.0028897396531007
2017-06-23,119.65,119.66,119.31,119.43,9257553.0,-0.0018386961972419,107.6861,108.3861,107.4661,108.1961,63131.0,0.0047359872815526
2017-06-26,118.29,118.53,118.17,118.36,6592425.0,0.0005917659988164,108.6161,108.7961,108.0461,108.2061,92945.0,-0.0037747626733053
2017-06-27,118.87,119.05,118.48,118.81,5756236.0,-0.0005047530916127,108.0961,108.2161,106.8361,106.8661,100365.0,-0.0113787638961998
2017-06-28,119.06,119.06,118.68,118.9,4227720.0,-0.0013438602385351,107.5861,108.0661,106.9561,107.9261,152103.0,0.0031602595502579
2017-06-29,117.97,118.64,117.91,118.32,7703964.0,0.0029668559803339,107.9061,107.9061,105.8161,106.6561,98626.0,-0.0115841458453229
2017-06-30,118.08,118.41,117.95,118.02,7271979.0,-0.0005081300813008,107.0061,107.3061,106.6161,106.8761,106955.0,-0.0012148840112854
2017-07-03,116.54,116.85,115.94,116.09,12145049.0,-0.0038613351638922,107.3561,107.5861,106.9161,106.9361,359905.0,-0.0039122136515764
2017-07-05,115.91,116.67,115.87,116.52,7215785.0,0.0052627038219308,106.8861,107.3261,106.6061,107.1961,172554.0,0.0029002835728874
2017-07-06,116.58,116.61,116.24,116.47,4430237.0,-0.0009435580717104,106.6661,106.6661,105.6561,105.7861,141170.0,-0.0082500438283577
2017-07-07,115.78,115.79,114.8,115.28,11153608.0,-0.0043185351528761,105.9961,107.1261,105.9961,106.9361,324920.0,0.0088682508130015
2017-07-10,115.02,115.57,114.83,115.47,4970886.0,0.0039123630672926,106.7961,107.0161,106.5361,106.8261,131200.0,0.0002809091343223
2017-07-11,115.26,115.77,114.88,115.65,2816164.0,0.0033836543466944,106.7861,107.1361,106.2661,106.9061,57824.0,0.0011237417603975
2017-07-12,116.21,116.32,115.87,116.01,2124618.0,-0.0017210222872385,108.0261,108.1461,107.5961,107.9661,166798.0,-0.0005554213287344
2017-07-13,116.03,116.04,115.67,115.82,1854980.0,-0.0018098767560114,108.1061,108.1961,107.6661,108.1161,58035.0,9.250171821946325e-05
2017-07-14,117.05,117.25,116.64,116.79,2301237.0,-0.0022212729602733,108.4961,108.8161,108.2561,108.6361,162770.0,0.001290368962571
2017-07-17,117.43,117.53,117.23,117.29,2003835.0,-0.0011921996082772,108.6361,108.8661,108.4961,108.7261,44473.0,0.0008284538933191
2017-07-18,117.99,118.33,117.88,118.11,2941922.0,0.0010170353419781,108.4861,108.6261,108.1861,108.6161,44892.0,0.0011983101982651
2017-07-19,118.18,118.27,117.84,118.08,3205142.0,-0.0008461668641056,108.9361,109.4861,108.8761,109.4361,77236.0,0.0045898467082996
2017-07-20,117.92,118.62,117.66,118.26,2273737.0,0.0028833107191316,109.4361,109.6261,109.1061,109.3561,91667.0,-0.000731020202657
2017-07-21,119.0,119.39,118.75,119.25,4907834.0,0.0021008403361344,109.2961,109.4861,109.1661,109.3061,60854.0,9.149457299944936e-05
2017-07-24,119.53,119.58,119.18,119.33,1727557.0,-0.0016732201121057,109.4661,109.6361,109.2761,109.5861,36419.0,0.0010962297916889
2017-07-25,118.99,119.32,118.79,118.92,3336714.0,-0.0005882847298091,109.6661,110.0361,109.4561,109.8961,44409.0,0.0020972752746747
2017-07-26,118.56,120.15,118.55,119.89,3786983.0,0.0112179487179487,109.8761,109.9661,109.7461,109.8161,55542.0,-0.0005460696184155
2017-07-27,120.1,120.14,119.28,119.79,6385216.0,-0.0025811823480431,110.1561,110.1561,108.4261,109.2261,85236.0,-0.0084425646877475
2017-07-28,120.18,120.85,120.14,120.68,3718518.0,0.0041604260276252,109.0461,109.4061,108.9661,109.3361,58272.0,0.0026594256924365
2017-07-31,120.5,120.81,120.45,120.75,3944561.0,0.0020746887966804,109.5561,109.5661,108.7361,108.9861,188938.0,-0.0052028139008234
2017-08-01,120.45,121.14,120.44,120.65,2811900.0,0.0016604400166044,109.1961,109.1961,108.7561,109.0061,48961.0,-0.0017399888823868
2017-08-02,120.54,121.01,120.34,120.43,2308340.0,-0.0009125601460096,108.1061,108.7461,107.6661,108.0961,472773.0,-9.25017182193318e-05
2017-08-03,120.33,120.83,120.31,120.59,1550519.0,0.0021607246738137,108.0961,108.0761,107.4861,107.6661,47915.0,-0.003977941849891
2017-08-04,119.97,120.04,119.22,119.65,3828109.0,-0.0026673335000416,108.0361,108.0761,107.6761,107.9561,63992.0,-0.0007404932240241
2017-08-07,119.44,119.79,119.43,119.52,1221609.0,0.000669792364367,108.0161,108.2761,107.9361,108.1361,54975.0,0.0011109454979397
2017-08-08,120.02,120.12,118.97,119.88,2807982.0,-0.0011664722546242,107.7061,108.3061,107.1961,107.4661,51454.0,-0.0022282860487939
2017-08-09,121.02,121.55,120.76,121.31,9186236.0,0.0023962981325401,106.8961,107.3361,106.8361,107.2561,88024.0,0.0033677561669696
2017-08-10,122.08,122.44,122.03,122.21,9817872.0,0.0010648754914809,106.9261,107.3361,105.1461,105.1461,115353.0,-0.0166470113470892
2017-08-11,122.24,122.83,122.03,122.79,8019519.0,0.0044993455497383,105.1161,105.9761,105.1161,105.7461,82770.0,0.005993373041808
2017-08-14,121.98,122.24,121.68,121.92,6035297.0,-0.0004918839153959,106.5261,107.2361,106.4361,107.0561,97543.0,0.0049753065211248
2017-08-15,120.6,121.23,120.58,120.98,6731340.0,0.003150912106136,107.0961,107.0961,106.4961,106.7161,73179.0,-0.0035482151077397
2017-08-16,120.66,122.06,120.66,121.87,8267341.0,0.0100281783523952,107.0661,107.5961,107.0061,107.4261,81886.0,0.0033624088296855
2017-08-17,122.29,122.61,121.76,122.49,8183805.0,0.0016354567012837,107.1061,107.4261,105.6261,105.6361,153142.0,-0.0137247084899926
2017-08-18,123.37,123.54,122.0,122.3,13654226.0,-0.0086730971873227,105.5061,106.0061,105.1761,105.5261,77714.0,0.0001895624992298
2017-08-21,122.54,122.98,122.5,122.76,5549687.0,0.0017953321364452,105.4261,105.8161,105.1461,105.6961,145990.0,0.0025610356448734
2017-08-22,122.56,122.56,121.85,122.21,6493937.0,-0.0028557441253264,106.0361,107.2761,105.9361,107.1361,69759.0,0.0103738255179131
2017-08-23,122.58,122.69,122.31,122.67,5038391.0,0.000734214390602,106.6761,106.9761,106.6061,106.7961,56036.0,0.0011249005166104
2017-08-24,122.39,122.64,122.13,122.29,4193396.0,-0.0008170602173379,107.1861,107.3461,106.7661,106.8461,85839.0,-0.003172053092705
2017-08-25,122.77,123.02,121.29,122.74,12398247.0,-0.0002443593711818,107.3461,107.4461,106.9461,107.0161,81630.0,-0.0030741685072863
2017-08-28,123.33,124.73,123.33,124.69,11578265.0,0.0110273250628395,107.1861,107.1961,106.7361,106.9861,61069.0,-0.0018659135839442
2017-08-29,125.81,125.87,124.05,124.42,9861471.0,-0.011048406327001,106.3061,107.1061,106.3061,106.9961,47651.0,0.0064906905624418
2017-08-30,124.33,124.62,124.16,124.36,6328422.0,0.0002412933322609,106.9761,108.1461,106.8661,108.0861,189278.0,0.0103761494389868
2017-08-31,124.58,125.84,124.55,125.82,11775530.0,0.0099534435703964,108.5161,109.2661,108.4261,109.1761,86641.0,0.006082046811487
2017-09-01,126.01,126.17,125.12,126.06,11567404.0,0.0003967939052455,109.5461,109.5761,109.2261,109.3661,92865.0,-0.0016431438453764
2017-09-05,126.65,127.78,126.57,127.46,11813065.0,0.0063955783655743,109.3061,109.3761,108.0361,108.7861,292294.0,-0.0047572825304351
2017-09-06,127.34,127.44,126.55,126.81,10059273.0,-0.0041620857546725,109.1061,109.2161,108.6261,109.0461,60616.0,-0.0005499234231633
2017-09-07,127.56,128.32,127.39,128.13,10219719.0,0.0044684854186264,109.1661,109.4361,108.9261,109.3761,61199.0,0.0019236741076212
2017-09-08,128.21,128.3,127.59,127.97,9020001.0,-0.0018719288667031,109.0461,109.3761,108.8561,109.1761,62651.0,0.0011921563448854
2017-09-11,126.74,126.94,126.05,126.19,9126591.0,-0.0043395928672873,109.7761,110.1861,109.7561,110.1661,58644.0,0.0035526858760695
2017-09-12,126.03,126.59,125.94,126.56,8349012.0,0.0042053479330318,110.3261,110.5261,110.0561,110.5261,72072.0,0.0018128076674513
2017-09-13,126.4,126.45,125.5,125.61,8490963.0,-0.00625,110.5261,110.5361,110.1261,110.1861,60224.0,-0.0030761964820979
2017-09-14,125.66,126.44,125.62,126.16,5330663.0,0.0039789909279006,110.0461,110.0561,109.6861,109.9761,56720.0,-0.0006360970538709
2017-09-15,125.99,125.99,125.41,125.53,8375074.0,-0.0036510834193189,109.9661,110.0661,109.6061,110.0661,83863.0,0.0009093711607487
2017-09-18,124.71,124.76,123.97,124.36,8859807.0,-0.0028065111057653,110.2661,110.5461,109.9661,110.2361,142769.0,-0.0002720691128098
2017-09-19,124.49,124.65,124.03,124.62,5826537.0,0.0010442605831794,110.3461,110.3461,109.6861,109.8861,93865.0,-0.0041687019296559
2017-09-20,124.68,125.06,123.15,123.62,11415431.0,-0.0085017645171639,109.9651,110.0951,109.2351,109.8751,59212.0,-0.0008184414873446
2017-09-21,122.56,123.07,122.49,122.68,7757897.0,0.0009791122715405,109.8851,109.8951,109.4351,109.6851,59494.0,-0.0018200829775828
2017-09-22,123.03,123.39,122.93,123.24,6011928.0,0.0017069007559131,109.6151,110.1251,109.4851,110.0651,321756.0,0.0041052738172022
2017-09-25,122.78,124.66,122.71,124.53,10257209.0,0.0142531356898517,109.9951,110.0451,109.1151,109.5251,90310.0,-0.0042729176117845
2017-09-26,123.57,123.81,122.9,123.14,8673582.0,-0.003479809015133,109.8451,109.9951,109.3551,109.6151,99704.0,-0.0020938576231438
2017-09-27,122.04,122.51,121.88,121.98,6903944.0,-0.0004916420845624,110.1651,110.6251,109.7451,110.3851,72663.0,0.0019970026805222
2017-09-28,122.04,122.47,121.83,122.21,5968213.0,0.0013929859062601,110.2851,110.5951,110.0951,110.5851,71963.0,0.0027202224053838
2017-09-29,122.29,122.3,121.55,121.58,10207991.0,-0.0058058712895576,110.5951,111.2751,110.5951,111.2351,83161.0,0.0057868748253765
2017-10-02,121.17,121.34,120.74,120.77,11755378.0,-0.0033011471486341,111.2451,111.8051,111.1451,111.6651,423850.0,0.0037754471882357
2017-10-03,120.72,121.1,120.7,120.83,3728655.0,0.0009111994698475,111.8951,111.8951,111.4951,111.8751,140967.0,-0.0001787388366424
2017-10-04,121.21,121.27,120.71,121.17,6475238.0,-0.0003300057751009,111.8751,112.4051,111.6751,112.4051,118772.0,0.0047374259330271
2017-10-05,121.15,121.24,120.4,120.52,6205423.0,-0.0052001650846059,112.6151,112.8751,112.3651,112.8151,107511.0,0.0017759607725784
2017-10-06,120.26,121.21,119.78,121.09,10013282.0,0.0069017129552635,112.4951,112.8451,112.4551,112.8251,59881.0,0.0029334611018614
2017-10-09,121.64,122.11,121.55,122.08,5264116.0,0.0036172311739559,112.9351,112.9351,112.4251,112.5651,67438.0,-0.003276217934017
2017-10-10,122.62,122.97,122.36,122.4,9315476.0,-0.0017941608220518,113.0751,113.0951,112.4651,112.6651,79470.0,-0.0036259087986657
2017-10-11,122.57,122.88,122.03,122.79,5649430.0,0.0017948927143674,112.6351,112.8151,112.4751,112.8051,67120.0,0.0015092986111789
2017-10-12,122.84,123.04,122.5,122.89,3037576.0,0.0004070335395636,112.5851,113.1351,112.4651,113.0151,88480.0,0.0038193331089105
2017-10-13,123.66,123.86,123.34,123.82,6820348.0,0.0012938702895034,113.3251,113.3251,112.9851,113.0651,56241.0,-0.0022942843200668
2017-10-16,123.82,123.97,122.57,122.97,8201979.0,-0.0068648037473751,113.1851,113.2951,112.7551,112.9151,77125.0,-0.002385472999538
2017-10-17,122.03,122.32,121.73,122.13,7041261.0,0.0008194706219781,112.9051,113.1551,112.8851,113.0851,62219.0,0.0015942592495821
2017-10-18,121.71,121.94,121.55,121.67,3666407.0,-0.000328650069838,113.3251,113.3651,112.9551,113.1151,284640.0,-0.001853075796977
2017-10-19,122.2,122.55,122.11,122.39,5567279.0,0.0015548281505728,112.6551,113.3751,112.2351,113.3751,90696.0,0.0063911886812048
2017-10-20,121.68,121.98,121.39,121.61,8481102.0,-0.0005752794214333,113.9151,114.3251,113.8251,114.2051,109267.0,0.0025457555670846
2017-10-23,120.98,121.9,120.96,121.8,5069650.0,0.006777979831377,114.4551,114.4551,113.6151,113.6351,117623.0,-0.0071643814910825
2017-10-24,121.26,121.71,120.98,121.33,5114120.0,0.0005772719775688,113.8251,113.8851,113.5151,113.7251,69089.0,-0.0008785408490746
2017-10-25,121.31,121.59,120.84,121.35,4282369.0,0.0003297337400048,113.3851,113.4851,112.2651,112.7251,76735.0,-0.0058208706434972
2017-10-26,121.16,121.16,120.22,120.33,6438806.0,-0.0068504456916473,112.9551,113.3551,112.6951,113.2751,106256.0,0.0028329840795147
2017-10-27,120.38,120.99,120.21,120.9,6664180.0,0.0043196544276458,113.0451,113.8951,112.9751,113.8551,64766.0,0.0071652818211491
2017-10-30,120.93,121.47,120.8,121.13,5119241.0,0.0016538493343255,113.5151,113.7051,113.0051,113.2751,78405.0,-0.0021142561650389
2017-10-31,120.82,120.84,120.38,120.67,3910495.0,-0.0012415163052474,113.5951,114.0551,113.5651,113.9451,65674.0,0.0030811188158643
2017-11-01,120.98,121.55,120.83,121.11,4647787.0,0.0010745577781451,114.4751,114.5951,113.2051,113.4251,99416.0,-0.0091723003517795
2017-11-02,121.29,121.96,121.05,121.19,5369504.0,-0.0008244702778465,113.3351,113.7451,113.1851,113.4851,78537.0,0.0013235087805984
2017-11-03,121.36,121.43,120.18,120.62,6330642.0,-0.0060975609756097,113.6051,113.9551,113.3551,113.9351,94119.0,0.0029047991683473
2017-11-06,120.72,121.85,120.68,121.65,6953772.0,0.0077037773359841,114.0851,114.5051,114.0851,114.4451,85249.0,0.0031555391545434
2017-11-07,121.51,121.56,120.78,121.21,4165933.0,-0.0024689325981401,114.3951,114.5551,113.7851,114.0851,54602.0,-0.0027099062809508
2017-11-08,121.95,122.25,121.59,121.63,5565212.0,-0.0026240262402624,113.9851,114.6051,113.8651,114.5051,80868.0,0.0045619997701453
2017-11-09,121.85,122.41,121.73,122.13,6072442.0,0.0022979072630283,113.7451,114.0551,112.9551,113.8151,68787.0,0.0006154111254023
2017-11-10,121.99,122.11,120.94,121.13,7116200.0,-0.0070497581768997,113.6351,114.1051,113.4751,114.0551,49352.0,0.003696041099977
2017-11-13,121.43,121.55,121.27,121.31,6249346.0,-0.0009882236679568,113.6851,114.2951,113.4951,114.2251,82264.0,0.0047499628359388
2017-11-14,120.9,121.91,120.77,121.56,6188992.0,0.0054590570719602,113.8251,114.2351,113.6851,114.2251,70147.0,0.0035141633962982
2017-11-15,122.13,122.36,121.25,121.41,4984812.0,-0.0058953574060427,113.7751,114.0051,112.9051,113.6251,101232.0,-0.001318390403524
2017-11-16,121.45,121.71,121.29,121.4,2796545.0,-0.0004116920543433,114.0551,115.2251,114.0551,115.0151,70167.0,0.0084169844224415
2017-11-17,122.15,123.17,121.95,122.86,10613955.0,0.0058125255832991,115.0751,115.4151,115.0251,115.3151,89165.0,0.0020855945378278
2017-11-20,122.3,122.41,121.04,121.31,8356673.0,-0.0080948487326246,115.4651,115.7651,115.3851,115.6551,74746.0,0.0016455188624094
2017-11-21,121.67,122.0,121.5,121.51,4956456.0,-0.0013150324648639,116.3351,116.4851,116.0651,116.4351,115129.0,0.0008595857999864
2017-11-22,122.26,122.95,122.17,122.63,5211832.0,0.003026337313921,116.6151,116.6951,116.3551,116.3551,65952.0,-0.002229556892718
2017-11-24,122.36,122.61,122.22,122.32,1779705.0,-0.0003269042170644,116.6251,116.7851,116.5651,116.7551,48392.0,0.0011146828598646
2017-11-27,123.26,123.33,122.67,122.83,4961215.0,-0.0034885607658608,116.7651,116.8451,116.1851,116.2251,73010.0,-0.0046246695288233
2017-11-28,123.05,123.17,122.53,122.81,5603112.0,-0.0019504266558309,116.4751,117.2951,116.2551,117.2451,74672.0,0.0066108550239492
2017-11-29,122.24,122.33,121.74,122.04,6138941.0,-0.0016361256544501,117.1451,117.2751,116.1751,116.6151,70025.0,-0.0045243036200404
2017-11-30,121.44,121.69,120.64,121.1,7936260.0,-0.0027997364953886,116.9751,118.0251,116.9751,117.4551,76502.0,0.0041034373982155
2017-12-01,120.94,122.43,120.74,121.59,13080101.0,0.0053745659004465,117.3551,117.5251,114.9451,116.8151,134770.0,-0.0046014191117385
2017-12-04,121.15,121.2,120.84,121.18,6943679.0,0.0002476269087907,117.7851,117.9851,116.0151,116.0151,155591.0,-0.0150273676381817
2017-12-05,120.44,120.51,119.72,120.32,10041159.0,-0.0009963467286616,116.2451,116.4651,115.4951,115.5251,108199.0,-0.0061938094594954
2017-12-06,120.03,120.44,119.87,120.07,6643006.0,0.000333250020828,115.3451,115.5551,115.0251,115.2451,142607.0,-0.0008669635727916
2017-12-07,119.01,119.24,118.1,118.49,12900240.0,-0.0043693807243089,115.3451,116.2751,115.2451,116.1751,91999.0,0.0071957976541699
2017-12-08,118.63,118.92,118.33,118.48,5231287.0,-0.0012644356402258,116.8251,116.9451,116.5751,116.8051,60395.0,-0.0001711960871423
2017-12-11,118.37,118.54,117.8,118.01,4522244.0,-0.003041311143026,117.0051,117.0351,116.6251,116.8351,88813.0,-0.0014529281202272
2017-12-12,117.73,118.17,117.4,118.15,8020109.0,0.0035674849231292,116.9351,116.9351,116.4151,116.4251,72232.0,-0.0043613936277474
2017-12-13,118.19,119.35,118.01,119.17,10086657.0,0.0082917336492089,116.6151,116.9251,116.4151,116.4351,65160.0,-0.0015435393872662
2017-12-14,119.1,119.29,118.71,118.93,6993592.0,-0.0014273719563391,116.6551,116.7851,115.8351,115.8451,90444.0,-0.0069435455458012
2017-12-15,119.41,119.5,118.97,119.18,7531964.0,-0.0019261368394605,116.3851,117.1751,116.3151,116.8651,99446.0,0.0041242392711782
2017-12-18,119.63,119.99,119.6,119.73,5452212.0,0.0008359107247346,117.8351,118.2051,117.8251,118.0051,97647.0,0.0014426940699333
2017-12-19,119.67,119.9,119.53,119.82,4018885.0,0.0012534469791927,118.1751,118.2151,117.4151,117.5051,76431.0,-0.0056695530615163
2017-12-20,119.98,120.36,119.81,120.14,5734625.0,0.0013335555925987,117.8751,117.8751,117.0651,117.2651,83310.0,-0.0051749690986476
2017-12-21,120.07,120.45,120.0,120.31,4823709.0,0.0019988340134922,117.7707,117.7707,117.2107,117.2507,88312.0,-0.0044153596777467
2017-12-22,120.67,121.14,120.57,120.94,5791312.0,0.0022375072511808,117.3407,117.3807,116.9707,117.2807,80605.0,-0.0005113315328782
2017-12-26,121.55,121.87,121.51,121.77,8224411.0,0.0018099547511312,117.1507,117.5407,117.1507,117.4207,72865.0,0.0023047237447151
2017-12-27,122.0,122.34,121.88,122.23,6232678.0,0.0018852459016393,117.5007,117.9007,117.4207,117.7107,89743.0,0.0017872233952649
2017-12-28,122.82,122.92,122.56,122.85,5732725.0,0.0002442598925256,117.9207,118.3407,117.4907,118.2207,279860.0,0.0025440825910972
2017-12-29,123.7,124.08,123.46,123.65,7852109.0,-0.0004042037186741,118.5107,118.5107,117.4307,117.4507,173145.0,-0.0089443400469324
2018-01-02,124.66,125.18,124.39,125.15,11762515.0,0.0039306914808279,118.0007,118.4707,117.6507,118.4507,352692.0,0.0038135366993585
2018-01-03,125.05,125.09,124.1,124.82,7904326.0,-0.0018392642942823,118.7607,119.5807,118.7307,119.5107,174528.0,0.0063152204390846
2018-01-04,124.89,125.85,124.74,125.46,7329718.0,0.0045640163343741,120.1307,120.3007,119.7607,119.8207,212925.0,-0.0025805227140106
2018-01-05,124.93,125.48,124.83,125.33,5739904.0,0.0032017930040822,120.2607,120.7107,120.0607,120.6707,107791.0,0.0034092600492097
2018-01-08,125.2,125.32,124.9,125.31,3566707.0,0.0008785942492012,120.7007,121.3707,120.4407,121.2607,96120.0,0.0046395754125701
2018-01-09,124.49,124.86,124.23,124.73,9153584.0,0.0019278656920235,121.4707,121.5907,121.1107,121.2607,128037.0,-0.0017288119686475
2018-01-10,125.17,125.31,124.72,125.03,14809303.0,-0.0011184788687385,120.9407,120.9407,120.2007,120.4807,146879.0,-0.003803516930198
2018-01-11,125.37,125.66,125.25,125.44,5994730.0,0.0005583472920155,120.6607,121.6207,120.6607,121.6107,151735.0,0.0078733174927709
2018-01-12,126.01,127.13,125.81,126.96,9258570.0,0.0075390841996666,121.9207,122.4507,121.6207,122.3107,400536.0,0.003198800531821
2018-01-16,126.6,127.18,126.4,127.17,8083895.0,0.0045023696682465,122.8907,123.1907,121.0707,121.3707,190707.0,-0.0123687146382923
2018-01-17,126.77,127.22,125.9,126.14,10130509.0,-0.0049696300386526,122.0607,122.7507,121.5807,122.4607,115841.0,0.0032770580539027
2018-01-18,126.13,126.52,125.8,125.86,6289271.0,-0.0021406485372234,122.3907,122.6807,122.0207,122.3207,103479.0,-0.000571938880977
2018-01-19,126.57,126.73,126.41,126.42,8773753.0,-0.0011851149561506,122.5507,123.2807,122.5507,123.2807,89148.0,0.0059567183214782
2018-01-22,126.51,126.75,126.28,126.65,4893546.0,0.0011066318868073,123.2807,124.0107,122.9907,124.0107,106021.0,0.0059214459359819
2018-01-23,126.53,127.35,126.34,127.28,6190410.0,0.0059274480360388,124.1207,124.7107,123.9307,124.6407,122305.0,0.0041894704106566
2018-01-24,128.39,129.26,128.23,128.83,11827554.0,0.0034270581821016,124.8507,125.3907,124.0207,124.4607,120649.0,-0.0031237309842876
2018-01-25,128.69,129.51,127.36,127.97,15219664.0,-0.0055948403139326,125.1007,125.1007,124.2207,124.5607,76904.0,-0.0043165226093859
2018-01-26,128.24,128.52,127.97,128.07,7828744.0,-0.0013256394260762,124.8307,125.9607,124.8207,125.9607,98078.0,0.0090522603814607
2018-01-29,127.58,127.63,126.92,127.35,6956392.0,-0.0018027904060197,125.5907,125.7807,124.5307,124.7007,102283.0,-0.007086511978992
2018-01-30,127.91,127.92,126.74,126.8,9736105.0,-0.0086779767023688,123.8307,124.1507,123.2707,123.6007,111027.0,-0.0018573746251938
2018-01-31,127.45,127.85,126.4,127.65,13418904.0,0.0015692428403295,124.1107,124.3407,123.2107,123.7907,109216.0,-0.0025783433660433
2018-02-01,127.18,128.15,127.08,128.07,10854639.0,0.0069979556534045,123.4807,124.3307,123.2707,123.7307,468987.0,0.0020246078941891
2018-02-02,126.81,126.85,125.96,126.39,16789214.0,-0.0033120416370948,122.8907,122.9007,120.9307,121.0607,204208.0,-0.014891281439523
2018-02-05,126.82,127.31,126.44,126.71,13596327.0,-0.0008673710771171,119.9707,121.5307,116.2607,116.2707,285034.0,-0.0308408636442063
2018-02-06,126.54,126.55,125.22,125.38,17672450.0,-0.0091670617986408,113.8807,118.1807,113.2007,117.8007,469332.0,0.0344219872199591
2018-02-07,125.48,125.77,124.41,124.79,8558460.0,-0.005498884284348,117.4707,119.2107,117.0807,117.4407,197262.0,-0.0002553828316336
2018-02-08,124.92,125.44,124.51,124.98,7343637.0,0.0004803073967339,117.9407,118.0407,112.9607,112.9607,240192.0,-0.0422246094859535
2018-02-09,124.65,125.14,124.39,124.77,14140696.0,0.000962695547533,114.0707,115.3807,110.5807,114.5407,318321.0,0.0041202517386147
2018-02-12,125.19,125.82,125.11,125.37,6984852.0,0.0014378145219267,115.2307,116.9807,114.5407,116.3407,186783.0,0.0096328495791486
2018-02-13,125.67,126.18,125.52,126.08,5321327.0,0.0032625129306914,115.8507,117.0907,115.2507,116.8807,165351.0,0.0088907533575541
2018-02-14,126.47,128.59,126.29,128.23,16416413.0,0.0139163437969478,116.0507,118.9807,115.8307,118.8207,119966.0,0.0238688779990124
2018-02-15,128.43,128.57,127.94,128.38,7276495.0,-0.0003893171377404,119.6407,120.5707,118.5607,120.5707,104195.0,0.0077732744793369
2018-02-16,128.3,128.7,127.57,127.96,7956921.0,-0.0026500389711614,120.0807,121.2307,120.0207,120.3707,118405.0,0.0024150425505514
2018-02-20,127.28,127.4,126.04,126.24,11148745.0,-0.0081709616593338,119.7807,121.0507,119.5207,119.9007,238202.0,0.0010018308458708
2018-02-21,126.36,126.76,125.44,125.66,7908753.0,-0.00553972776195,120.2307,121.4607,119.2907,119.2907,91040.0,-0.0078183026464954
2018-02-22,125.92,126.37,125.88,126.3,5346347.0,0.0030177890724269,119.7007,120.3607,118.8507,119.1407,157551.0,-0.0046783352144139
2018-02-23,126.06,126.3,125.85,126.14,4239709.0,0.0006346184356655,119.9007,120.8907,119.3007,120.8907,58924.0,0.0082568325289176
2018-02-26,126.45,126.62,126.18,126.45,3194743.0,0.0,121.4607,121.7607,120.7107,121.7207,108232.0,0.0021406100903419
2018-02-27,126.06,126.15,124.59,125.13,7082301.0,-0.0073774393146121,121.8207,122.2407,120.2607,120.2607,106985.0,-0.0128057054342981
2018-02-28,125.09,125.46,124.81,125.0,4534884.0,-0.0007194819729794,120.7607,121.3907,119.4007,119.4007,96959.0,-0.0112619420059671
2018-03-01,124.15,125.31,123.58,124.72,12910071.0,0.0045912202980265,119.2407,119.9507,117.2307,118.0107,203085.0,-0.0103152698701031
2018-03-02,125.67,125.69,124.97,125.39,9994341.0,-0.0022280576112039,117.2007,119.7107,116.8407,119.5507,123927.0,0.0200510747802701
2018-03-05,125.35,125.48,124.96,125.18,5778343.0,-0.0013562026326285,118.8807,121.3507,118.8207,121.0507,70822.0,0.018253593728839
2018-03-06,126.2,126.96,126.13,126.53,8676781.0,0.0026148969889064,121.5907,122.1507,120.9407,122.1507,107797.0,0.0046056153965722
2018-03-07,126.22,126.29,125.42,125.72,5158674.0,-0.0039613373474885,121.0207,122.8007,121.0207,122.6807,127792.0,0.0137166616950653
2018-03-08,125.69,125.7,125.13,125.42,3474944.0,-0.0021481422547537,123.1207,123.3107,122.5207,123.1307,93195.0,8.122111066624147e-05
2018-03-09,124.94,125.69,124.78,125.54,5066833.0,0.0048023051064511,123.9507,125.4107,123.8307,125.4107,113887.0,0.0117788766017457
2018-03-12,125.04,125.57,124.84,125.54,2884269.0,0.0039987204094689,125.6307,125.8307,125.1807,125.5307,87495.0,-0.0007959837842184
2018-03-13,125.67,125.99,125.05,125.78,4798303.0,0.0008753083472586,126.1807,126.1807,124.4507,124.6907,86889.0,-0.0118084619914138
2018-03-14,125.49,125.76,125.34,125.7,3777021.0,0.0016734401147502,125.2807,125.2807,124.1607,124.4007,92325.0,-0.0070242263972024
2018-03-15,125.12,125.21,124.72,124.9,6130124.0,-0.0017583120204603,124.5907,124.7007,123.6607,124.0207,194527.0,-0.0045749803155451
2018-03-16,124.84,124.87,124.21,124.6,7402188.0,-0.0019224607497597,124.1907,124.7907,124.1707,124.5007,57159.0,0.0024961611457217
2018-03-19,124.57,125.16,124.42,124.87,4335420.0,0.0024082844986755,123.8207,124.1107,122.1307,123.0907,125418.0,-0.0058956216529223
2018-03-20,124.41,124.55,123.96,124.31,3399440.0,-0.0008037939072421,123.3107,123.8707,123.2307,123.6007,87338.0,0.0023517829353008
2018-03-21,125.4,126.76,125.03,126.48,12532035.0,0.0086124401913875,123.6807,124.6707,123.3607,123.5407,110907.0,-0.0011319470216452
2018-03-22,126.09,126.34,125.64,125.98,5298709.0,-0.0008723927353477,122.4181,123.0581,120.3081,120.3481,175824.0,-0.0169092642346188
2018-03-23,127.82,128.06,127.41,127.61,12025882.0,-0.001642935377875,120.3781,120.9581,117.6581,117.8181,212359.0,-0.021266326682345
2018-03-26,128.05,128.58,128.01,128.28,6169843.0,0.0017961733697773,119.8081,121.1081,118.4681,120.9781,238621.0,0.0097656168489442
2018-03-27,127.23,127.62,127.05,127.49,6180707.0,0.0020435431894992,121.7181,121.7181,117.8581,118.4981,200311.0,-0.0264545700269722
2018-03-28,126.48,126.61,125.51,125.73,10254883.0,-0.0059297912713472,118.5381,118.9781,117.2281,117.7181,163669.0,-0.0069176070816049
2018-03-29,125.42,125.81,125.31,125.79,7117156.0,0.0029500877053101,118.2981,120.3481,118.0381,119.5581,117008.0,0.0106510586391496
2018-04-02,126.65,127.54,126.38,127.26,11420636.0,0.0048164232135807,118.9781,119.2081,115.1781,116.3481,251008.0,-0.0221049083822988
2018-04-03,126.54,126.59,126.01,126.3,6083717.0,-0.0018966334755809,117.1481,117.7381,116.1381,117.4981,209413.0,0.0029876711615467
2018-04-04,127.5,127.53,126.32,126.45,7488254.0,-0.008235294117647,115.5281,119.1581,115.3681,118.9281,171157.0,0.0294300693943725
2018-04-05,125.45,126.08,125.43,125.8,5332957.0,0.0027899561578317,119.6281,120.2381,119.2681,119.7081,92602.0,0.0006687392009067
2018-04-06,126.57,126.6,126.13,126.39,6121225.0,-0.0014221379473808,118.4781,119.1981,115.7681,116.6281,159799.0,-0.0156147001006936
2018-04-09,126.45,126.86,126.23,126.82,4189864.0,0.0029260577303281,117.4581,118.7681,116.9281,116.9981,115435.0,-0.0039162901494235
2018-04-10,127.02,127.31,126.67,127.12,5403992.0,0.0007872775940797,118.6981,119.5881,118.1081,119.1681,296644.0,0.0039596253015001
2018-04-11,128.09,129.47,127.78,128.11,12348564.0,0.0001561402139121,118.2781,119.5081,118.2781,118.5581,134444.0,0.0023673021463821
2018-04-12,127.25,127.34,126.47,126.62,8141339.0,-0.0049508840864439,119.2481,119.8981,118.9881,119.4681,124426.0,0.0018448931261798
2018-04-13,127.07,127.75,127.03,127.45,6821338.0,0.0029904776894625,120.1981,120.1981,118.2981,118.8181,136421.0,-0.0114810467053971
2018-04-16,127.74,128.05,127.57,127.63,4600039.0,-0.0008611241584468,119.6981,120.4881,119.4281,120.0581,126582.0,0.0030075665361438
2018-04-17,127.02,127.78,127.0,127.75,4184077.0,0.0057471264367816,120.9181,122.2781,120.7381,121.9281,106240.0,0.0083527610837418
2018-04-18,128.32,128.54,127.75,127.85,6755575.0,-0.0036627182044887,122.2781,122.8281,121.7681,122.3581,85384.0,0.0006542463450118
2018-04-19,127.81,127.88,127.13,127.6,8736103.0,-0.0016430639230107,121.8281,122.0581,120.5381,120.9781,121856.0,-0.0069770438839644
2018-04-20,126.69,126.97,126.55,126.63,10403128.0,-0.0004735969689794,121.0081,121.1381,119.7681,120.1381,102436.0,-0.0071896013572645
2018-04-23,125.62,125.76,125.34,125.62,6921519.0,0.0,120.4981,120.9081,119.3581,119.9381,105201.0,-0.0046473761826948
2018-04-24,125.78,126.34,125.67,126.23,4733107.0,0.00357767530609,120.3881,120.6581,117.0181,117.9381,163975.0,-0.0203508486303877
2018-04-25,125.23,125.51,125.06,125.41,5985694.0,0.0014373552663099,117.7681,117.9381,116.5281,117.7881,253589.0,0.0001698252752655
2018-04-26,125.54,125.57,124.69,124.97,7517135.0,-0.004540385534491,118.4581,119.2681,117.8581,118.8981,69176.0,0.0037143935281757
2018-04-27,125.2,125.62,125.17,125.5,5653996.0,0.0023961661341852,119.1481,119.4381,118.7381,119.2381,68032.0,0.0007553624438828
2018-04-30,124.41,125.2,124.19,124.59,9830612.0,0.0014468290330359,119.5081,119.8681,118.4681,118.4681,93228.0,-0.0087023390046364
2018-05-01,123.9,123.98,123.39,123.71,7551577.0,-0.0015334947538338,118.2281,119.0981,117.7481,119.0181,87003.0,0.0066819986111593
2018-05-02,123.9,124.54,123.58,123.65,7614019.0,-0.0020177562550443,118.9081,119.5781,118.2181,118.3581,122507.0,-0.0046254208081704
2018-05-03,124.66,124.76,124.24,124.28,4857387.0,-0.0030482913524787,117.8381,118.8781,116.7881,118.5781,154653.0,0.0062798025426412
2018-05-04,124.1,124.65,124.0,124.54,5883574.0,0.0035455278001612,117.9981,120.4381,117.9481,119.9681,61614.0,0.0166951840749979
2018-05-07,124.5,124.7,124.3,124.57,3397508.0,0.0005622489959838,120.4281,121.2481,120.4281,120.8481,84102.0,0.0034875581363485
2018-05-08,124.14,124.95,123.79,124.59,5551078.0,0.0036249395843402,120.6081,121.5281,120.5681,121.4981,90044.0,0.007379272204769
2018-05-09,124.45,124.87,124.24,124.33,4405593.0,-0.000964242667738,121.8181,122.9781,121.5981,122.7381,90660.0,0.0075522438783727
2018-05-10,125.22,125.37,124.75,125.18,5218356.0,-0.0003194377894904,123.1581,124.0581,123.1581,123.7581,80125.0,0.0048717867521502
2018-05-11,125.57,125.59,124.94,125.0,4299164.0,-0.0045393007884048,123.8781,124.3781,123.6481,123.9681,144972.0,0.0007265206683021
2018-05-14,125.16,125.21,124.44,124.49,3753223.0,-0.0053531479705976,124.1981,124.5781,123.2381,123.4881,237509.0,-0.0057166736045075
2018-05-15,122.82,122.82,122.13,122.48,10911900.0,-0.0027682787819572,122.8081,122.9581,122.2081,122.7681,96992.0,-0.0003257114148007
2018-05-16,122.38,122.61,122.03,122.29,4943275.0,-0.0007354142833795,122.8581,123.5081,122.8381,123.2281,81592.0,0.003011604444477
2018-05-17,122.23,122.43,122.04,122.36,7781336.0,0.0010635686819929,123.1581,123.5681,122.5381,123.0581,293838.0,-0.0008119644586917
2018-05-18,122.05,122.65,122.01,122.41,6837125.0,0.0029496108152396,122.9481,123.5581,122.9381,123.4781,78303.0,0.0043107620207225
2018-05-21,122.16,122.53,121.97,122.48,4126673.0,0.0026195153896529,124.1381,124.7081,123.9281,124.3681,746459.0,0.0018527752559448
2018-05-22,122.7,122.74,122.34,122.41,4579602.0,-0.0023634881825591,124.6081,124.7381,123.2681,123.3781,68050.0,-0.0098709473942704
2018-05-23,122.14,122.74,122.11,122.54,7007256.0,0.0032749304077288,122.7781,123.9281,122.4981,123.9281,122079.0,0.0093664912553623
2018-05-24,123.1,123.82,123.08,123.59,8850085.0,0.0039805036555646,123.7481,124.1081,123.0181,123.8881,118982.0,0.0011313305012359
2018-05-25,123.66,123.7,123.21,123.21,7920650.0,-0.0036390101892285,123.6181,124.0681,123.4581,123.6881,81796.0,0.0005662601188661
2018-05-29,122.84,123.64,122.66,123.19,9013170.0,0.0028492347769455,122.9481,123.4081,122.0481,122.7781,128003.0,-0.0013826972519298
2018-05-30,123.17,123.61,123.17,123.37,4573697.0,0.001623772022408,123.4581,124.7781,123.4581,124.4481,173547.0,0.0080189149193126
2018-05-31,123.26,123.78,123.1,123.1,7862495.0,-0.0012980691221808,124.1581,124.3881,123.1581,123.2781,81719.0,-0.0070877373284546
2018-06-01,122.58,123.09,122.44,122.49,8059121.0,-0.000734214390602,123.9781,125.0681,123.9481,124.9281,223538.0,0.007662643644321
2018-06-04,122.85,122.93,122.37,122.37,4345370.0,-0.0039072039072038,125.1981,125.6581,124.7881,125.6481,113951.0,0.0035943037474211
2018-06-05,122.55,123.23,122.28,122.85,6864209.0,0.0024479804161566,125.7781,126.3281,125.6681,126.2081,109646.0,0.0034187191569916
2018-06-06,123.08,123.35,122.63,122.92,4083702.0,-0.0012999675008124,126.3681,127.3481,126.2081,127.3481,97165.0,0.0077551217435413
2018-06-07,122.96,123.15,122.69,122.86,3700745.0,-0.0008132726089784,127.5181,127.6481,125.9681,126.6181,110965.0,-0.0070578215955225
2018-06-08,123.08,123.12,122.91,123.01,3865667.0,-0.0005687357816054,126.3381,127.3881,126.3381,127.3381,245722.0,0.0079152686323444
2018-06-11,123.1,123.42,123.02,123.23,3201179.0,0.0010560519902519,127.3681,127.7181,127.2581,127.4781,85875.0,0.0008636385405764
2018-06-12,122.95,123.18,122.64,122.82,7279620.0,-0.0010573403822692,127.6981,128.7981,127.6981,128.6581,91886.0,0.0075177312739969
2018-06-13,122.84,123.34,122.47,123.19,5867744.0,0.0028492347769455,128.7681,129.0881,128.0081,128.1381,94596.0,-0.0048925160812343
2018-06-14,123.63,123.86,123.32,123.38,8015447.0,-0.0020221629054436,128.6781,129.1281,128.5381,128.9081,86273.0,0.0017874059377624
2018-06-15,122.18,122.2,120.83,121.34,14536993.0,-0.00687510230807,128.3381,129.0381,127.9481,128.9481,127836.0,0.004753070210639
2018-06-18,121.35,121.44,120.99,121.11,3845950.0,-0.0019777503090234,128.1681,129.3281,127.9681,129.2681,125146.0,0.0085824787915245
2018-06-19,120.81,121.03,120.58,120.8,4925832.0,-8.277460475130466e-05,128.0281,128.4881,127.1381,128.4081,90520.0,0.0029680984096459
2018-06-20,120.79,120.81,120.16,120.26,4548491.0,-0.0043877804454011,128.9381,129.5081,128.8681,129.1881,90285.0,0.0019389148746569
2018-06-21,119.92,120.32,119.82,120.05,5681906.0,0.0010840560373582,129.1581,129.2081,127.6781,127.7981,79742.0,-0.0105297306169724
2018-06-22,120.21,120.4,120.1,120.34,4518408.0,0.0010814408119125,128.3938,128.3938,127.3938,127.4638,73211.0,-0.0072433404105182
2018-06-25,120.0,120.23,119.83,119.89,9300195.0,-0.0009166666666666,126.8638,126.8638,124.2238,124.8638,129992.0,-0.0157649384615627
2018-06-26,119.28,119.59,119.09,119.26,8675447.0,-0.0001676727028839,125.1538,125.6238,124.5938,125.1138,83487.0,-0.0003196067558476
2018-06-27,118.96,119.05,118.48,118.58,6480501.0,-0.0031943510423671,125.5138,125.9738,123.3238,123.3238,104435.0,-0.0174482805874732
2018-06-28,118.59,118.67,118.01,118.22,7760936.0,-0.0031199932540686,123.1438,124.6638,122.7638,124.3138,82937.0,0.009501087346663
2018-06-29,118.43,118.94,118.26,118.65,8002828.0,0.0018576374229502,124.8138,125.5838,124.5938,124.5938,91021.0,-0.0017626256071043
2018-07-02,118.18,118.21,117.4,117.46,12021957.0,-0.0060924014215604,123.6038,124.8238,123.3738,124.7738,311491.0,0.0094657283999358
2018-07-03,118.41,119.08,118.38,118.65,8900973.0,0.0020268558398784,125.3338,125.5338,124.4438,124.6238,112414.0,-0.0056648725244107
2018-07-05,118.92,119.33,118.77,119.05,4951873.0,0.0010931718802555,125.2738,125.8538,124.5638,125.8338,63372.0,0.0044702084553993
2018-07-06,118.97,119.03,118.73,118.86,2947058.0,-0.0009246028410523,126.0038,127.3738,125.8038,127.2438,75036.0,0.009840973050019
2018-07-09,119.65,119.73,119.14,119.15,4075297.0,-0.0041788549937317,127.9238,128.2138,127.3338,128.2138,98777.0,0.0022669745582916
2018-07-10,118.89,119.0,118.61,118.93,3754770.0,0.0003364454537808,128.4638,128.6438,127.8738,128.3238,103647.0,-0.00108980117356
2018-07-11,118.45,118.53,117.62,117.64,6974791.0,-0.0068383284086112,127.6138,128.1838,127.4038,127.7638,72030.0,0.0011754214669573
2018-07-12,118.0,118.26,117.94,118.13,4585460.0,0.0011016949152541,128.4938,129.4438,128.1938,129.4238,127165.0,0.0072377032977467
2018-07-13,117.62,117.75,117.45,117.61,5444284.0,-8.501955449757792e-05,129.4638,129.7338,129.0938,129.3138,89537.0,-0.0011586250364967
2018-07-16,117.51,117.63,117.28,117.55,3670943.0,0.0003403965619946,129.3738,129.4938,128.3538,128.5838,88592.0,-0.0061063368317232
2018-07-17,116.72,116.93,116.12,116.28,7939635.0,-0.0037697052775873,128.2038,129.4638,128.0638,129.3638,67025.0,0.0090480937382511
2018-07-18,116.03,116.35,115.83,116.31,5391963.0,0.0024131690080151,129.2538,129.5938,128.9138,129.5838,83953.0,0.0025531164267509
2018-07-19,115.13,116.47,115.12,115.81,14227628.0,0.0059063667158864,129.2638,130.0338,128.9438,129.7638,77249.0,0.0038680589615963
2018-07-20,116.4,116.71,116.24,116.56,7892317.0,0.0013745704467353,129.6638,129.7938,129.3538,129.4238,216321.0,-0.0018509406634697
2018-07-23,116.25,116.31,115.76,116.0,6247368.0,-0.0021505376344086,129.3338,129.5638,128.8038,129.5038,79383.0,0.0013144282469085
2018-07-24,116.22,116.43,115.91,116.04,4801046.0,-0.001548786783686,129.9738,130.1438,128.2038,128.6138,72463.0,-0.0104636472889152
2018-07-25,116.79,116.84,116.27,116.68,5480914.0,-0.0009418614607414,128.5938,130.5238,128.5938,130.5238,75079.0,0.0150084996321751
2018-07-26,116.24,116.51,115.77,115.77,6382946.0,-0.0040433585684789,130.5238,130.7238,129.9438,130.4538,92712.0,-0.0005363006593433
2018-07-27,115.92,116.24,115.77,115.83,5242099.0,-0.0007763975155279,130.3838,130.3838,127.4338,127.9938,109930.0,-0.0183304981140296
2018-07-30,115.8,116.02,115.64,115.65,4157371.0,-0.0012953367875646,127.9738,128.0738,125.9038,126.0738,133662.0,-0.0148467889521135
2018-07-31,115.47,116.35,115.39,115.99,5508456.0,0.0045033341993591,126.4938,127.5138,125.9338,127.0338,102510.0,0.0042689839343905
2018-08-01,115.63,115.7,115.13,115.14,7941660.0,-0.0042376545879096,127.0538,127.3238,126.3638,126.7538,77562.0,-0.0023612044661395
2018-08-02,115.17,115.23,114.42,114.52,6204210.0,-0.0056438308587306,126.0038,128.2438,126.0038,128.1738,158335.0,0.0172217028375334
2018-08-03,115.09,115.53,114.86,114.92,5953227.0,-0.0014771048744461,128.4238,128.4438,127.4738,128.0638,139538.0,-0.0028032187180258
2018-08-06,114.56,114.72,114.31,114.33,5811614.0,-0.0020076815642458,128.0838,128.9038,128.0238,128.8638,76156.0,0.0060897631082151
2018-08-07,114.85,114.94,114.42,114.59,5188447.0,-0.0022638223770134,129.2338,129.5238,128.9838,129.4038,86755.0,0.0013154453401508
2018-08-08,114.75,114.95,114.41,114.91,3809872.0,0.0013943355119825,129.3738,129.3738,128.8338,128.9938,88177.0,-0.0029372253114617
2018-08-09,115.02,115.12,114.69,114.74,4252956.0,-0.0024343592418709,129.2238,129.9438,129.1438,129.3938,75753.0,0.0013155471360537
2018-08-10,114.81,115.23,114.61,114.69,6757857.0,-0.0010452051215051,128.4538,129.3138,128.4538,128.7438,78801.0,0.0022576210279492
2018-08-13,113.81,113.81,112.83,112.96,9150873.0,-0.0074685879975398,128.8538,129.3738,127.9538,128.1438,83001.0,-0.0055101207725345
2018-08-14,113.25,113.48,112.84,113.07,7086193.0,-0.0015894039735099,128.5338,129.3038,128.3038,129.1138,55505.0,0.0045124317494696
2018-08-15,112.17,112.18,111.06,111.19,12398366.0,-0.008736738878488,128.3438,128.4138,126.8838,127.6538,102703.0,-0.005376184903361
2018-08-16,111.46,111.88,111.1,111.1,7484637.0,-0.0032298582451103,128.5238,129.1838,128.1738,128.6438,150670.0,0.0009336792096094
2018-08-17,111.69,112.15,111.38,112.13,8470951.0,0.0039394753335123,128.4638,129.3838,128.3438,129.2738,92890.0,0.0063052782184553
2018-08-20,112.38,112.74,112.16,112.69,5313403.0,0.0027584979533725,129.5838,129.9738,129.1538,129.7738,131414.0,0.0014662326617987
2018-08-21,112.77,113.1,112.44,113.02,5042443.0,0.0022169016582424,129.9938,130.7738,129.9538,130.3838,87181.0,0.0030001430837471
2018-08-22,113.39,113.49,113.07,113.27,6215910.0,-0.0010582943822206,130.0538,130.7038,130.0338,130.5438,49656.0,0.003767671532858
2018-08-23,112.68,112.88,112.06,112.2,5500102.0,-0.0042598509052183,130.3838,130.9338,130.1138,130.3638,102786.0,-0.0001533932896572
2018-08-24,113.25,114.42,113.21,114.16,9214703.0,0.0080353200883001,131.0638,132.0238,131.0638,131.9538,96166.0,0.0067905859588995
2018-08-27,114.12,114.78,114.12,114.59,4364167.0,0.0041184717840869,132.5138,133.0538,132.4838,132.7938,78763.0,0.0021129874775306
2018-08-28,114.76,114.87,113.55,113.68,6101386.0,-0.009410944579993,133.1138,133.4138,132.5438,133.1238,70024.0,7.512369115742249e-05
2018-08-29,114.16,114.21,113.85,114.2,5616329.0,0.0003503854239664,133.2738,134.0038,133.0438,133.8838,95231.0,0.0045770436499898
2018-08-30,113.92,113.93,113.24,113.64,5431837.0,-0.0024578651685393,133.5338,133.7738,132.7138,132.9538,77987.0,-0.0043434695934663
2018-08-31,113.72,114.06,113.44,113.51,5048673.0,-0.0018466408723179,132.8538,133.4238,132.8538,133.3938,63781.0,0.0040646184000758
2018-09-04,112.75,113.07,112.61,112.93,6617486.0,0.0015964523281597,133.1038,133.5638,132.7138,133.4338,105875.0,0.0024792680599651
2018-09-05,113.36,113.44,113.12,113.32,4459202.0,-0.0003528581510233,133.2538,133.2538,131.3038,132.2338,136764.0,-0.0076545659485884
2018-09-06,113.89,114.26,113.28,113.54,4784729.0,-0.0030731407498462,132.3538,132.7438,131.5638,132.0038,130161.0,-0.0026444272850495
2018-09-07,113.26,113.6,112.97,113.23,3714023.0,-0.0002648772735299,131.4638,132.5338,131.0638,131.5938,84512.0,0.0009888653758676
2018-09-10,113.26,113.43,113.0,113.15,2316718.0,-0.0009712166696097,132.3638,132.7338,132.0238,132.5138,98175.0,0.0011332403572578
2018-09-11,112.65,113.37,112.42,113.22,3791338.0,0.0050599201065245,132.1838,133.2438,131.9638,132.9538,119047.0,0.0058252221527903
2018-09-12,113.12,114.39,113.06,114.17,6315934.0,0.0092821782178217,132.8038,133.2538,131.8638,133.1438,76774.0,0.0025601677060445
2018-09-13,114.72,114.78,113.58,113.76,5636023.0,-0.00836820083682,133.6638,134.0738,133.4338,133.7338,80426.0,0.0005237020045815
2018-09-14,113.79,113.9,112.91,113.02,5375645.0,-0.0067668512171544,133.9138,134.1538,133.3438,133.8438,243822.0,-0.0005227243196744
2018-09-17,113.6,114.03,113.55,113.61,4727254.0,8.802816901412955e-05,133.8438,133.8438,132.0938,132.2338,123616.0,-0.0120289471757375
2018-09-18,113.79,113.91,113.28,113.44,4737849.0,-0.0030758414623429,132.4238,133.2638,132.4238,132.9738,67607.0,0.0041533319539237
2018-09-19,113.94,114.15,113.68,113.88,4223199.0,-0.0005265929436545,132.9838,133.1538,132.2338,132.4538,128050.0,-0.0039854478515428
2018-09-20,114.21,114.37,113.86,114.27,4384523.0,0.0005253480430785,132.9038,133.3338,132.6838,133.2138,74564.0,0.0023325141944775
2018-09-21,112.87,113.68,112.79,113.49,6831550.0,0.0054930450961282,133.6538,133.7538,132.7938,132.8838,68560.0,-0.0057611530685994
2018-09-24,113.68,113.96,113.43,113.47,4435578.0,-0.0018472906403941,132.6338,132.8738,132.1338,132.7638,81487.0,0.0009801423166643
2018-09-25,113.75,113.89,113.57,113.65,3004824.0,-0.0008791208791208,133.0838,133.3938,132.9438,133.2038,126883.0,0.0009016875081715
2018-09-26,113.11,113.6,112.66,113.05,8297429.0,-0.0005304570771815,133.3238,133.7838,132.4038,132.5638,88682.0,-0.005700407579142
2018-09-27,112.1,112.42,111.85,112.05,7683739.0,-0.0004460303300624,132.7738,133.1738,132.7138,132.7838,70612.0,7.531606386214243e-05
2018-09-28,112.16,113.0,112.07,112.76,6020579.0,0.0053495007132668,132.4363,133.3163,132.4363,132.9263,71706.0,0.0036998919480535
2018-10-01,112.4,112.62,112.15,112.57,3893012.0,0.0015124555160141,133.5463,133.5863,132.2063,132.4863,143996.0,-0.0079373221122562
2018-10-02,113.7,114.33,113.61,113.87,10776912.0,0.001495162708883,132.3363,132.3363,131.1863,131.2863,137489.0,-0.0079343309432104
2018-10-03,113.87,114.05,113.26,113.42,6674517.0,-0.0039518749451128,131.9263,132.1063,131.2663,131.5963,99737.0,-0.0025013966131088
2018-10-04,113.83,114.19,113.26,113.48,6616212.0,-0.003074760607924,131.1563,131.1563,128.6963,129.4563,130730.0,-0.0129616343248474
2018-10-05,113.81,114.1,113.57,113.8,7994440.0,-8.786574114757152e-05,129.4963,129.9963,127.3763,128.4763,133995.0,-0.0078766729242455
2018-10-08,112.25,112.59,111.9,112.54,12111577.0,0.0025835189309577,128.0963,128.1563,126.0363,127.1463,124281.0,-0.0074162953965104
2018-10-09,112.37,112.67,111.97,112.6,8352697.0,0.0020468096467027,126.8663,127.7263,126.6063,126.7963,91299.0,-0.0005517619730377
2018-10-10,112.47,112.96,112.25,112.88,10571316.0,0.0036454165555258,126.2563,126.4763,121.4963,121.6163,267720.0,-0.0367506413541344
2018-10-11,114.2,116.04,114.09,115.78,26810920.0,0.0138353765323992,120.8763,122.4463,118.7663,119.3563,391952.0,-0.0125748389055587
2018-10-12,115.58,115.71,115.08,115.23,12939315.0,-0.0030282055718982,121.8463,122.3663,119.7863,121.5163,402535.0,-0.002708330084705
2018-10-15,116.12,116.53,115.89,116.0,11828366.0,-0.0010334137099552,121.4063,122.2563,120.6763,121.1763,97819.0,-0.0018944651142486
2018-10-16,116.49,116.6,115.8,115.8,9531769.0,-0.0059232552150398,122.0963,124.8763,121.8763,124.7163,155079.0,0.0214584717145401
2018-10-17,115.89,116.33,115.68,115.79,7078639.0,-0.0008628872206402,124.6563,124.7163,122.8663,124.1463,106852.0,-0.0040912492990727
2018-10-18,115.83,116.41,115.63,115.92,7964106.0,0.0007770007770008,123.6563,123.8363,121.3163,121.9863,91217.0,-0.0135051752316703
2018-10-19,116.23,116.24,115.96,116.01,7453947.0,-0.0018927987610771,122.4863,123.2163,120.5263,120.6863,170266.0,-0.0146955210501092
2018-10-22,115.57,115.78,115.43,115.71,5200759.0,0.0012113870381586,121.0963,121.3063,119.7963,120.5863,91178.0,-0.0042115242166771
2018-10-23,117.16,117.25,116.33,116.39,12704177.0,-0.0065722089450324,118.3463,120.1663,116.7763,119.4763,136916.0,0.0095482495016742
2018-10-24,116.38,116.72,116.11,116.66,8563293.0,0.0024059116686716,119.5563,120.0163,115.0563,115.0663,181139.0,-0.0375555282323055
2018-10-25,116.58,116.73,116.19,116.4,8303495.0,-0.0015440041173442,115.9363,117.8163,115.1563,117.0563,260567.0,0.0096604773483368
2018-10-26,116.83,117.65,116.46,116.77,15733170.0,-0.0005135667208765,114.6663,116.4263,112.8963,114.7363,184484.0,0.0006104670683539
2018-10-29,116.41,116.54,115.84,116.31,8732486.0,-0.0008590327291469,117.2263,117.6163,112.5363,114.2263,402195.0,-0.0255915268160813
2018-10-30,115.85,116.04,115.64,115.8,7233614.0,-0.0004315925766076,114.2963,117.1463,114.2963,117.0663,210735.0,0.0242352552094861
2018-10-31,114.89,115.17,114.66,115.15,11409346.0,0.0022630342066324,118.5263,120.3363,118.5263,119.1163,210102.0,0.0049777981764383
2018-11-01,116.33,117.07,116.18,116.63,13662915.0,0.0025788704547407,119.2663,121.4963,118.9363,121.2863,169330.0,0.0169368882911601
2018-11-02,116.61,116.98,116.39,116.65,8796962.0,0.000343023754395,122.3963,122.6763,119.8563,120.8163,218441.0,-0.012908886951648
2018-11-05,116.28,116.67,116.23,116.37,6291450.0,0.0007739938080495,120.9063,121.3163,119.8263,120.9263,88327.0,0.0001654173521147
2018-11-06,116.44,116.53,115.74,116.04,7270793.0,-0.0034352456200617,120.8263,121.6363,120.7363,121.4963,68041.0,0.0055451503521998
2018-11-07,116.26,116.35,115.9,116.03,8392112.0,-0.001978324445209,122.5863,124.0063,122.5863,123.9263,102687.0,0.0109310746796338
2018-11-08,115.77,116.15,115.5,115.78,7638817.0,8.637816360028605e-05,123.3563,123.9463,123.0063,123.5463,173830.0,0.0015402537203207
2018-11-09,114.6,114.75,114.14,114.48,14159472.0,-0.001047120418848,122.5763,122.5763,120.9363,121.9963,111505.0,-0.004731746675336
2018-11-12,114.01,114.05,113.58,113.66,7499046.0,-0.0030699061485835,121.7763,121.8163,118.8063,118.9763,116362.0,-0.0229929797505755
2018-11-13,113.72,113.93,113.42,113.7,9309074.0,-0.0001758705592683,119.3363,120.5963,118.5663,118.9063,97384.0,-0.0036032623769967
2018-11-14,113.53,115.06,113.46,114.64,13950218.0,0.0097771514137232,120.1263,120.3563,117.4463,118.1063,101375.0,-0.0168156348776246
2018-11-15,114.83,114.99,114.56,114.77,8910585.0,-0.0005225115387965,117.1563,120.2763,118.0563,120.0363,99059.0,0.0245825448567426
2018-11-16,115.83,115.88,115.37,115.62,8576955.0,-0.0018130018130017,119.3563,120.8563,119.2863,120.5063,110916.0,0.0096350171712761
2018-11-19,115.45,115.92,115.37,115.67,8508445.0,0.0019055868341273,120.2463,120.4463,117.0263,117.2863,124267.0,-0.0246161420351396
2018-11-20,115.94,115.95,115.37,115.67,9075193.0,-0.0023287907538381,115.0263,116.7563,114.4863,115.4163,222388.0,0.0033905289485969
2018-11-21,115.94,116.35,115.86,115.86,8834206.0,-0.0006900120752113,116.5163,117.8863,116.4663,116.9563,153355.0,0.0037762956770855
2018-11-23,115.76,115.88,115.58,115.77,3726611.0,8.638562543184956e-05,115.9763,117.5763,115.9763,116.7463,67276.0,0.0066392875096033
2018-11-26,115.84,115.87,115.53,115.64,4018622.0,-0.0017265193370165,118.1763,119.1063,117.9163,119.0263,179782.0,0.0071926435334327
2018-11-27,115.55,115.63,114.6,114.95,9671170.0,-0.0051925573344871,118.4163,118.8663,117.9263,118.4863,99472.0,0.0005911348353224
2018-11-28,114.76,116.07,114.59,115.38,13789016.0,0.0054025792959218,119.1463,121.7363,118.9263,121.7363,107541.0,0.0217379809528286
2018-11-29,115.97,116.24,115.56,115.74,6479502.0,-0.001983271535742,121.0963,122.3663,120.6363,121.5363,111559.0,0.0036334718732116
2018-11-30,115.42,115.66,115.04,115.54,8169579.0,0.0010396811644429,121.4563,122.4463,121.3163,122.3163,103304.0,0.0070807360342773
2018-12-03,116.6,116.77,116.3,116.41,8463378.0,-0.0016295025728987,124.6663,125.2663,123.3463,124.3563,905149.0,-0.0024866383296849
2018-12-04,117.37,117.39,116.93,117.12,7186437.0,-0.002130016188123,123.9263,124.2563,119.4463,119.6163,196504.0,-0.0347787354258135
2018-12-06,117.38,117.69,116.92,117.14,9267628.0,-0.0020446413358322,117.4263,119.7363,115.9363,119.7363,256483.0,0.0196719133618278
2018-12-07,117.62,118.23,117.54,118.09,10402903.0,0.0039959190613841,119.3763,120.3763,115.5963,116.1563,232894.0,-0.0269735282463939
2018-12-10,117.7,117.94,117.42,117.68,8118110.0,-0.0001699235344094,116.0463,117.0063,114.2363,116.6063,478039.0,0.0048256601029072
2018-12-11,117.67,117.89,117.35,117.54,6395391.0,-0.0011047845670093,118.7363,118.7963,115.9163,116.5463,703579.0,-0.0184442331452133
2018-12-12,117.7,117.95,117.61,117.79,4136781.0,0.0007646559048428,118.2663,119.2863,117.5763,117.5963,528222.0,-0.0056651810363561
2018-12-13,117.54,117.62,117.26,117.53,4131770.0,-8.50774204526554e-05,117.9963,118.4463,116.3563,116.7963,156807.0,-0.0101698104093094
2018-12-14,116.63,117.3,116.58,117.06,7501660.0,0.003686873017234,115.5463,116.4963,114.5563,114.9063,159223.0,-0.0055389051834632
2018-12-17,117.37,118.03,117.35,117.87,8455007.0,0.004260032376246,114.2963,114.6763,111.0363,111.6463,324754.0,-0.0231853524567287
2018-12-18,117.85,118.2,117.81,118.15,7542875.0,0.0025456088247773,112.7263,113.0663,110.9163,111.6863,407459.0,-0.0092258860620812
2018-12-19,118.24,118.96,117.4,117.43,13827509.0,-0.0068504736129904,111.9163,113.6763,109.2363,109.9863,277930.0,-0.0172450304379255
2018-12-20,119.11,119.74,118.68,119.24,18615143.0,0.0010914280916799,109.3163,109.8563,106.1163,107.5463,394568.0,-0.0161915469147784
2018-12-21,119.19,119.25,118.57,118.72,13629830.0,-0.0039432838325362,107.9863,108.9763,104.8663,105.2263,398550.0,-0.0255587977363795
2018-12-24,119.57,120.14,119.57,120.02,9736359.0,0.0037634858242034,104.3252,104.8552,102.5152,102.5452,253431.0,-0.0170620329508115
2018-12-26,120.62,121.0,119.57,119.66,14293459.0,-0.0079588791245233,103.2152,108.3352,102.6752,108.2652,863465.0,0.048926902239205
2018-12-27,120.57,120.9,120.14,120.57,11874408.0,0.0,106.5052,109.4752,105.1652,109.4752,626568.0,0.0278859623755459
2018-12-28,120.8,121.08,120.72,121.06,6864842.0,0.0021523178807947,110.0952,110.7052,108.2952,109.1152,472220.0,-0.0089013871631097
2018-12-31,120.98,121.26,120.83,121.25,8449441.0,0.0022317738469168,109.9752,110.4252,109.0852,110.4252,466207.0,0.0040918316129454
2019-01-02,121.35,121.75,120.88,121.33,12776155.0,-0.0001648125257519,108.3652,110.2852,108.1352,109.6552,163427.0,0.0119041906442288
2019-01-03,121.78,122.46,121.73,122.43,15440840.0,0.0053374938413533,108.9252,109.0552,106.6152,106.8052,291062.0,-0.0194628974745972
2019-01-04,121.32,121.6,120.69,121.44,13334368.0,0.0009891196834817,108.5052,111.3252,108.5052,110.9052,261762.0,0.0221187555988099
2019-01-07,122.16,122.22,121.57,121.86,7473641.0,-0.0024557956777995,111.0852,113.5552,111.0852,112.7652,181693.0,0.0151235268064511
2019-01-08,121.15,121.71,121.06,121.53,7643363.0,0.0031366075113495,114.1152,114.6552,112.8852,114.6352,140831.0,0.0045567987437256
2019-01-09,121.45,122.33,121.44,122.31,10555933.0,0.0070811033347056,115.1652,116.1952,115.0452,115.7852,231759.0,0.0053835707314362
2019-01-10,121.98,122.18,121.57,121.59,6672058.0,-0.0031972454500737,114.9152,116.6652,114.5852,116.6552,103980.0,0.0151416000668318
2019-01-11,121.74,122.05,121.66,121.8,8622666.0,0.0004928536224741,115.9552,116.5652,115.6852,116.5452,248656.0,0.0050881719836625
2019-01-14,122.15,122.24,121.87,122.09,6477072.0,-0.0004911993450675,115.5552,116.2652,115.2452,115.7852,214228.0,0.0019903907396638
2019-01-15,122.28,122.38,121.62,121.88,7512779.0,-0.0032711808963036,116.0252,117.5152,116.0252,117.4052,153785.0,0.011893967862154
2019-01-16,122.04,122.44,122.02,122.27,6878137.0,0.0018846279908225,117.4852,117.9852,117.1852,117.5352,112634.0,0.0004255855205591
2019-01-17,122.03,122.26,121.81,122.11,8558523.0,0.0006555764975825,117.0752,119.3052,116.9452,118.7652,129549.0,0.0144351664571147
2019-01-18,121.23,121.52,121.02,121.02,10896307.0,-0.0017322444939372,119.9052,121.0052,119.3952,121.0052,186673.0,0.0091739140587731
2019-01-22,121.18,121.5,120.9,121.45,7896668.0,0.0022280904439676,120.1852,120.2152,118.3352,119.0252,242196.0,-0.009651770767116
2019-01-23,120.96,121.54,120.86,121.28,5224918.0,0.0026455026455027,119.5952,120.1252,117.7052,118.9552,232860.0,-0.0053513853398798
2019-01-24,121.16,121.36,120.92,121.09,5662490.0,-0.0005777484318256,118.8852,119.9552,118.8852,119.8252,107183.0,0.0079067873881694
2019-01-25,122.02,122.91,122.02,122.86,11103309.0,0.0068841173578102,120.8052,121.7152,120.5652,121.5852,106087.0,0.0064566757060126
2019-01-28,122.75,123.29,122.72,123.29,8522178.0,0.0043991853360489,120.2752,120.8852,119.9152,120.8352,224079.0,0.0046559889320491
2019-01-29,123.71,124.0,123.46,123.98,11610204.0,0.0021825236440062,121.0552,121.0552,120.0852,120.6352,96221.0,-0.0034694916038303
2019-01-30,123.91,125.07,123.7,124.69,12103963.0,0.0062948914534743,121.4652,123.0752,120.8452,122.8352,187589.0,0.0112789506788776
2019-01-31,125.18,125.23,124.62,124.75,10209516.0,-0.003435053522927,122.7052,124.1152,122.7052,123.6652,208202.0,0.0078236293164429
2019-02-01,124.89,125.05,124.37,124.5,12485496.0,-0.003122748018256,123.8552,124.4352,123.4652,124.3752,340982.0,0.0041984510945039
2019-02-04,123.99,124.29,123.82,123.96,6879187.0,-0.0002419549963706,124.4352,125.2552,123.9652,125.2552,150522.0,0.0065897752404464
2019-02-05,124.29,124.42,124.05,124.28,6291367.0,-8.045699573582038e-05,125.4552,125.9452,125.2052,125.8452,144275.0,0.0031086794329768
2019-02-06,124.16,124.19,123.4,123.44,6595100.0,-0.0057989690721649,125.7852,126.0352,125.1352,125.6352,122681.0,-0.00119250913462
2019-02-07,123.8,123.95,123.44,123.74,5935456.0,-0.0004846526655896,124.8052,125.4552,123.8952,124.8552,138836.0,0.0004006243329604
2019-02-08,124.05,124.33,123.98,124.21,4235221.0,0.0012898024989923,124.1552,125.5352,124.0852,125.5352,163632.0,0.0111151204299136
2019-02-11,123.19,123.82,123.19,123.6,4821904.0,0.0033281922233947,125.9552,126.2952,125.6152,126.0552,137752.0,0.0007939330809684
2019-02-12,123.96,124.03,123.61,123.86,4271869.0,-0.0008067118425298,126.9552,127.7052,126.6652,127.5252,114623.0,0.004489772770237
2019-02-13,123.84,124.55,123.31,123.37,7640509.0,-0.0037952196382428,128.0552,128.2752,127.4252,128.0052,152629.0,-0.0003904566155846
2019-02-14,123.84,124.2,123.53,124.06,6276529.0,0.0017764857881136,127.4052,128.6252,127.3752,128.1252,111214.0,0.005651260702075
2019-02-15,124.59,125.0,124.18,124.8,12190104.0,0.0016855285335901,129.1952,129.5252,128.9652,129.5052,124795.0,0.0023994699493479
2019-02-19,125.98,126.79,125.93,126.7,15614028.0,0.0057151928877599,129.1052,130.0152,129.0952,129.6952,120810.0,0.0045699166261312
2019-02-20,127.0,127.21,126.31,126.48,8889665.0,-0.0040944881889763,129.7252,129.8452,129.0052,129.6052,218936.0,-0.0009250322990444
2019-02-21,126.15,126.22,125.05,125.05,8634596.0,-0.0087197780420135,129.3352,129.3352,128.4552,128.9652,122627.0,-0.0028607834526097
2019-02-22,125.53,125.95,125.39,125.5,5439375.0,-0.0002389866964072,129.3952,130.0652,129.3652,130.0052,90781.0,0.0047142397863291
2019-02-25,125.78,125.9,125.23,125.37,4882615.0,-0.0032596597233264,130.9952,131.2652,130.2252,130.3352,108285.0,-0.0050383525503226
2019-02-26,125.33,125.62,125.05,125.58,5153511.0,0.0019947339024974,130.1952,130.4052,129.7952,129.8252,132588.0,-0.0028418866440545
2019-02-27,125.17,125.23,124.4,124.69,7935647.0,-0.0038347846928177,129.6052,130.4552,129.1652,130.3552,138798.0,0.0057868048504226
2019-02-28,124.71,124.71,123.98,123.99,7811731.0,-0.0057733942747173,130.2352,130.8252,129.8652,130.1552,254059.0,-0.0006142732533138
2019-03-01,123.48,123.96,121.87,121.88,16411743.0,-0.0129575639779722,131.1652,131.4652,130.2352,131.2652,123531.0,0.0007623973431976
2019-03-04,121.56,121.85,121.18,121.56,10272586.0,0.0,131.8752,131.8752,128.7352,130.0652,173813.0,-0.0137250976680983
2019-03-05,121.38,121.73,121.03,121.72,7120090.0,0.0028011204481793,130.1052,130.2152,129.4952,129.7252,99361.0,-0.002920713391932
2019-03-06,121.43,121.64,121.26,121.61,4820443.0,0.0014823355019352,129.7352,129.7452,128.4752,128.5752,170138.0,-0.0089412896422867
2019-03-07,121.27,121.71,121.18,121.51,6088768.0,0.0019790550012369,128.4352,128.5452,127.1952,127.7952,201000.0,-0.004983057604146
2019-03-08,122.7,122.89,122.37,122.84,10427747.0,0.0011409942950285,126.5852,127.4052,126.1752,127.3452,126506.0,0.0060038614308782
2019-03-11,122.52,122.54,121.92,122.24,6708655.0,-0.0022853411687887,127.7852,129.4752,127.6252,129.4752,84384.0,0.0132253187380072
2019-03-12,122.54,123.03,122.4,122.98,6289860.0,0.0035906642728904,129.6952,130.3152,129.3852,130.0652,97722.0,0.002852842664956
2019-03-13,123.56,123.88,123.43,123.84,7377297.0,0.0022661055357721,130.5752,131.5852,130.5752,130.9252,121400.0,0.0026804477419907
2019-03-14,122.33,122.55,122.12,122.41,6778443.0,0.000653968772991,130.9452,131.0352,130.3852,130.6852,149067.0,-0.0019855634265325
2019-03-15,123.06,123.4,122.91,122.97,9412061.0,-0.0007313505607021,130.9052,131.7852,130.9052,131.2352,104003.0,0.0025209082603287
2019-03-18,123.3,123.4,122.89,123.04,7783205.0,-0.0021086780210867,131.7152,132.3452,131.2052,132.0952,236165.0,0.0028850125118437
2019-03-19,123.72,123.79,123.34,123.38,6558693.0,-0.0027481409634659,132.6452,132.9552,131.8352,132.2952,128144.0,-0.002638617907018
2019-03-20,123.66,124.42,122.65,124.18,11304912.0,0.0042050784408863,132.1452,132.8252,130.9452,131.7652,109587.0,-0.002875624691627
2019-03-21,124.36,124.37,123.11,123.68,7739775.0,-0.0054679961402379,131.3152,134.5052,131.3152,134.2952,130039.0,0.0226934886441172
2019-03-22,123.93,124.22,123.73,123.97,5874016.0,0.0003227628499959,133.4952,133.7152,131.0652,131.0952,189194.0,-0.0179781744961617
2019-03-25,124.56,125.11,124.48,124.92,7288343.0,0.0028901734104046,130.8752,131.4852,130.1052,131.0752,129541.0,0.0015281734048925
2019-03-26,124.48,124.51,124.07,124.3,5056224.0,-0.0014460154241645,132.0852,132.6452,131.2652,132.0952,76922.0,7.570870922722098e-05
2019-03-27,124.35,124.38,123.56,123.65,6595016.0,-0.0056292722155206,132.0852,132.2052,130.2152,131.3052,101307.0,-0.0059052793197116
2019-03-28,122.28,122.36,121.71,121.9,11878328.0,-0.0031076218514883,131.7141,132.6341,131.4141,132.5541,143036.0,0.0063774493391368
2019-03-29,122.64,122.75,122.01,122.01,7094201.0,-0.0051369863013698,133.5741,133.9441,133.0741,133.7341,118896.0,0.0011978370058269
2019-04-01,122.4,122.43,121.46,121.53,13559963.0,-0.0071078431372549,134.9541,135.3541,134.4541,135.2841,199582.0,0.0024452758382293
2019-04-02,121.72,122.01,121.68,121.98,4474953.0,0.0021360499507065,135.3841,135.7141,134.9341,135.6541,153327.0,0.0019943257738538
2019-04-03,121.73,122.01,121.68,121.8,6152734.0,0.0005750431282345,136.4241,136.8241,135.8541,136.2041,150340.0,-0.0016126182983798
2019-04-04,121.1,122.24,120.96,122.11,7508760.0,0.0083402146985962,136.3041,136.3741,134.9641,135.8041,111292.0,-0.003668268232577
2019-04-05,121.88,122.13,121.66,121.98,5114493.0,0.0008204791598294,136.2041,136.9341,136.1641,136.9341,128421.0,0.0053596037123698
2019-04-08,122.97,123.02,122.4,122.51,4271034.0,-0.0037407497763681,136.6941,137.0241,135.8641,137.0241,193632.0,0.0024141495499806
2019-04-09,123.26,123.35,123.03,123.15,4648392.0,-0.0008924225214992,136.6341,136.6841,135.9341,136.1441,76639.0,-0.0035862204237447
2019-04-10,123.22,123.77,123.19,123.53,6344767.0,0.0025158253530271,136.3341,136.9941,136.3341,136.9941,111032.0,0.0048410485711204
2019-04-11,122.54,122.75,121.79,121.95,11694503.0,-0.0048147543659213,137.2041,137.2041,136.6341,137.0341,80529.0,-0.0012390300289861
2019-04-12,121.96,122.31,121.8,121.83,5272844.0,-0.0010659232535257,138.0641,138.1941,137.5941,138.1341,98546.0,0.0005070108739345
2019-04-15,121.2,121.82,121.1,121.6,4252774.0,0.0033003300330032,138.2441,138.3741,137.6541,138.1341,98387.0,-0.0007956939934508
2019-04-16,120.38,120.63,120.19,120.51,10097802.0,0.0010799136069115,138.6441,138.6441,137.0641,137.4641,151164.0,-0.008511000468105
2019-04-17,120.46,120.51,120.19,120.28,4693864.0,-0.0014942719574962,138.0441,138.0441,135.7541,135.9641,97545.0,-0.0150676486716924
2019-04-18,120.24,120.54,120.15,120.37,4090401.0,0.0010811709913507,136.2641,136.5041,135.1741,136.5041,247651.0,0.0017612856210842
2019-04-22,120.46,120.5,120.27,120.37,2251185.0,-0.000747135978748,136.1341,137.0341,136.1341,136.9841,122781.0,0.0062438433867783
2019-04-23,119.67,120.2,119.55,120.12,5574897.0,0.0037603409375783,137.1641,138.7341,136.9841,138.5441,100605.0,0.0100609416020663
2019-04-24,120.06,120.72,120.04,120.47,4173034.0,0.0034149591870731,138.5541,139.0641,138.3841,138.6841,109980.0,0.0009382616609684
2019-04-25,120.72,121.1,120.5,120.57,4836857.0,-0.0012425447316103,138.2341,138.2341,136.7341,137.3941,151527.0,-0.0060766482365784
2019-04-26,121.26,121.67,121.22,121.37,6022715.0,0.0009071416790367,137.5341,138.5941,137.1441,138.5741,83638.0,0.0075617610468966
2019-04-29,120.88,120.91,120.67,120.83,4469721.0,-0.0004136333553937,138.7041,138.8641,138.2241,138.5341,79752.0,-0.0012256306771033
2019-04-30,120.89,121.36,120.85,121.2,4758567.0,0.0025643146662255,138.7141,139.2341,138.0741,139.1441,79621.0,0.0030999011636164
2019-05-01,121.03,121.55,120.18,120.4,12331836.0,-0.0052053209947946,139.5641,139.5841,137.3841,137.3841,171924.0,-0.0156200627525273
2019-05-02,119.69,120.11,119.54,119.94,6759844.0,0.0020887292171442,137.2041,138.3641,136.7941,138.0941,318408.0,0.0064866866223384
2019-05-03,120.56,121.08,120.47,120.65,8414504.0,0.0007465162574651,138.4741,139.2041,138.3241,139.1541,125237.0,0.0049106656046149
2019-05-06,120.61,121.12,120.54,120.81,3479563.0,0.0016582372937567,136.5741,139.0041,135.8541,138.7541,148467.0,0.0159620308682247
2019-05-07,121.02,121.42,120.91,121.21,4010654.0,0.0015699884316641,137.2541,137.6241,134.8941,135.9841,167430.0,-0.0092529112062953
2019-05-08,121.54,121.54,120.77,120.91,4178965.0,-0.0051834786901432,135.8041,137.0841,135.7141,136.3141,208212.0,0.003755409446401
2019-05-09,120.96,121.62,120.86,121.2,5015785.0,0.001984126984127,134.9641,136.4141,133.9241,136.2241,112872.0,0.009335815968839
2019-05-10,121.41,121.73,121.3,121.43,4586301.0,0.0001647310765176,135.5341,137.0141,133.8141,136.6041,96328.0,0.007894692184476
2019-05-13,122.63,122.85,122.33,122.67,11130908.0,0.0003261844573106,133.8941,134.1241,131.9941,132.7641,856057.0,-0.008439505549535
2019-05-14,122.6,122.66,122.12,122.46,5556105.0,-0.0011419249592169,133.2841,135.2241,133.2841,134.4441,134176.0,0.0087032136616445
2019-05-15,122.71,122.77,122.22,122.39,10298968.0,-0.0026077744275119,133.4841,135.7241,133.3841,135.3441,127615.0,0.0139342438537622
2019-05-16,122.03,122.07,121.19,121.51,6349454.0,-0.0042612472342866,135.7141,137.5341,135.7041,136.8441,93133.0,0.008326327183395
2019-05-17,121.03,121.06,120.33,120.65,6589382.0,-0.0031397174254316,135.6141,136.9641,135.4341,135.6241,110366.0,7.373864517030976e-05
2019-05-20,120.51,120.74,120.42,120.64,4345803.0,0.0010787486515641,134.4841,135.1441,133.9341,134.3641,129204.0,-0.0008922987921992
2019-05-21,120.08,120.36,119.83,120.36,3845702.0,0.0023317788141239,135.3441,136.4241,135.3441,136.2341,69651.0,0.006575831528674
2019-05-22,120.35,120.5,120.19,120.24,3741805.0,-0.0009140008309098,135.6141,136.3341,135.5341,135.7841,99101.0,0.0012535569678963
2019-05-23,120.82,121.52,120.77,121.17,6054721.0,0.0028968713789108,134.4941,134.4941,132.6641,133.4041,158684.0,-0.0081044447302893
2019-05-24,121.13,121.31,120.89,121.3,2324653.0,0.0014034508379427,134.0841,134.7441,133.2841,133.8141,107718.0,-0.0020136615750861
2019-05-28,120.8,120.84,120.46,120.83,4303495.0,0.0002483443708609,134.1341,134.9141,132.9141,132.9441,89458.0,-0.0088717186755642
2019-05-29,121.11,121.26,120.75,120.87,4133202.0,-0.0019816695566013,132.1541,132.4741,131.1341,131.7941,125008.0,-0.0027240925555848
2019-05-30,120.96,121.69,120.8,121.69,7757033.0,0.0060350529100529,132.2241,133.2841,132.0441,132.6541,76718.0,0.0032520546556944
2019-05-31,122.55,123.4,122.32,123.33,15367001.0,0.0063647490820073,130.9941,132.3041,130.7541,131.5941,129446.0,0.0045803589627318
2019-06-03,124.09,125.34,123.9,125.11,14173636.0,0.0082198404383914,131.7441,132.2141,130.0641,130.8141,913341.0,-0.0070591396502766
2019-06-04,124.88,125.42,124.61,125.15,7997062.0,0.0021620755925689,132.2641,134.0741,131.8341,134.0041,127548.0,0.01315549722109
2019-06-05,126.18,126.37,125.24,125.47,7637880.0,-0.0056268822317325,134.9141,135.6741,133.9641,135.6441,285652.0,0.0054108503114205
2019-06-06,125.93,126.45,125.8,125.88,5551778.0,-0.0003970459779243,135.8741,136.7841,135.2241,136.4541,121199.0,0.0042686575292863
2019-06-07,126.79,127.25,126.32,126.59,8145853.0,-0.0015774114677813,137.1441,138.0841,137.0341,137.6141,88980.0,0.003427052275672
2019-06-10,125.46,125.53,125.07,125.33,5409983.0,-0.0010361868324565,138.5641,139.4941,138.5041,138.6141,272953.0,0.0003608438260704
2019-06-11,124.94,125.4,124.88,125.18,4757841.0,0.0019209220425805,139.6941,139.7441,137.3241,138.0041,100361.0,-0.0120978624007742
2019-06-12,125.6,126.2,125.56,125.83,5756153.0,0.0018312101910828,137.8541,138.2541,137.4741,137.9841,89078.0,0.0009430259963252
2019-06-13,126.03,126.77,125.96,126.6,5374818.0,0.0045227326826945,138.5941,138.7241,138.0641,138.6741,79556.0,0.0005772251488339
2019-06-14,127.21,127.63,126.26,126.56,9226446.0,-0.0051096611901579,138.4041,138.4041,137.6641,137.9341,49925.0,-0.0033958531575292
2019-06-17,126.7,126.77,126.17,126.48,4763345.0,-0.0017363851617995,138.1941,138.5841,137.9341,137.9641,139795.0,-0.0016643257563093
2019-06-18,127.58,127.75,126.39,127.12,10309646.0,-0.0036055808120394,139.0141,140.2941,139.0141,139.6141,114989.0,0.004316108941467
2019-06-19,126.77,127.99,126.7,127.89,11660649.0,0.0088348978464936,139.8441,140.8841,139.3841,140.6641,369922.0,0.0058636724752777
2019-06-20,130.41,131.49,130.19,131.11,18636339.0,0.0053676865271069,142.2241,142.4441,140.6841,141.5641,130221.0,-0.0046405637300569
2019-06-21,131.77,132.17,131.07,131.98,15068037.0,0.0015936859679743,141.4141,141.5941,140.6541,140.8641,145054.0,-0.003889286853291
2019-06-24,132.77,134.04,132.58,133.94,17851801.0,0.008812231678843,141.0341,141.2341,139.9241,140.0041,94075.0,-0.0073031983045235
2019-06-25,134.9,135.55,133.21,134.2,24772241.0,-0.005189028910304,140.2141,140.2141,138.1841,138.1841,95833.0,-0.0144778592167264
2019-06-26,132.99,133.55,132.41,132.97,12016402.0,-0.0001503872471615,138.7741,139.2641,137.9841,138.0541,66960.0,-0.0051882880162796
2019-06-27,132.38,132.97,132.26,132.84,8412764.0,0.0034748451427708,138.3223,139.5323,138.3223,139.3223,79704.0,0.0072294922799866
2019-06-28,133.05,133.34,132.61,133.2,8076966.0,0.0011273957158961,139.7923,140.6423,139.3023,140.5423,129889.0,0.0053651023697299
2019-07-01,131.56,131.76,130.55,130.62,13369815.0,-0.0071450288841593,142.4323,142.8523,141.2923,141.8023,216960.0,-0.0044231540177333
2019-07-02,131.27,133.63,131.16,133.41,13282139.0,0.0163022777481525,141.7723,141.9923,141.3823,141.9023,146806.0,0.000916963327815
2019-07-03,133.61,134.1,133.23,133.63,6351547.0,0.0001496893945062,142.3823,143.2123,142.1323,143.1423,88292.0,0.0053377421210362
2019-07-05,131.46,132.32,130.81,132.14,11536581.0,0.0051726760991935,142.4423,143.0423,141.5423,142.9623,104525.0,0.0036506009801864
2019-07-08,132.18,132.34,131.28,131.29,8028884.0,-0.0067332425480406,142.4423,142.6423,141.9023,142.1423,127648.0,-0.0021061159501073
2019-07-09,131.43,132.1,131.16,131.75,6633439.0,0.0024347561439549,141.5523,143.2023,141.5523,143.1923,154136.0,0.0115858237556011
2019-07-10,132.94,133.87,132.35,133.83,13920593.0,0.0066947495110577,143.8023,144.1223,143.0823,143.4223,117747.0,-0.0026425168443063
2019-07-11,133.58,133.7,132.41,132.7,7535133.0,-0.0065878125467886,143.6923,143.7423,142.8923,143.7223,127441.0,0.0002087794544314
2019-07-12,132.89,133.69,132.53,133.53,6309451.0,0.0048160132440365,144.0023,144.6523,143.6923,144.5623,138159.0,0.0038888267756834
2019-07-15,133.18,133.53,132.81,133.53,4026583.0,0.0026280222255593,144.8923,144.8923,144.3023,144.7123,396196.0,-0.0012423020408952
2019-07-16,133.18,133.3,132.13,132.4,7965981.0,-0.0058567352455323,144.7123,144.7123,143.8023,143.9623,103224.0,-0.005182696978764
2019-07-17,133.0,134.6,132.89,134.58,11288279.0,0.0118796992481203,144.0823,144.3323,143.5723,143.5723,63022.0,-0.0035396436619903
2019-07-18,133.83,136.63,133.61,136.48,18466488.0,0.0198012403795858,143.3323,144.3023,143.1423,144.0823,64900.0,0.0052325958629004
2019-07-19,135.45,136.03,133.97,134.47,18079195.0,-0.0072351421188629,144.6523,144.8123,142.9123,142.9123,82796.0,-0.0120288443391498
2019-07-22,134.56,134.82,134.32,134.45,7570898.0,-0.0008174791914388,143.2623,143.8323,143.1423,143.1823,111970.0,-0.0005584162756008
2019-07-23,134.43,134.95,133.56,133.69,9981379.0,-0.0055047236479953,143.7323,144.0423,143.0023,144.0023,84498.0,0.0018784921691226
2019-07-24,134.59,134.84,133.98,134.37,6715167.0,-0.0016345939520023,143.7723,145.2323,143.7323,145.2323,142861.0,0.0101549463978805
2019-07-25,134.24,134.28,133.09,133.42,11708240.0,-0.006108462455304,144.7223,144.7223,143.7823,144.0523,86513.0,-0.0046295560532135
2019-07-26,134.24,134.29,133.59,133.64,6249928.0,-0.0044696066746128,144.5223,145.3223,144.5223,145.2223,63988.0,0.0048435431763816
2019-07-29,134.06,134.73,133.44,134.53,9162417.0,0.0035058928837833,145.2123,145.5523,143.8923,144.5523,203928.0,-0.004545069529234
2019-07-30,134.76,135.18,134.41,134.98,9458733.0,0.0016325319085782,143.4123,144.4323,143.1323,144.4123,144227.0,0.0069729026031937
2019-07-31,135.03,135.42,133.02,133.21,18797199.0,-0.013478486262312,144.2623,145.0723,141.9723,143.0223,176168.0,-0.0085954542524277
2019-08-01,132.42,136.43,132.31,136.41,27719822.0,0.0301314000906208,142.6423,144.0123,140.6823,141.3723,178411.0,-0.0089033898079322
2019-08-02,135.39,136.6,135.37,135.89,13753222.0,0.0036930349361104,140.7623,140.7623,138.9523,139.8023,138769.0,-0.0068200079140509
2019-08-05,137.93,138.64,137.05,137.79,17519817.0,-0.0010150076125572,137.1723,137.4423,133.5523,134.7523,509259.0,-0.0176420458066243
2019-08-06,138.33,139.03,138.01,138.91,9471209.0,0.0041928721174003,136.1123,137.1823,135.4823,137.0023,171428.0,0.0065387183965004
2019-08-07,141.28,142.47,140.88,141.02,26671092.0,-0.0018403171007926,135.6323,138.3223,135.0023,137.9223,120702.0,0.0168838838536249
2019-08-08,140.9,142.37,140.71,141.73,13108554.0,0.0058907026259757,138.8523,141.3923,138.0823,141.3923,107075.0,0.0182928190602531
2019-08-09,141.28,142.03,140.96,141.26,9485912.0,-0.0001415628539072,140.7723,141.1123,139.2623,140.1123,163067.0,-0.0046884223671844
2019-08-12,141.67,143.38,141.64,142.62,14390450.0,0.0067057245711866,139.3523,139.5423,137.8323,138.3023,110196.0,-0.0075348594892227
2019-08-13,143.17,143.29,139.35,141.78,29930394.0,-0.0097087378640775,138.0423,140.9423,137.8023,140.3423,91318.0,0.0166615595364608
2019-08-14,142.9,143.75,142.05,142.75,20672858.0,-0.0010496850944716,137.8823,138.3123,135.7823,135.9823,186369.0,-0.0137798687721337
2019-08-15,142.96,144.02,142.61,143.7,13501099.0,0.0051762730833798,136.5823,136.9823,135.6123,136.6423,130032.0,0.0004392955749024
2019-08-16,142.75,143.13,141.8,142.78,12184492.0,0.0002101576182136,137.5023,139.0923,137.5023,138.8323,141838.0,0.0096725654770866
2019-08-19,141.33,141.79,140.85,141.11,10558366.0,-0.0015566404868039,140.6323,140.7223,139.8123,140.3623,79227.0,-0.0019199003358402
2019-08-20,141.77,142.26,141.6,142.21,7479375.0,0.003103618537067,140.0623,140.4523,139.5123,139.5123,74813.0,-0.0039268239918949
2019-08-21,141.62,142.17,141.46,141.76,8118733.0,0.0009885609377205,140.7723,141.2523,140.4123,141.0323,87476.0,0.0018469542658604
2019-08-22,141.39,141.9,141.17,141.4,6847647.0,7.07263597144022e-05,141.3523,141.4823,139.6823,140.6023,205555.0,-0.0053058917329254
2019-08-23,141.84,144.33,141.64,144.17,20290539.0,0.0164269599548786,139.8323,140.8123,136.3023,136.7423,167167.0,-0.0220978986972252
2019-08-26,144.35,144.97,143.91,144.19,12200810.0,-0.0011084170419119,138.1023,138.7323,136.9423,137.9723,510578.0,-0.0009413311726164
2019-08-27,144.3,145.68,144.27,145.57,12857588.0,0.0088011088011086,138.7623,139.1523,137.1323,137.6723,139446.0,-0.0078551595065807
2019-08-28,145.39,145.68,144.64,145.16,11454605.0,-0.001581951991196,137.2723,138.6523,136.7723,138.4023,93444.0,0.0082318137016717
2019-08-29,145.4,145.49,143.28,144.12,14764572.0,-0.0088033012379642,139.9323,140.6223,139.7723,140.3623,89329.0,0.003072914545105
2019-08-30,143.84,144.88,143.02,143.75,9642584.0,-0.0006256952169076,140.8323,140.8323,139.2023,139.8423,127286.0,-0.007029637377221
2019-09-03,144.96,146.13,144.74,145.75,15621873.0,0.005449779249448,138.8823,139.7023,138.0223,138.6623,166367.0,-0.001584075148525
2019-09-04,145.54,146.82,145.5,146.66,11292000.0,0.0076954789061426,139.9323,140.1823,139.5023,140.0823,96585.0,0.001071946934339
2019-09-05,144.98,145.01,142.0,143.14,20297877.0,-0.0126914057111325,141.5723,142.4123,141.4723,141.9523,106409.0,0.0026841408947936
2019-09-06,143.64,144.06,141.86,141.92,14175216.0,-0.011974380395433,142.2623,142.7623,141.9523,142.0823,61950.0,-0.0012652684513044
2019-09-09,142.37,142.46,141.18,141.39,11323819.0,-0.0068834726417083,142.5723,143.0023,140.1023,140.5223,88826.0,-0.014378669629374
2019-09-10,141.23,141.53,140.16,140.18,12629208.0,-0.007434681016781,139.8923,140.1623,138.2123,139.8123,100423.0,-0.0005718685016974
2019-09-11,140.34,141.26,140.28,141.03,7453049.0,0.0049166310389054,140.0823,140.6523,139.6823,140.6523,134194.0,0.0040690365592226
2019-09-12,142.68,143.1,141.11,141.32,12673707.0,-0.0095318194561256,141.2123,141.9123,140.9723,141.0123,97124.0,-0.0014163072196967
2019-09-13,141.73,141.99,140.06,140.15,13451701.0,-0.0111479573837577,141.2323,141.5623,140.5023,140.6923,63699.0,-0.00382348796982
2019-09-16,141.6,142.05,141.02,141.32,8094567.0,-0.0019774011299435,140.3623,141.6323,140.2223,141.5223,359905.0,0.0082643273870547
2019-09-17,141.82,142.11,141.22,141.6,7046430.0,-0.0015512621633055,141.5423,142.5323,141.5423,142.4423,81084.0,0.0063585232117888
2019-09-18,141.93,142.53,139.81,140.71,15071647.0,-0.0085957866553934,142.1723,142.2223,140.4223,141.9823,93403.0,-0.0013364065995977
2019-09-19,141.57,141.74,141.09,141.28,8062589.0,-0.002048456593911,142.2523,142.5823,141.5823,141.6723,173234.0,-0.0040772627226412
2019-09-20,141.61,143.03,141.46,142.95,12276521.0,0.0094626085728407,141.9423,142.3023,140.6923,141.0623,83250.0,-0.0061997022733885
2019-09-23,143.22,143.94,143.07,143.75,9036267.0,0.003700600474794,140.7923,141.6223,140.7923,141.1723,108304.0,0.0026990112385407
2019-09-24,143.21,144.77,142.88,144.51,10620690.0,0.0090775783813978,141.7323,141.9923,139.2123,139.7623,131659.0,-0.0138994428228427
2019-09-25,144.08,144.29,141.44,141.83,11997855.0,-0.0156163242642976,139.8423,140.7323,138.7523,140.5823,117623.0,0.005291674979602
2019-09-26,142.19,142.57,141.56,141.79,8803139.0,-0.0028131373514312,140.5923,140.6123,139.5123,140.2423,82282.0,-0.0024894677731283
2019-09-27,140.35,141.68,140.16,141.06,9665953.0,0.0050587816173851,140.6123,140.9423,137.6823,138.6523,98547.0,-0.0139390366276634
2019-09-30,139.77,140.21,138.03,138.87,15530068.0,-0.0064391500321957,138.9323,140.0623,138.5323,139.6423,81154.0,0.0051104026925344
2019-10-01,138.07,140.19,137.8,139.63,12502406.0,0.0112986166437314,139.9223,140.2823,137.7823,137.8723,157683.0,-0.0146509884414422
2019-10-02,140.79,141.88,140.46,141.26,11944623.0,0.0033383052773634,136.9123,136.9723,134.9223,135.6323,266527.0,-0.0093490504505438
2019-10-03,141.36,143.25,141.29,141.9,12407863.0,0.0038200339558573,135.4323,137.5123,134.0923,137.5123,140222.0,0.0153582269517686
2019-10-04,141.48,142.31,141.14,141.9,9689966.0,0.0029686174724343,137.8723,139.0223,137.6323,138.9923,89650.0,0.0081234591720019
2019-10-07,141.16,141.77,140.24,140.69,6162696.0,-0.0033295551147633,138.5323,139.2523,138.1123,138.2823,371311.0,-0.0018046332876881
2019-10-08,142.03,142.29,141.17,141.92,10485490.0,-0.000774484263888,137.2323,137.2623,135.5723,135.7623,105555.0,-0.0107117639214674
2019-10-09,142.16,142.58,141.62,142.05,7052811.0,-0.0007737760270117,136.8823,137.6823,136.5323,137.1823,98481.0,0.0021916639331747
2019-10-10,141.59,141.66,140.58,140.81,9331584.0,-0.0055088636203121,137.1923,138.3623,136.9923,138.1223,93663.0,0.0067788060991761
2019-10-11,139.97,140.19,138.91,140.03,11425535.0,0.0004286632849896,139.8023,141.0723,139.8023,140.0123,134016.0,0.0015021212097369
2019-10-14,140.45,140.82,140.34,140.59,4009169.0,0.000996796012816,139.7823,140.1723,139.5923,139.7223,48719.0,-0.0004292388950532
2019-10-15,140.27,140.3,139.21,139.61,9131732.0,-0.0047052113780565,140.2323,141.3823,140.2323,141.1423,85841.0,0.0064892325092007
2019-10-16,140.14,140.53,139.7,140.41,10363893.0,0.0019266447837877,140.6223,140.7823,139.8723,140.4323,347051.0,-0.0013511370529425
2019-10-17,140.5,141.12,140.42,140.61,6224288.0,0.0007829181494662,141.0123,141.4623,140.8923,141.0723,82084.0,0.0004254947972623
2019-10-18,140.5,140.71,140.32,140.46,6416213.0,-0.0002846975088967,140.8323,141.1123,139.5323,140.5123,98553.0,-0.0022722060209198
2019-10-21,140.72,140.76,139.6,139.79,8314307.0,-0.0066088686753837,141.3823,141.7823,141.0923,141.6723,389595.0,0.0020511761373242
2019-10-22,140.13,140.3,139.72,140.2,3885045.0,0.0004995361450081,141.9223,142.1623,140.4123,140.4623,72239.0,-0.0102873191880346
2019-10-23,140.59,141.0,140.5,140.53,4160001.0,-0.000426772885696,140.2123,140.9823,139.8723,140.7523,299195.0,0.0038513026317947
2019-10-24,141.02,141.74,140.93,141.53,6275566.0,0.0036165082966954,140.9923,141.7923,140.8523,141.5923,82519.0,0.0042555515443041
2019-10-25,142.79,142.83,141.4,141.86,6011459.0,-0.006513061138735,141.5323,142.6623,141.4623,142.1723,87989.0,0.0045219359821045
2019-10-28,141.25,141.25,140.4,140.64,5442028.0,-0.0043185840707965,142.7423,143.1223,142.6923,142.8423,78261.0,0.0007005631827425
2019-10-29,140.0,140.63,139.78,140.25,3835427.0,0.0017857142857142,142.4923,143.3223,142.4723,142.6223,86419.0,0.0009123299995859
2019-10-30,140.54,141.04,139.55,141.02,6992869.0,0.0034153977515299,142.7923,143.3423,141.9423,143.2423,82544.0,0.003151430434274
2019-10-31,141.98,142.69,141.89,142.43,7050926.0,0.0031694604873927,142.8923,143.2223,141.8323,142.3723,101269.0,-0.0036391044164031
2019-11-01,142.21,142.9,142.01,142.56,8089975.0,0.0024611490049925,143.1223,143.8023,142.9123,143.8023,73148.0,0.0047511813323291
2019-11-04,142.26,142.45,141.74,142.15,4740282.0,-0.0007732321102206,144.5723,144.5923,143.4923,143.6123,94908.0,-0.0066402761801535
2019-11-05,140.65,140.89,139.38,139.85,11782250.0,-0.0056878777106293,143.8123,143.9223,142.5723,142.7623,100688.0,-0.0073011835566219
2019-11-06,140.12,140.79,140.0,140.45,6416469.0,0.0023551241792747,142.2423,142.2423,141.5423,141.9523,93180.0,-0.0020387746823553
2019-11-07,140.11,140.2,137.6,138.27,15214223.0,-0.0131325387195774,142.6623,142.9523,141.8223,142.0323,113936.0,-0.0044160230137884
2019-11-08,137.73,138.33,137.39,137.39,10378201.0,-0.0024685979815581,141.8823,142.2923,141.5323,142.1723,86212.0,0.0020439476946738
2019-11-11,137.61,137.79,136.44,137.06,7038053.0,-0.0039968025579537,141.5423,142.4623,141.4823,142.2723,366935.0,0.0051574688273398
2019-11-12,137.03,137.59,136.19,137.43,6451809.0,0.0029190688170474,142.5423,143.2123,142.3823,142.6123,95137.0,0.0004910822962727
2019-11-13,137.8,138.22,137.64,137.98,8809752.0,0.0013062409288822,142.0423,143.2823,142.0323,143.2123,82149.0,0.0082369829269167
2019-11-14,138.39,138.94,137.87,138.56,5220927.0,0.0012284124575476,142.9723,143.7323,142.6923,143.6923,100323.0,0.00503594052834
2019-11-15,138.03,138.42,137.97,138.21,10106940.0,0.0013040643338405,144.5223,145.0223,144.1723,145.0223,95238.0,0.0034596736974155
2019-11-18,138.44,138.85,138.3,138.62,5722188.0,0.0013002022536839,144.9223,145.6223,144.9223,145.3923,109700.0,0.0032431171738234
2019-11-19,138.13,138.97,138.13,138.69,4825641.0,0.0040541518859045,145.7923,146.5323,145.2823,146.2623,75992.0,0.0032237642180005
2019-11-20,138.53,139.0,138.1,138.76,6894534.0,0.0016602901898505,145.8623,146.8223,145.2323,146.2123,93817.0,0.0023995233860976
2019-11-21,138.39,138.56,137.77,138.0,4197208.0,-0.0028181226967265,146.2423,146.2423,145.1223,145.2223,106704.0,-0.0069747261907123
2019-11-22,138.37,138.46,137.66,137.74,3620534.0,-0.00455301004553,145.7923,145.8923,144.8923,145.5823,152583.0,-0.0014404052888939
2019-11-25,137.32,137.62,136.99,137.08,6418042.0,-0.0017477424992716,146.2623,147.5523,146.2623,147.3623,98765.0,0.0075207350082693
2019-11-26,136.98,137.8,136.58,137.74,4725594.0,0.0055482552197402,147.1423,147.8123,146.9423,147.8123,76393.0,0.0045534152993393
2019-11-27,137.03,137.21,136.83,137.01,4113152.0,-0.0001459534408524,148.2923,148.3223,147.7323,148.3023,71524.0,6.743438465780694e-05
2019-11-29,137.1,138.13,137.08,137.86,4516421.0,0.0055433989788476,148.0723,148.2523,147.3923,147.5323,50605.0,-0.0036468671047861
2019-12-02,137.32,138.09,137.3,137.79,8278535.0,0.0034226623944072,147.5923,147.7223,145.3323,145.6423,153321.0,-0.0132120713614462
2019-12-03,139.04,139.57,138.97,139.11,8502989.0,0.0005034522439587,144.0323,145.1823,143.5823,145.1023,147501.0,0.0074288892144333
2019-12-04,139.16,139.16,138.59,138.92,6326512.0,-0.001724633515378,145.8423,146.7523,145.7723,145.9723,115920.0,0.0008913737646759
2019-12-05,138.8,139.45,138.79,139.0,5674471.0,0.0014409221902016,146.3823,146.4623,145.7623,146.1223,98790.0,-0.0017761710261417
2019-12-06,137.76,137.83,137.4,137.62,8748968.0,-0.0010162601626015,147.3623,147.7723,147.1323,147.3723,64278.0,6.785996146905216e-05
2019-12-09,137.8,137.81,137.45,137.58,2814342.0,-0.0015965166908563,147.2123,147.4023,146.6123,146.6123,79706.0,-0.0040757463880395
2019-12-10,138.25,138.33,137.74,137.97,3241771.0,-0.0020253164556962,146.7123,146.8123,146.0823,146.2923,80433.0,-0.0028627456593618
2019-12-11,138.2,139.3,138.12,138.92,6117701.0,0.0052098408104196,146.6023,146.6123,145.9423,146.3923,129612.0,-0.0014324468306432
2019-12-12,139.78,139.85,137.88,138.43,8816618.0,-0.0096580340535126,146.4223,147.6623,146.0223,147.1723,84441.0,0.0051221705983309
2019-12-13,138.52,139.21,137.98,139.05,6979801.0,0.0038261622870343,147.1523,147.9823,146.6823,147.2823,72029.0,0.0008834384511828
2019-12-16,139.2,139.39,138.8,139.04,4647211.0,-0.0011494252873562,148.3323,148.9523,148.1423,148.6723,90742.0,0.0022921507992527
2019-12-17,139.02,139.3,138.85,139.01,4288118.0,-7.193209610141941e-05,149.0323,149.0323,147.9923,148.0623,97789.0,-0.0065086561772179
2019-12-18,138.86,139.25,138.81,139.02,3608069.0,0.0011522396658504,148.3623,148.6823,148.1823,148.2923,78290.0,-0.0004718179753211
2019-12-19,139.04,139.55,138.87,139.38,4975164.0,0.0024453394706559,148.6123,149.2723,148.4223,149.2123,333893.0,0.004037350878763
2019-12-20,139.37,139.52,138.98,139.52,4481503.0,0.0010762717945038,149.7223,150.3423,149.5323,150.3423,69997.0,0.0041409997041189
2019-12-23,139.53,139.96,139.53,139.95,5182388.0,0.0030101053536872,150.8023,150.8023,150.0923,150.1723,105820.0,-0.0041776551153397
2019-12-24,140.44,141.33,140.43,141.27,5303698.0,0.0059099971518086,150.4816,150.6716,150.1516,150.6416,36485.0,0.0010632529159712
2019-12-26,142.06,142.47,141.91,142.38,8343019.0,0.0022525693368998,150.9816,151.1316,150.6516,151.0116,84691.0,0.0001986997091036
2019-12-27,142.26,142.73,142.17,142.33,5120441.0,0.0004920567974133,151.3516,151.3716,150.4516,150.9316,84964.0,-0.0027749954410788
2019-12-30,142.56,142.8,142.46,142.63,4812117.0,0.0004910213243546,150.9816,151.1516,149.5716,150.0316,103727.0,-0.006292157454948
2019-12-31,143.31,143.6,142.8,142.9,5314467.0,-0.0028609308492079,149.7216,150.7816,149.7216,150.7616,90286.0,0.006946225527913
2020-01-02,143.86,144.21,143.4,143.95,7736828.0,0.0006256082302236,151.7516,152.0216,150.8616,152.0216,259265.0,0.0017792234151073
2020-01-03,145.75,146.32,145.4,145.86,12285501.0,0.0007547169811321,150.1816,151.9416,149.7716,151.7616,134406.0,0.0105205963979607
2020-01-06,148.44,148.48,146.95,147.39,14409912.0,-0.0070735650767987,150.6516,152.2516,150.5316,152.2116,148616.0,0.0103550178026652
2020-01-07,147.57,148.14,147.43,147.97,8401088.0,0.002710578030765,152.1316,152.6916,151.7816,152.3216,99123.0,0.0012489186993366
2020-01-08,148.49,148.61,146.14,146.86,22276323.0,-0.01097717017981,152.3516,153.6416,152.3516,152.8716,182852.0,0.0034131574594556
2020-01-09,146.07,146.41,145.44,146.03,10304334.0,-0.0002738413089614,153.7616,154.3116,153.6116,154.1716,168250.0,0.0026664654894331
2020-01-10,146.22,146.99,146.17,146.91,6183992.0,0.0047189167008616,154.5816,154.7916,153.8016,154.0816,116457.0,-0.0032345376163786
2020-01-13,146.35,146.38,145.78,145.82,7603649.0,-0.0036214554151007,154.3516,155.2316,154.0616,155.1516,176834.0,0.0051829718642373
2020-01-14,145.42,145.81,145.08,145.69,6607124.0,0.001856690964104,155.0516,155.8316,154.5616,155.2516,174849.0,0.0012898931710475
2020-01-15,146.21,146.73,145.82,146.54,6510029.0,0.002257027563094,155.2416,156.3416,155.2416,155.6716,111187.0,0.0027698761156803
2020-01-16,146.27,146.47,145.76,146.31,6069101.0,0.0002734668763245,156.5516,157.4016,156.4416,157.3916,135593.0,0.0053656430212147
2020-01-17,146.51,146.99,146.31,146.58,11121140.0,0.0004777830864788,157.6416,157.6816,157.1316,157.5216,186747.0,-0.0007612203885269
2020-01-21,145.77,146.86,145.55,146.74,6086149.0,0.0066543184468683,157.0216,157.9816,157.0216,157.4616,110470.0,0.0028021622502891
2020-01-22,146.68,146.81,146.38,146.79,4778186.0,0.0007499318243795,158.1416,158.9216,157.5616,157.7016,135003.0,-0.0027823166073948
2020-01-23,147.0,147.62,146.62,147.12,8419778.0,0.0008163265306122,157.4016,158.3416,156.7516,158.2416,94108.0,0.0053366674798731
2020-01-24,146.9,148.38,146.89,147.98,9919871.0,0.0073519400953028,158.6316,158.8016,156.0716,156.7816,134205.0,-0.0116622413188796
2020-01-27,149.24,149.32,148.46,148.99,9988069.0,-0.0016751541141785,153.9516,155.0116,153.1016,154.3016,223768.0,0.0022734417830018
2020-01-28,148.36,148.56,147.53,147.66,7543088.0,-0.0047182528983554,155.0916,156.3816,154.6816,155.8616,295473.0,0.0049648078941735
2020-01-29,147.7,148.56,147.61,148.46,5023827.0,0.0051455653351389,156.1416,156.1816,155.1216,155.1216,107689.0,-0.0065325320094069
2020-01-30,148.69,149.31,148.01,148.47,9119545.0,-0.0014795884054072,154.0216,155.7316,153.7416,155.6316,150669.0,0.0104530793083566
2020-01-31,148.88,149.68,148.81,149.33,14788263.0,0.003022568511553,155.0916,155.0916,152.3016,152.6816,127425.0,-0.015539203928517
2020-02-03,148.66,148.78,147.68,148.36,9115075.0,-0.0020180277142471,153.3916,154.9816,153.3916,154.2716,106107.0,0.0057369503936329
2020-02-04,146.97,147.03,145.8,146.43,10525585.0,-0.0036742192284139,155.9616,157.2916,155.9616,156.9716,153395.0,0.0064759530551109
2020-02-05,146.38,146.81,146.16,146.61,6160661.0,0.0015712529034022,158.4316,158.4316,157.1216,157.3116,141473.0,-0.0070692967817026
2020-02-06,147.28,147.63,147.0,147.4,4819778.0,0.0008147745790331,157.7816,158.1216,157.2516,157.9116,86428.0,0.00082392370213
2020-02-07,147.83,148.18,147.34,147.79,6379311.0,-0.000270581072854,157.3616,157.3616,156.4416,156.6116,114023.0,-0.0047660928714502
2020-02-10,148.21,148.45,147.91,148.17,5793599.0,-0.0002698873220431,156.2416,157.8816,156.2416,157.8816,111564.0,0.0104965642952964
2020-02-11,148.03,148.16,147.01,147.66,5179392.0,-0.0024994933459434,158.6216,159.4516,158.2916,158.6016,96814.0,-0.0001260862328964
2020-02-12,147.42,147.81,147.16,147.54,5040584.0,0.0008140008140008,159.4716,160.0816,158.9616,159.9716,146786.0,0.0031353545082635
2020-02-13,148.24,148.58,147.95,148.38,7082098.0,0.0009444144630328,159.3416,161.0416,159.0816,160.6616,108825.0,0.0082840890263433
2020-02-14,148.74,149.13,148.63,149.0,5345393.0,0.0017480166733897,161.1016,161.6916,160.9716,161.5116,142782.0,0.0025449778276565
2020-02-18,149.88,151.09,149.47,150.91,11527580.0,0.0068721643981852,161.0516,161.6616,160.8616,161.5216,136935.0,0.0029183193460977
2020-02-19,151.0,151.82,150.82,151.79,9269784.0,0.0052317880794701,162.2416,163.0516,162.2416,162.4716,87407.0,0.0014176388793009
2020-02-20,152.0,152.83,151.95,152.41,8457348.0,0.0026973684210526,162.1916,162.9216,160.1716,162.2316,295461.0,0.0002466218965716
2020-02-21,154.43,155.22,154.18,154.7,16353292.0,0.0017483649549956,161.5916,161.6716,159.5316,160.0816,112216.0,-0.0093445451372471
2020-02-24,158.5,158.53,155.36,156.09,27170954.0,-0.0152050473186119,154.8516,156.0116,153.7916,154.9816,277243.0,0.0008395134438391
2020-02-25,155.12,156.08,152.91,153.3,28091497.0,-0.0117328519855595,155.4816,155.5616,149.4316,149.8416,271209.0,-0.0362743887379599
2020-02-26,153.82,155.28,152.9,153.97,17983155.0,0.0009751657781823,150.3216,152.3016,148.0016,148.2516,174014.0,-0.0137704760992431
2020-02-27,155.58,156.27,153.9,154.0,27878524.0,-0.0101555469854737,145.0016,147.9116,142.2316,142.2316,329629.0,-0.0191032374815175
2020-02-28,152.71,152.77,147.05,148.38,42707124.0,-0.0283543972234955,137.6016,141.5916,136.4816,141.4416,454161.0,0.0279066522482296
2020-03-02,150.0,150.73,149.04,149.2,16295360.0,-0.0053333333333334,142.4316,146.8216,140.4416,146.6716,296637.0,0.0297686749288782
2020-03-03,150.84,155.24,150.74,153.89,28687689.0,0.0202201007690266,146.7716,149.2816,142.0316,143.3816,256570.0,-0.0230971114302768
2020-03-04,154.4,154.96,153.7,154.16,12315472.0,-0.0015544041450777,146.2016,149.3916,144.9716,149.3916,155412.0,0.0218191866573279
2020-03-05,156.06,157.62,155.72,157.49,17973475.0,0.0091631423811355,145.7516,147.4816,143.4816,144.7216,143019.0,-0.0070668177913655
2020-03-06,158.33,159.25,154.54,157.55,26973448.0,-0.0049264195035685,140.2016,142.2616,137.6416,141.1916,238003.0,0.007061260356515
2020-03-09,158.6,159.37,156.33,157.81,24868674.0,-0.0049810844892811,130.1416,133.7116,126.9716,129.0616,337388.0,-0.008298653159328
2020-03-10,156.18,156.41,154.39,154.48,18811547.0,-0.0108848764246383,133.5753,135.3753,127.9453,135.3153,335131.0,0.0130263604124415
2020-03-11,156.25,156.5,153.61,153.93,18353302.0,-0.0148479999999999,131.1453,132.1653,126.2853,128.0053,381157.0,-0.0239429091244595
2020-03-12,151.53,151.55,146.85,147.79,32893430.0,-0.0246815812050419,118.3953,124.7953,115.8353,116.0153,708277.0,-0.0201021493251844
2020-03-13,149.42,149.6,141.58,143.28,35177244.0,-0.0410922232632846,122.1953,124.4753,114.6553,124.4753,618737.0,0.0186586554474681
2020-03-16,137.56,142.96,136.12,141.64,24495962.0,0.0296597848211688,110.7053,115.4253,107.2553,107.2553,456879.0,-0.0311638196183921
2020-03-17,140.18,146.2,139.93,143.56,24490276.0,0.024111856184905,109.9053,114.7653,105.4753,113.8353,644668.0,0.0357580571637583
2020-03-18,141.75,142.88,138.5,140.7,21953448.0,-0.0074074074074074,106.2853,108.7053,99.5953,105.0053,682615.0,-0.0120430576947141
2020-03-19,139.08,140.5,137.85,138.04,20828884.0,-0.007477710670118,104.0853,109.9853,100.7653,107.6953,514698.0,0.0346830916565547
2020-03-20,140.71,141.17,139.14,140.11,20056048.0,-0.0042640892616018,109.7753,112.2053,103.0653,103.0853,384204.0,-0.0609426710744584
2020-03-23,142.68,146.93,142.28,146.3,28275212.0,0.0253714606111578,103.4553,104.1453,98.3253,100.7653,744640.0,-0.0260015678268778
2020-03-24,153.5,155.66,152.05,153.4,20743472.0,-0.0006514657980455,107.1553,112.7053,106.4653,112.2553,572050.0,0.0475944726952377
2020-03-25,152.58,152.88,151.01,151.3,16457183.0,-0.0083890418141303,113.5453,119.5553,111.3453,114.9953,482379.0,0.0127702335543611
2020-03-26,153.31,154.81,152.08,153.24,12778236.0,-0.000456591220403,115.5653,122.1553,115.5653,121.6053,579817.0,0.0522648234374851
2020-03-27,153.0,153.55,152.0,152.25,9824572.0,-0.0049019607843137,118.2253,120.9753,116.4553,118.0453,440147.0,-0.0015225167540281
2020-03-30,152.41,153.08,151.57,152.92,12080881.0,0.0033462371235482,118.5053,121.6953,117.7453,121.4653,342021.0,0.0249777858036728
2020-03-31,151.36,151.8,147.97,148.05,13319495.0,-0.0218683932346723,121.0253,121.5053,118.1453,118.9453,270444.0,-0.0171864891059968
2020-04-01,148.2,150.08,147.85,149.45,11827400.0,0.0084345479082321,113.7253,115.8153,112.0253,113.1953,321377.0,-0.0046603526216242
2020-04-02,151.2,152.5,150.7,151.9,9188303.0,0.0046296296296297,112.4053,116.1653,112.1653,114.6253,223829.0,0.0197499584094344
2020-04-03,152.23,153.09,151.66,152.65,8469099.0,0.002758983117651,114.2953,115.4953,111.7153,113.0253,187108.0,-0.0111115680172325
2020-04-06,154.16,157.22,153.96,156.88,14739272.0,0.0176440062272963,117.8253,122.7353,117.6953,122.0653,245810.0,0.0359854801982256
2020-04-07,155.33,156.14,154.38,156.04,9195370.0,0.004570913538917,126.6053,127.2553,122.7253,122.7253,256270.0,-0.0306464263344425
2020-04-08,155.91,155.94,154.59,154.65,7600804.0,-0.0080815855301134,124.3053,128.6253,123.2953,128.1253,252660.0,0.030730789435366
2020-04-09,158.08,159.08,157.21,158.69,18123039.0,0.0038588056680161,129.7053,132.4153,129.2153,130.3553,254630.0,0.005011360368466
2020-04-13,159.17,162.38,158.63,161.41,20549213.0,0.0140730037067287,130.1853,130.2253,126.0653,127.9053,372184.0,-0.0175134980677543
2020-04-14,162.73,164.42,161.78,162.68,17095086.0,-0.0003072574202665,130.7553,132.8353,130.7553,132.6053,238702.0,0.0141485660619492
2020-04-15,161.8,162.54,160.81,161.85,12141890.0,0.0003090234857848,129.0253,130.8853,128.7853,130.2753,174887.0,0.0096880224266093
2020-04-16,161.88,163.15,160.65,161.71,9233164.0,-0.0010501606127995,130.5653,131.7753,129.5353,131.0853,181056.0,0.0039826814628387
2020-04-17,159.72,160.07,158.12,158.57,14652737.0,-0.0072001001753068,134.7053,136.0753,133.5353,135.8653,203240.0,0.0086113909400743
2020-04-20,158.62,160.22,158.46,159.7,10688689.0,0.006808725255327,133.7753,135.9653,133.0553,133.7553,179515.0,-0.0001495044301898
2020-04-21,157.6,159.21,157.04,158.61,12478080.0,0.0064086294416244,130.8153,131.9653,128.3653,129.0353,208810.0,-0.0136069710500224
2020-04-22,160.5,161.74,160.42,161.73,12937093.0,0.007663551401869,132.2453,133.6853,131.2553,133.1053,126355.0,0.0065030666496277
2020-04-23,162.39,163.6,161.84,163.34,14928503.0,0.0058501139232712,133.4553,135.1453,132.7653,133.0053,183269.0,-0.0033719155402594
2020-04-24,163.13,163.31,160.89,162.64,11203587.0,-0.0030037393489855,133.7453,135.4053,132.7853,135.0753,135181.0,0.0099442746773158
2020-04-27,161.88,162.0,160.41,161.56,9033533.0,-0.0019767729182109,136.0653,138.6553,136.0653,138.1153,187324.0,0.0150662953743532
2020-04-28,160.89,160.98,159.16,160.84,10382975.0,-0.000310771334452,140.3953,141.1353,137.1053,137.5353,227790.0,-0.0203710523073064
2020-04-29,160.1,161.85,159.76,161.73,12232348.0,0.0101811367895065,140.3553,142.2953,139.3053,141.4953,243619.0,0.0081222440477843
2020-04-30,160.22,160.82,158.13,158.8,13633483.0,-0.0088628136312569,140.0653,140.5953,138.6953,138.9653,237190.0,-0.007853479769793
2020-05-01,158.0,160.45,157.8,159.78,10914334.0,0.0112658227848101,136.0953,137.0353,134.0853,134.8453,265509.0,-0.0091847403988234
2020-05-04,160.33,160.95,159.91,160.34,7986191.0,6.237135907185744e-05,133.7453,136.1653,133.1653,136.1653,116538.0,0.0180940937737626
2020-05-05,160.16,161.1,159.33,161.02,10563066.0,0.0053696303696304,138.0453,139.8653,137.6353,138.4353,446449.0,0.0028251595671856
2020-05-06,158.99,159.81,158.1,158.95,13351959.0,-0.0002515881501982,139.0953,139.9953,138.2253,138.2553,113475.0,-0.0060390250425427
2020-05-07,159.5,161.96,159.36,161.39,13696493.0,0.0118495297805641,140.5053,142.8053,140.4653,141.7353,267240.0,0.0087541181720546
2020-05-08,161.08,162.0,160.0,160.42,12244561.0,-0.0040973429351876,143.5253,144.2553,142.6753,143.9453,263470.0,0.0029263133398781
2020-05-11,160.34,160.71,158.89,159.42,11209822.0,-0.0057378071597855,142.6053,145.6653,142.4253,144.9353,256742.0,0.0163388036770022
2020-05-12,160.3,160.95,159.72,160.04,10405991.0,-0.0016219588271991,145.4753,145.4753,141.2553,141.3153,142496.0,-0.0285959197197049
2020-05-13,160.94,161.62,160.54,161.58,10950397.0,0.0039766372561203,141.1253,141.7753,136.4953,137.9953,196619.0,-0.0221788722504045
2020-05-14,161.53,163.34,161.51,163.01,17084368.0,0.0091623846963411,136.3353,139.6853,134.8253,139.6653,179981.0,0.0244250755306953
2020-05-15,164.02,164.8,163.08,163.93,13918816.0,-0.0005487135715156,138.5253,140.9853,138.5153,140.7953,109664.0,0.0163868982777876
2020-05-18,164.33,164.5,162.41,162.69,14137907.0,-0.0099799184567639,144.6253,146.1353,144.2953,145.2753,131078.0,0.0044943726996588
2020-05-19,163.6,164.43,163.04,164.26,8531719.0,0.0040342298288508,145.0553,146.5053,144.2553,144.2553,160586.0,-0.0055151380197757
2020-05-20,164.54,164.96,163.89,164.65,10666071.0,0.0006685304485232,146.4453,147.3953,146.2053,146.8453,331086.0,0.0027313952718182
2020-05-21,163.46,163.58,161.37,162.25,11790992.0,-0.0074024226110363,146.6353,147.1353,144.8253,145.7853,132756.0,-0.0057966942475651
2020-05-22,162.88,163.47,162.74,163.21,8540909.0,0.0020260314341847,145.8753,147.1753,145.1553,147.1753,118057.0,0.0089117211755518
2020-05-26,162.58,162.58,160.69,160.89,13972012.0,-0.0103948825193752,150.8253,150.8453,148.8053,148.8753,125771.0,-0.0129288653826645
2020-05-27,159.42,161.34,159.2,161.18,13063451.0,0.0110400200727638,150.8953,150.8953,146.1853,150.5553,284392.0,-0.0022532179597376
2020-05-28,162.12,162.46,160.9,161.72,9761610.0,-0.00246730816679,151.4653,153.3353,150.8053,151.2753,186865.0,-0.0012544127268755
2020-05-29,162.58,163.4,162.32,162.91,12584009.0,0.0020297699594045,151.1453,153.4153,150.3053,153.2153,153135.0,0.0136954308205417
2020-06-01,162.92,163.74,162.39,163.66,8155048.0,0.0045421065553646,153.1453,155.3353,152.8453,154.8053,204350.0,0.0108393793345273
2020-06-02,163.89,164.08,161.86,162.6,10388908.0,-0.0078711330770638,155.3653,156.3853,154.1553,156.3853,205289.0,0.0065651725320905
2020-06-03,160.34,160.9,158.82,159.6,17000510.0,-0.0046151927154796,157.5053,159.2253,157.3353,158.8153,194594.0,0.0083171804377376
2020-06-04,161.14,161.87,159.84,161.28,10094024.0,0.000868809730669,158.0153,158.5253,155.4353,156.7253,155679.0,-0.0081637664200871
2020-06-05,158.72,158.72,157.04,158.01,16021182.0,-0.0044732862903226,160.5653,161.6853,158.9553,160.5653,213683.0,0.0
2020-06-08,158.9,159.86,158.47,159.72,9244440.0,0.0051604782882315,161.4353,162.3553,160.5153,162.1453,256789.0,0.0043980467716786
2020-06-09,161.1,161.78,160.87,161.26,9045618.0,0.0009931719428925,160.7853,161.1453,159.4853,159.9553,226656.0,-0.0051621634564852
2020-06-10,162.1,163.63,160.52,163.57,13009343.0,0.0090684762492288,160.2653,160.5553,158.1853,159.2353,157004.0,-0.0064268434901379
2020-06-11,163.35,164.06,161.97,162.39,11673902.0,-0.0058769513314968,154.3753,155.2053,149.5353,149.5353,269444.0,-0.031352165793362
2020-06-12,163.41,163.88,162.56,162.62,6895361.0,-0.0048344654549904,153.7353,154.3053,148.4353,151.5153,209504.0,-0.0144404050338471
2020-06-15,160.52,162.56,160.16,162.33,8538826.0,0.0112758534762023,148.1853,154.5653,147.9053,154.4153,146497.0,0.0420419569282512
2020-06-16,161.85,162.69,161.36,162.25,7969781.0,0.0024714241581711,158.5653,159.3753,154.5653,157.0253,266459.0,-0.0097120870707526
2020-06-17,162.0,162.62,161.77,162.56,4758210.0,0.0034567901234568,158.0153,158.6153,157.0053,157.3053,102998.0,-0.0044932357815984
2020-06-18,162.2,162.32,161.44,162.24,5397628.0,0.0002466091245377,156.4553,158.1053,156.4553,157.6253,78508.0,0.0074781742772537
2020-06-19,162.87,164.09,162.78,164.03,12187390.0,0.0071222447350647,159.6553,159.7653,156.4353,157.0853,121496.0,-0.0160971793607855
2020-06-22,165.06,165.73,164.41,165.09,12385635.0,0.000181752090149,156.9753,158.9353,156.5653,158.5753,124765.0,0.0101926863653071
2020-06-23,165.63,166.52,165.52,166.48,12137343.0,0.0051319205457948,160.3753,160.3753,158.3653,158.4653,104756.0,-0.0119095646274706
2020-06-24,166.01,166.99,165.45,165.9,10901444.0,-0.0006626106861031,157.2953,158.3053,152.6653,154.2253,146123.0,-0.0195174299549954
2020-06-25,165.89,165.91,165.16,165.8,7093774.0,-0.0005425281813248,153.6802,156.1902,152.4002,156.0802,134992.0,0.0156168458916631
2020-06-26,164.87,166.56,164.22,166.54,9753492.0,0.0101291926972765,155.7402,156.0602,153.2102,153.5202,110811.0,-0.0142545084698748
2020-06-29,166.56,166.8,166.18,166.63,6735695.0,0.0004202689721421,154.3802,154.7902,151.9302,154.7302,115232.0,0.0022671301112447
2020-06-30,166.31,167.99,166.19,167.37,12762295.0,0.0063736395887198,154.7802,158.2302,154.7802,157.6602,132887.0,0.0186070311318889
2020-07-01,167.05,167.06,165.34,166.62,13214759.0,-0.0025740796168812,158.0302,159.8402,157.4702,158.8802,242671.0,0.0053787187512259
2020-07-02,166.2,167.24,166.02,166.98,8753455.0,0.0046931407942238,161.1002,161.2702,159.7302,159.9202,104162.0,-0.0073246339855568
2020-07-06,167.75,168.0,167.19,167.98,7265701.0,0.0013710879284649,162.2502,163.4002,161.3902,162.0002,182271.0,-0.0015408301499782
2020-07-07,167.41,169.04,167.38,169.04,11633122.0,0.0097365748760527,161.1202,163.2002,160.6802,160.8302,122225.0,-0.0017998984609007
2020-07-08,170.32,170.86,169.78,170.09,11662726.0,-0.0013503992484734,161.4402,162.8302,160.7902,162.8302,146670.0,0.0086099992443021
2020-07-09,170.48,170.64,168.78,169.63,13327389.0,-0.0049859221022993,163.1402,163.4702,160.1202,162.8302,129257.0,-0.0019002060804142
2020-07-10,169.95,170.15,168.57,169.19,8218013.0,-0.0044719035010296,162.6802,163.0602,161.3002,162.8502,136341.0,0.001044995027053
2020-07-13,170.29,170.42,169.16,169.4,11095948.0,-0.0052263785307415,163.7902,164.5802,158.5502,158.8702,221933.0,-0.0300384272074885
2020-07-14,168.97,170.2,168.81,170.19,9812736.0,0.0072202166064981,158.4702,161.7602,156.5802,161.7602,105927.0,0.0207610011219774
2020-07-15,169.62,170.43,169.39,170.34,7533752.0,0.0042447824548991,163.5502,164.3402,161.9502,164.0202,113057.0,0.0028737354035641
2020-07-16,169.8,170.0,168.65,168.73,10242371.0,-0.0063015312131921,162.9902,163.3102,161.8702,163.0102,86600.0,0.000122706763965
2020-07-17,169.94,170.27,169.61,170.12,10296037.0,0.0010591973637754,163.8002,165.4502,163.2102,165.1902,94050.0,0.0084859481246055
2020-07-20,170.76,171.07,170.27,170.94,10095548.0,0.0010541110330288,165.0902,167.7302,165.0902,167.5402,102054.0,0.0148403721117303
2020-07-21,172.53,173.25,172.31,173.0,12864620.0,0.0027241639135222,168.6402,168.6402,166.7802,167.1502,119415.0,-0.0088353785159172
2020-07-22,174.05,175.77,173.76,175.63,18712467.0,0.009077851192186,167.0802,168.6702,167.0802,168.2102,152536.0,0.0067632191007671
2020-07-23,176.17,178.41,175.65,177.18,23006824.0,0.0057330987114719,167.9302,169.8902,165.4402,166.2702,138087.0,-0.0098850593877695
2020-07-24,179.14,179.16,178.2,178.7,15601327.0,-0.0024561795243943,164.7202,165.5302,163.0402,164.6102,135243.0,-0.0006677990920361
2020-07-27,181.85,182.83,181.53,182.23,21115604.0,0.002089634313995,165.1202,167.0902,165.0002,166.9602,100888.0,0.0111433973553809
2020-07-28,182.02,184.26,181.42,183.75,21164633.0,0.0095044500604328,166.7102,167.0602,165.1802,165.1802,128614.0,-0.0091776028101458
2020-07-29,184.01,186.14,182.39,185.13,25640100.0,0.0060866257268626,166.3102,169.0902,166.3102,168.7302,89430.0,0.0145511219396043
2020-07-30,183.44,184.33,182.13,183.76,18061227.0,0.0017444395987788,166.4902,169.0902,166.1202,168.7702,103264.0,0.0136944997363208
2020-07-31,184.51,185.75,184.17,185.43,15885010.0,0.0049861796108612,169.5902,169.8402,166.9002,169.8402,76884.0,0.0014741417841361
2020-08-03,185.05,185.82,184.2,185.64,12896999.0,0.0031883274790595,170.7102,171.7902,170.4302,171.4202,200073.0,0.004159095355755
2020-08-04,185.61,189.6,185.21,189.59,20773210.0,0.0214428101934162,171.0702,171.9902,170.5502,171.9902,143152.0,0.0053779091858195
2020-08-05,191.65,193.13,190.62,191.35,27193718.0,-0.0015653535090008,172.8902,173.4102,172.3402,173.0902,141760.0,0.0011568035666568
2020-08-06,193.74,194.45,192.52,193.89,20640119.0,0.0007742335088261,172.8202,173.1402,171.3302,172.5802,194517.0,-0.001388726549327
2020-08-07,192.71,192.96,189.33,190.81,24570160.0,-0.0098593741891962,171.8602,172.5302,169.9802,171.4902,108213.0,-0.002152912658079
2020-08-10,191.2,192.61,189.66,190.15,19047223.0,-0.005491631799163,171.9602,172.1202,169.2402,170.5902,98408.0,-0.0079669597965109
2020-08-11,183.57,183.98,179.43,179.94,45354997.0,-0.0197744729530968,171.2202,171.7602,168.9202,169.1202,309622.0,-0.0122649079956687
2020-08-12,182.61,183.1,179.04,179.1,28779419.0,-0.0192212912764909,170.5902,171.7202,170.3702,171.2802,161790.0,0.0040447810014877
2020-08-13,181.56,184.7,181.36,183.33,18596773.0,0.0097488433575678,171.0702,172.9702,171.0702,172.0302,88144.0,0.0056117313243335
2020-08-14,183.44,183.72,181.49,182.54,11791981.0,-0.0049062363715656,171.8302,172.2602,170.9302,171.3702,115942.0,-0.0026770614245922
2020-08-17,184.69,187.01,184.66,186.5,15709818.0,0.0098002057501759,172.0202,173.3002,172.0202,173.1702,104680.0,0.0066852613820935
2020-08-18,189.18,189.4,185.63,188.18,16291627.0,-0.0052859710328787,173.6802,173.9402,172.2902,173.4202,117843.0,-0.0014970042641591
2020-08-19,187.21,187.46,181.71,182.24,24646942.0,-0.0265477271513273,173.1602,173.1902,171.4702,171.6102,193403.0,-0.0089512486125565
2020-08-20,181.19,183.71,180.93,183.5,16692201.0,0.0127490479607042,170.8102,172.5402,170.7002,172.2702,108609.0,0.0085474989198536
2020-08-21,182.14,182.81,180.47,182.03,12713741.0,-0.0006039310420554,171.8102,172.3402,171.3902,172.0502,101689.0,0.0013968902894006
2020-08-24,182.91,182.93,180.69,181.0,11605788.0,-0.0104422940243835,173.1002,173.1502,171.3702,172.2102,124134.0,-0.0051415307434654
2020-08-25,181.06,181.25,179.73,181.22,10056066.0,0.0008836849663094,172.3802,173.1902,171.8302,173.1902,134777.0,0.0046989155367031
2020-08-26,180.26,183.58,180.2,183.36,12715762.0,0.017197381559969,173.4302,174.5502,172.8802,174.3402,113773.0,0.0052470676963988
2020-08-27,185.0,185.17,179.37,181.24,16299207.0,-0.0203243243243242,175.0002,175.3402,173.2502,174.1602,171838.0,-0.004799994514292
2020-08-28,183.98,185.4,183.4,184.39,13200826.0,0.0022285030981628,175.0802,175.3302,174.5902,175.3302,98483.0,0.0014279170345932
2020-08-31,184.79,185.53,184.28,184.83,10251152.0,0.0002164619297582,175.3702,176.1302,174.6802,175.4002,130627.0,0.0001710666920605
2020-09-01,186.99,186.99,184.33,185.05,10689058.0,-0.0103748863575592,176.5102,178.8502,176.4902,178.7702,166600.0,0.0128037926420115
2020-09-02,183.75,183.86,181.5,182.62,11536946.0,-0.0061496598639455,180.2902,181.8002,178.4602,181.5602,118112.0,0.0070441987418063
2020-09-03,182.3,182.82,180.49,181.14,12176904.0,-0.0063631376851345,179.8902,179.8902,172.4002,173.8602,216879.0,-0.0335204474729585
2020-09-04,180.95,182.1,180.05,181.64,11567864.0,0.0038132080685272,173.7602,174.0702,166.0402,170.1302,207061.0,-0.0208908599322514
2020-09-08,179.5,182.27,179.02,181.29,13229196.0,0.0099721448467966,166.4902,168.3602,165.1002,165.7602,131230.0,-0.0043846424594359
2020-09-09,182.5,183.22,182.19,183.05,8424118.0,0.003013698630137,167.7502,169.8902,166.8802,168.9702,98993.0,0.0072727186018258
2020-09-10,184.23,184.68,182.28,182.46,9143612.0,-0.0096075557726753,170.0502,170.9702,166.0002,166.6602,155132.0,-0.0199352896968071
2020-09-11,183.14,183.55,182.01,182.45,7662287.0,-0.003767609479087,167.7602,168.0102,164.2102,165.7802,115156.0,-0.011802561036527
2020-09-14,183.57,184.3,183.39,183.89,9709501.0,0.0017432042272702,167.9102,169.4902,167.5802,169.0102,95649.0,0.0065511207776537
2020-09-15,184.46,184.67,182.92,183.45,7993693.0,-0.0054754418302071,170.4302,171.3202,170.1702,170.6202,108008.0,0.0011148258935329
2020-09-16,184.98,185.01,183.33,183.97,12717630.0,-0.0054600497351064,171.4402,172.5602,170.2902,170.3902,90744.0,-0.0061245845490148
2020-09-17,181.92,183.09,181.48,182.96,8836188.0,0.0057167985927881,167.4902,169.2002,166.6502,168.7502,93823.0,0.0075228282012918
2020-09-18,183.07,184.09,182.64,183.2,9959667.0,0.0007101108865461,169.6002,169.6002,165.8302,167.7602,105503.0,-0.0108490438100898
2020-09-21,179.84,180.29,176.75,179.52,17436121.0,-0.0017793594306049,165.0902,166.8502,163.6002,166.7802,116348.0,0.0102368281097242
2020-09-22,179.63,180.02,178.11,178.65,7977916.0,-0.0054556588543115,167.8102,169.5702,166.4702,169.4102,90359.0,0.0095345813305746
2020-09-23,176.98,177.26,174.1,174.79,18134030.0,-0.0123742795796135,169.6002,170.0002,165.7802,166.0602,323750.0,-0.0208726168954988
2020-09-24,174.36,176.24,173.77,175.44,11759192.0,0.0061940812112869,165.2502,167.7202,163.9302,165.7702,182856.0,0.0031467435440319
2020-09-25,174.41,175.3,173.89,174.94,6779192.0,0.003038816581618,165.633,169.723,165.353,169.373,289433.0,0.0225800414168672
2020-09-28,175.83,176.81,175.09,176.7,7109746.0,0.0049479610987884,171.463,172.723,171.073,172.203,175525.0,0.0043157999101847
2020-09-29,177.19,178.33,176.95,178.19,8762004.0,0.0056436593487217,172.373,173.393,171.783,171.983,100236.0,-0.0022625353158556
2020-09-30,177.71,178.61,176.66,177.12,8371844.0,-0.0033200157560069,172.613,174.453,171.833,172.983,151926.0,0.0021435233730947
2020-10-01,178.71,179.5,178.04,178.7,10402833.0,-5.595657769581627e-05,173.973,175.653,173.973,175.373,142859.0,0.0080472257189332
2020-10-02,178.69,179.29,178.16,178.54,7488503.0,-0.0008394426101069,172.353,175.313,171.873,174.243,210326.0,0.0109658665645505
2020-10-05,179.02,180.14,178.9,179.41,6969605.0,0.0021785275388224,175.573,177.313,175.423,177.103,88976.0,0.0087143239564169
2020-10-06,180.16,180.37,177.05,177.3,8632761.0,-0.0158747779751331,177.713,179.333,175.313,175.853,180154.0,-0.0104663136630408
2020-10-07,177.09,177.42,176.43,177.22,6410899.0,0.0007340900107289,177.503,179.293,177.383,178.563,125717.0,0.0059717300552666
2020-10-08,178.18,178.45,176.67,177.85,6530845.0,-0.0018520597148951,179.943,180.223,179.423,180.063,132544.0,0.0006668778446506
2020-10-09,180.13,181.17,179.93,181.08,15979775.0,0.0052739688003109,181.603,182.553,181.423,182.003,105657.0,0.00220260678513
2020-10-12,180.57,180.83,180.19,180.56,4842997.0,-5.538018496976743e-05,183.383,184.893,182.853,184.083,104020.0,0.0038171477181635
2020-10-13,178.56,178.6,177.1,177.72,8384295.0,-0.0047043010752688,184.033,185.333,183.533,184.753,82300.0,0.0039123418082626
2020-10-14,179.09,179.59,178.27,178.27,9100896.0,-0.0045787034451951,185.373,185.703,182.643,183.363,147340.0,-0.0108430030263306
2020-10-15,177.71,179.15,177.59,178.92,6821291.0,0.0068088458724887,180.703,183.863,180.593,183.653,131560.0,0.0163251301859957
2020-10-16,179.22,179.32,178.13,178.3,7262158.0,-0.0051333556522708,184.253,185.043,183.133,183.283,102815.0,-0.0052645004423265
2020-10-19,179.41,179.48,178.37,178.39,6084398.0,-0.0056853018226409,184.003,184.683,180.473,180.883,121451.0,-0.0169562452786094
2020-10-20,178.54,179.67,178.08,179.25,7124678.0,0.0039766998991823,181.833,182.983,180.953,181.073,104427.0,-0.0041796593577622
2020-10-21,180.47,181.31,180.23,180.6,7548086.0,0.0007203413309691,181.833,182.993,180.373,180.623,80375.0,-0.0066544576617006
2020-10-22,178.88,179.03,177.72,178.83,8376974.0,-0.0002795169946331,181.003,181.813,179.063,181.373,172655.0,0.0020441650138395
2020-10-23,179.09,179.2,177.76,178.64,5919276.0,-0.0025127031101681,182.043,183.253,181.183,183.233,93480.0,0.0065369171020033
2020-10-26,178.75,179.14,178.22,178.55,5105103.0,-0.001118881118881,181.783,182.483,177.763,180.003,131902.0,-0.0097918947316305
2020-10-27,178.71,179.43,178.51,179.02,5826871.0,0.0017346539085669,180.383,181.153,179.653,179.683,93544.0,-0.0038806317668517
2020-10-28,176.45,176.85,175.44,176.13,11734083.0,-0.0018135449135732,176.433,176.573,173.963,174.323,187990.0,-0.0119592139792441
2020-10-29,175.02,176.14,174.83,175.4,8474453.0,0.0021711804365215,175.303,177.083,174.313,175.493,145315.0,0.0010838376981568
2020-10-30,177.18,177.36,175.95,176.2,7304589.0,-0.0055310983180946,174.123,174.503,170.233,171.603,210708.0,-0.0144725280405229
2020-11-02,177.45,177.93,177.13,177.91,6498368.0,0.0025922795153564,173.613,174.783,171.423,173.633,221722.0,0.0001151987466376
2020-11-03,178.95,179.39,178.3,178.92,7577196.0,-0.0001676445934618,175.523,178.413,175.093,177.563,169254.0,0.0116224084592901
2020-11-04,178.93,179.19,177.66,178.82,11117259.0,-0.0006147655507741,180.653,184.823,180.233,183.083,242059.0,0.0134512020281977
2020-11-05,181.0,183.29,180.97,182.93,16102775.0,0.0106629834254144,185.473,187.123,185.473,186.613,231279.0,0.0061464471917744
2020-11-06,183.4,183.53,182.19,183.19,10378266.0,-0.0011450381679389,186.823,188.503,185.823,187.973,171016.0,0.0061555590050475
2020-11-09,176.42,176.45,173.64,175.08,29800706.0,-0.0075955107130709,195.133,195.133,185.153,185.153,192928.0,-0.0511446039368021
2020-11-10,176.75,176.91,175.66,175.66,11728459.0,-0.0061669024045261,185.003,185.273,180.213,183.283,212364.0,-0.0092971465327589
2020-11-11,174.7,175.28,174.44,174.9,9008471.0,0.0011448196908987,184.923,186.763,184.923,186.523,125611.0,0.0086522498553451
2020-11-12,176.04,176.77,175.84,175.96,7182263.0,-0.0004544421722334,186.313,187.383,184.343,185.483,128534.0,-0.0044548689570775
2020-11-13,177.65,177.8,176.84,177.16,6470910.0,-0.0027582324795947,186.713,187.833,185.943,187.323,105543.0,0.0032670462153144
2020-11-16,177.23,177.91,176.87,177.15,8358474.0,-0.0004513908480504,188.763,189.323,187.343,189.193,122933.0,0.0022779888007713
2020-11-17,177.25,177.44,176.09,176.5,8229142.0,-0.004231311706629,188.573,189.693,187.343,189.273,205953.0,0.0037120902780355
2020-11-18,176.26,176.86,175.35,175.49,7384661.0,-0.0043685464654486,189.303,189.403,187.103,187.103,160091.0,-0.0116215802179573
2020-11-19,174.3,175.22,174.17,175.16,6965056.0,0.0049340218014915,186.973,190.093,186.423,189.993,148924.0,0.0161520647366196
2020-11-20,176.12,176.38,175.58,175.69,6380936.0,-0.0024415171473995,189.993,191.063,189.823,189.873,106043.0,-0.0006316022169238
2020-11-23,175.1,175.24,171.78,172.23,15510552.0,-0.0163906339234723,191.163,191.793,189.733,191.013,204180.0,-0.0007846706737182
2020-11-24,169.3,169.69,168.86,169.59,19503992.0,0.0017129356172474,192.213,192.443,190.593,191.063,184379.0,-0.0059829460026117
2020-11-25,169.98,170.52,169.24,169.51,10286575.0,-0.0027650311801388,191.093,192.853,190.913,192.693,241313.0,0.0083728865002905
2020-11-27,166.9,167.83,166.78,167.79,10569141.0,0.0053325344517674,193.403,194.773,193.373,194.633,95644.0,0.0063597772526797
2020-11-30,166.68,167.43,166.03,166.67,13209977.0,-5.999520038408523e-05,195.003,195.833,192.343,195.723,178178.0,0.003692250888448
2020-12-01,169.76,170.48,169.3,170.18,13555209.0,0.002474081055608,197.863,197.863,195.593,196.583,225220.0,-0.0064691225747107
2020-12-02,170.57,171.76,170.15,171.46,9199741.0,0.0052177991440465,195.303,195.973,194.263,195.493,150137.0,0.0009728473192935
2020-12-03,172.64,172.85,171.08,172.81,10457274.0,0.0009847080630214,195.703,198.053,195.573,196.823,134357.0,0.0057229577471985
2020-12-04,172.78,173.32,171.59,172.32,10098639.0,-0.0026623451788401,197.393,199.333,197.393,199.203,131722.0,0.0091695247551838
2020-12-07,172.56,175.29,172.51,174.89,10555101.0,0.0135025498377375,199.223,200.013,199.063,199.773,114326.0,0.0027607254182498
2020-12-08,175.51,175.93,174.72,175.5,6348418.0,-5.6976810438099854e-05,199.113,201.143,199.113,200.973,123562.0,0.0093414292386735
2020-12-09,173.92,174.04,171.24,172.5,10743185.0,-0.0081646734130634,201.243,201.553,196.323,197.213,192220.0,-0.0200255412610625
2020-12-10,172.9,173.58,171.7,172.17,6564030.0,-0.004222093695778,196.283,199.373,195.463,199.243,264929.0,0.0150802667576917
2020-12-11,172.25,173.32,172.11,172.49,6084848.0,0.0013933236574746,197.923,199.773,197.293,199.223,122532.0,0.0065682108698838
2020-12-14,171.91,172.52,170.91,171.54,7644419.0,-0.0021522889884242,200.763,202.073,199.343,199.563,117393.0,-0.0059771969934699
2020-12-15,173.43,173.98,173.06,173.94,6848629.0,0.0029406677045493,201.043,202.043,200.393,202.043,196127.0,0.0049740602756624
2020-12-16,174.13,175.02,173.02,174.9,8174737.0,0.0044219835754896,202.633,203.153,202.193,202.883,143150.0,0.0012337575814403
2020-12-17,177.15,177.87,176.58,176.74,9475790.0,-0.002314422805532,204.103,206.253,204.103,206.253,125270.0,0.0105338971009734
2020-12-18,176.65,176.98,176.1,176.44,6789888.0,-0.0011887913954147,206.873,207.293,205.723,207.133,164650.0,0.001256809733508
2020-12-21,176.29,176.94,175.76,175.88,8168924.0,-0.0023257133132905,204.503,206.633,202.703,206.433,188068.0,0.0094375143640924
2020-12-22,176.2,176.34,174.34,174.49,9447403.0,-0.009704880817253,206.963,208.133,206.043,208.133,111900.0,0.0056531843856148
2020-12-23,175.1,176.21,175.06,175.65,6542767.0,0.0031410622501428,208.923,208.933,206.733,206.733,239694.0,-0.0104823308108728
2020-12-24,175.55,176.37,175.51,176.35,3695443.0,0.004557106237539,207.2923,207.7823,206.3323,207.1523,82027.0,-0.0006753748209654
2020-12-28,177.26,177.91,175.63,175.71,7778685.0,-0.0087442175335664,208.6323,208.7023,205.0523,205.2423,189317.0,-0.0162486824906785
2020-12-29,176.25,176.97,175.57,176.35,5983741.0,0.0005673758865247,206.4823,206.6123,202.9523,204.0323,183150.0,-0.0118654238159881
2020-12-30,176.44,177.72,176.44,177.7,5914039.0,0.0071412378145544,204.8423,205.5623,204.6223,205.0423,159146.0,0.0009763608395337
2020-12-31,178.07,178.4,177.32,178.36,7540757.0,0.0016285730330769,204.9423,205.3623,203.5623,205.2323,172263.0,0.0014150324262
2021-01-04,181.97,182.4,180.96,182.33,14326797.0,0.0019783480793538,206.1323,206.1623,199.6123,202.1123,387473.0,-0.0195020382540726
2021-01-05,182.87,183.21,181.82,182.87,12718753.0,0.0,201.9623,203.9823,201.9623,203.8923,157563.0,0.0095562389614299
2021-01-06,181.49,181.58,178.24,179.9,18453495.0,-0.0087608132679486,202.5423,206.1323,201.7223,204.1223,178630.0,0.0078008396270802
2021-01-07,179.69,179.92,178.84,179.48,7110214.0,-0.0011686793922867,205.9623,210.0023,205.9623,209.8123,164855.0,0.0186927413414979
2021-01-08,176.83,176.99,171.48,173.34,24399895.0,-0.019736470055986,211.0623,212.7423,209.1223,211.4123,202744.0,0.0016582781482055
2021-01-11,172.14,173.68,172.03,173.0,8579195.0,0.0049959335424655,209.3223,212.0323,208.5123,210.5123,165641.0,0.0056850130158134
2021-01-12,173.13,174.18,172.32,174.12,9798480.0,0.005718246404436,211.0823,212.2923,210.2623,212.0823,111704.0,0.0047374886477928
2021-01-13,173.68,174.46,173.05,173.37,14110299.0,-0.0017848917549516,211.8823,212.3023,210.4823,211.0223,149789.0,-0.0040588572051558
2021-01-14,173.44,174.22,172.66,173.28,13522670.0,-0.0009225092250922,211.9323,212.5823,209.6623,209.9423,127292.0,-0.0093897909851401
2021-01-15,172.84,173.07,170.98,171.13,16172494.0,-0.0098935431613052,209.6923,209.9523,206.7723,208.6723,190950.0,-0.004864270171103
2021-01-19,172.71,172.85,171.92,172.58,7485700.0,-0.0007527068496323,210.0523,210.5923,208.9023,210.3823,186607.0,0.0015710373083274
2021-01-20,174.37,175.47,173.82,175.39,9456038.0,0.0058496300969202,211.4823,213.2823,211.3623,213.0623,167730.0,0.0074710744114282
2021-01-21,175.11,175.51,174.51,175.28,7250164.0,0.0009708183427559,213.7123,214.1823,211.6023,211.8423,116261.0,-0.0087500813008891
2021-01-22,172.89,174.29,172.35,173.9,7269592.0,0.0058418647695067,211.4123,212.1823,211.0623,211.9123,114234.0,0.0023650468775941
2021-01-25,174.82,174.96,173.19,174.05,5936770.0,-0.0044045303740989,212.3423,213.4923,208.3123,211.8723,176109.0,-0.0022134073145105
2021-01-26,173.98,174.26,173.42,173.62,4685568.0,-0.0020692033567075,212.5023,212.5023,208.7323,208.9023,101776.0,-0.016940993109251
2021-01-27,172.93,173.52,171.66,172.52,9036528.0,-0.0023709015208465,206.0923,206.0923,201.3023,202.2523,198400.0,-0.0186324282857729
2021-01-28,174.28,174.73,172.04,172.68,9392363.0,-0.0091806288730777,203.5523,207.7123,203.5523,205.5323,194426.0,0.0097272298077692
2021-01-29,174.87,175.16,172.61,172.61,11252816.0,-0.0129238863155486,205.1623,205.7323,201.4323,203.0523,229901.0,-0.0102845405807986
2021-02-01,175.02,175.26,174.06,174.23,9079082.0,-0.0045137698548738,205.1523,207.9023,203.9623,207.4523,205862.0,0.0112111831064044
2021-02-02,172.49,172.53,171.51,172.11,7221689.0,-0.0022030262623919,209.8023,212.6523,209.8023,212.0923,184393.0,0.0109150376330478
2021-02-03,172.36,172.59,171.5,171.85,4658060.0,-0.0029589231840335,212.4423,212.4423,210.4223,210.9423,120247.0,-0.0070607407281883
2021-02-04,168.29,168.4,167.34,168.15,13736624.0,-0.0008318973201021,212.0523,214.3823,211.4923,214.2823,260084.0,0.0105162735796781
2021-02-05,168.99,170.18,168.67,169.81,6538458.0,0.0048523581276998,215.9123,216.6223,215.3623,216.4323,235470.0,0.0024083852564212
2021-02-08,171.98,172.4,171.49,171.52,6887535.0,-0.0026747296197231,217.7123,218.6423,217.1523,218.2923,142897.0,0.0026640662929931
2021-02-09,172.57,173.03,171.75,172.08,5131799.0,-0.0028394274787041,217.9523,219.9023,217.9523,219.1723,137487.0,0.0055975550613597
2021-02-10,173.15,173.22,172.01,172.71,6112812.0,-0.0025411492925209,221.1523,221.7823,217.9723,220.1723,109712.0,-0.0044313353286399
2021-02-11,172.7,172.87,170.71,171.21,5994522.0,-0.0086276780544295,221.5723,221.8323,219.7723,221.6323,133906.0,0.00027079197174
2021-02-12,170.29,171.65,169.88,170.69,6018930.0,0.0023489341711198,221.1623,223.5323,220.4123,223.5023,122624.0,0.0105804651154378
2021-02-16,168.14,170.07,167.73,168.24,14761087.0,0.0005947424765078,224.4523,224.5823,220.9323,222.0623,151593.0,-0.0106481421665093
2021-02-17,166.92,167.34,165.85,166.33,11425421.0,-0.0035346273664029,220.2823,220.4723,217.4123,220.1323,193499.0,-0.0006809444063368
2021-02-18,166.98,167.3,165.73,166.32,7498157.0,-0.0039525691699604,218.4623,220.1723,216.7823,219.2723,103408.0,0.0037077335540274
2021-02-19,166.76,167.94,166.6,167.01,8273502.0,0.0014991604701367,220.8623,222.5323,220.8523,221.0723,87653.0,0.0009508186775199
2021-02-22,168.54,169.89,168.3,169.51,10083290.0,0.005755310312092,219.6223,219.6223,214.8323,215.1323,137746.0,-0.0204441898659653
2021-02-23,169.48,169.74,168.28,169.12,8616789.0,-0.0021241444418219,212.0923,215.0323,207.0523,214.1923,210467.0,0.0099013495539441
2021-02-24,167.65,169.14,167.15,169.0,8890612.0,0.0080524903071875,213.4023,215.7723,211.5823,215.4823,124137.0,0.0097468490264632
2021-02-25,166.92,167.66,165.45,165.82,16359418.0,-0.0065899832254972,215.1823,216.2523,207.5723,208.6123,170584.0,-0.0305322510262228
2021-02-26,165.0,165.1,160.95,161.81,23730391.0,-0.0193333333333333,210.4823,212.0623,207.0123,210.3323,157696.0,-0.000712648997089
2021-03-01,163.03,163.35,161.16,161.53,13828347.0,-0.0092007605962092,213.5023,216.0723,212.6323,215.7223,119339.0,0.0103980144476195
2021-03-02,161.93,162.93,161.22,162.41,11424608.0,0.0029642438090532,216.1923,216.2123,211.9823,211.9823,149064.0,-0.0194734040019
2021-03-03,160.61,161.69,159.49,160.62,13059936.0,6.226262374690807e-05,211.7923,211.7923,204.8623,204.8623,201580.0,-0.0327207363062774
2021-03-04,160.6,161.46,158.43,159.04,13870077.0,-0.0097135740971357,204.1023,205.0523,195.8923,198.8423,291833.0,-0.0257713901313214
2021-03-05,159.66,159.82,158.55,159.14,12068139.0,-0.0032569209570337,201.2923,201.9623,192.0523,201.6723,311003.0,0.0018878019675864
2021-03-08,158.58,158.74,157.13,157.49,12134854.0,-0.0068735023332072,202.0323,203.6923,197.6723,197.9123,228875.0,-0.0203927787784428
2021-03-09,160.75,161.25,160.41,160.84,10382555.0,0.0005598755832037,201.8023,205.2223,201.8023,203.7923,220592.0,0.0098611363696053
2021-03-10,161.06,161.78,160.66,161.66,7962003.0,0.0037253197566124,206.0323,207.0323,203.6523,203.6523,182503.0,-0.0115515868143004
2021-03-11,161.47,161.98,161.12,161.52,6749209.0,0.0003096550442807,206.6223,209.6723,206.6223,208.9523,158870.0,0.0112766143828619
2021-03-12,159.54,161.69,159.35,161.49,8608514.0,0.0122226400902596,207.2123,208.4723,205.2923,208.4723,118581.0,0.0060807201116921
2021-03-15,162.31,162.55,161.43,162.2,8110140.0,-0.0006777154827183,208.8523,211.3823,208.1823,211.3823,160221.0,0.0121138239799129
2021-03-16,162.36,163.2,161.81,162.35,7547417.0,-6.159152500627818e-05,212.3623,212.6523,208.4923,209.8523,157855.0,-0.011819423692435
2021-03-17,162.27,164.15,161.48,163.51,12626689.0,0.0076415850126331,208.4023,211.0723,206.5423,210.1223,127824.0,0.0082532678382148
2021-03-18,161.15,162.82,161.11,162.56,8731762.0,0.0087496121625814,207.6023,208.3423,204.3423,204.5223,165124.0,-0.0148360591380731
2021-03-19,162.56,163.43,162.43,163.24,6868892.0,0.0041830708661417,205.0123,207.2123,203.5123,206.3123,95040.0,0.006341082949657
2021-03-22,162.27,163.13,162.16,163.0,5239970.0,0.0044986750477598,207.0823,209.5223,206.9123,208.7623,148188.0,0.0081127165383038
2021-03-23,162.45,162.49,161.59,161.81,6048301.0,-0.0039396737457678,208.7123,208.8723,205.7023,206.1023,208392.0,-0.0125052524455913
2021-03-24,162.21,162.89,161.94,162.37,6183666.0,0.0009863756858393,207.3923,207.3923,202.7523,202.8323,198682.0,-0.0219873158260938
2021-03-25,163.06,163.58,161.32,161.78,8398596.0,-0.0078498712130504,201.3518,203.2318,198.8318,202.9618,167934.0,0.0079959553378713
2021-03-26,161.71,162.73,161.65,162.24,6153894.0,0.0032774720178096,203.5518,207.2318,202.8318,207.2318,124905.0,0.0180789361725123
2021-03-29,161.46,161.52,159.83,160.31,8409316.0,-0.0071225071225071,206.3218,207.1918,203.5518,204.8718,130406.0,-0.007027856484385
2021-03-30,157.94,158.2,157.55,157.57,8353246.0,-0.0023426617702925,204.3018,205.1818,202.8518,205.0118,131204.0,0.0034752508298997
2021-03-31,158.06,160.68,158.05,159.96,10623771.0,0.0120207516133114,206.0618,209.2118,205.6618,207.9318,145814.0,0.009074947418687
2021-04-01,161.56,162.11,161.28,161.98,7105228.0,0.0025996533795493,210.1518,211.7418,210.1518,211.6418,186196.0,0.0070901129564437
2021-04-05,161.52,162.4,161.36,161.92,6163799.0,0.0024764735017333,213.6718,213.6718,211.8818,212.9618,163093.0,-0.0033228530859008
2021-04-06,162.79,163.53,162.75,163.22,6761166.0,0.0026414398918852,213.2118,215.5118,212.9118,214.6418,327584.0,0.0067069458632213
2021-04-07,162.82,163.31,162.5,162.76,5436014.0,-0.0003685050976538,214.3218,214.3218,212.2918,212.5818,116148.0,-0.0081186328222327
2021-04-08,164.17,164.77,164.14,164.51,6574524.0,0.0020710239386002,214.3518,215.5518,213.9918,215.5518,152971.0,0.0055982734924548
2021-04-09,162.75,163.66,162.48,163.27,6657898.0,0.0031950844854071,214.9918,216.3618,214.1818,216.3518,167728.0,0.0063258226592827
2021-04-12,162.73,162.8,161.81,162.28,4896669.0,-0.0027653167824002,216.1218,216.4518,214.6718,216.3718,88001.0,0.0011567551260446
2021-04-13,163.18,163.85,163.03,163.43,6995903.0,0.0015320504963843,216.6018,218.3818,216.6018,218.1618,123525.0,0.0072021562147683
2021-04-14,162.77,163.05,162.3,162.72,6312296.0,-0.000307181913129,218.4718,219.8318,216.5818,216.7818,112424.0,-0.00773555213991
2021-04-15,164.07,165.79,164.03,165.35,8250646.0,0.007801548119705,218.7018,220.4018,218.5318,220.3318,114184.0,0.0074530708023436
2021-04-16,166.24,166.81,165.94,166.35,10057602.0,0.0006616939364772,220.9318,220.9318,218.9218,219.6218,148371.0,-0.0059294316164535
2021-04-19,165.91,166.44,165.72,165.89,5721727.0,-0.0001205472846724,218.8118,219.3518,215.9018,217.3218,141626.0,-0.006809504789047
2021-04-20,165.65,166.81,165.62,166.48,6531979.0,0.0050105644431028,216.6818,217.8118,214.2718,215.4418,202241.0,-0.0057226772160837
2021-04-21,167.18,168.39,167.15,168.13,8380178.0,0.005682497906448,215.2918,218.3318,215.0618,218.3318,215376.0,0.01412037058541
2021-04-22,167.11,167.53,166.49,167.04,7680140.0,-0.0004188857638682,218.9318,220.9518,217.3418,218.2018,108616.0,-0.0033343717084499
2021-04-23,167.37,167.53,165.78,166.4,7107484.0,-0.0057955428093445,218.9718,222.2918,218.9718,221.7318,84797.0,0.01260436275356
2021-04-26,166.63,166.87,166.05,166.84,4786613.0,0.0012602772609974,222.3118,223.6618,221.6318,223.3118,135839.0,0.0044981867809086
2021-04-27,166.92,167.15,166.28,166.42,5363499.0,-0.0029954469206805,223.9118,223.9118,222.0718,222.9118,114244.0,-0.004466044219197
2021-04-28,165.75,166.96,165.49,166.91,6932217.0,0.006998491704374,222.7018,222.8718,221.1318,222.1418,136086.0,-0.0025145732993626
2021-04-29,165.58,166.26,164.47,166.22,9067627.0,0.0038652011112452,223.4718,223.4718,219.6218,221.6618,204375.0,-0.0080994559492517
2021-04-30,165.86,166.0,165.24,165.66,6248711.0,-0.0012058362474377,219.6418,220.6718,218.2618,218.7018,134173.0,-0.0042796953949566
2021-05-03,167.61,168.43,167.41,167.81,9014708.0,0.0011932462263587,220.1518,220.1518,216.8918,216.9618,126553.0,-0.0144900018986898
2021-05-04,167.69,168.55,165.5,166.58,10267411.0,-0.0066193571471166,215.7818,215.7818,211.4518,213.9918,217911.0,-0.0082954169443391
2021-05-05,166.63,167.31,166.61,167.27,5912688.0,0.0038408449858969,215.6518,215.9118,212.6018,212.8418,142408.0,-0.0130302645282812
2021-05-06,167.95,170.29,167.92,170.06,13574072.0,0.0125632628758559,212.3518,212.3518,208.6918,210.8818,146396.0,-0.0069224748742417
2021-05-07,171.53,172.55,171.0,171.59,14748628.0,0.0003497930391185,212.3818,215.2518,212.3818,213.9518,125767.0,0.0073923471785246
2021-05-10,172.74,172.84,171.78,172.11,8276584.0,-0.0036470996873914,213.8918,213.8918,210.3718,210.6418,132887.0,-0.0151945983904011
2021-05-11,170.56,172.17,170.27,172.14,8348213.0,0.009263602251407,206.1518,210.8718,205.5818,210.1818,199638.0,0.0195487014908431
2021-05-12,171.43,171.84,170.35,170.43,12666262.0,-0.0058332847226273,208.2818,208.7618,204.0918,204.2518,194846.0,-0.0193487861157335
2021-05-13,170.35,171.27,170.23,171.13,8078266.0,0.0045788083357792,205.7018,207.2918,203.2418,204.9318,238965.0,-0.0037432827520225
2021-05-14,172.05,172.7,171.82,172.69,9686777.0,0.0037198488811391,207.0018,210.4618,206.6218,209.9218,95166.0,0.0141061575309972
2021-05-17,173.3,175.0,173.28,174.7,11956831.0,0.008078476630121,209.0518,209.4818,206.8518,208.2318,136478.0,-0.0039224728033912
2021-05-18,175.18,175.21,174.46,175.04,7294010.0,-0.0007991779883549,208.9818,210.2218,208.0918,208.0918,78429.0,-0.00425874406288
2021-05-19,175.14,177.0,174.35,175.16,20741106.0,0.0001141943587987,205.0018,208.1518,204.2118,208.0018,126714.0,0.0146340178476481
2021-05-20,175.32,176.46,175.11,175.96,9802799.0,0.0036504677161762,208.6818,212.7918,208.6818,212.4118,103072.0,0.0178741030602572
2021-05-21,176.58,176.86,175.15,176.04,7677190.0,-0.0030581039755352,213.6518,214.3418,212.2318,212.4818,101123.0,-0.0054762000600978
2021-05-24,176.15,176.59,175.87,176.35,5557339.0,0.0011353959693442,213.6918,215.6018,213.3518,214.9318,97874.0,0.0058027495673676
2021-05-25,176.15,177.95,176.04,177.95,8986945.0,0.0102185637240986,215.8618,216.2718,214.7418,215.1218,67739.0,-0.0034281192874328
2021-05-26,178.37,178.61,177.04,177.64,8495383.0,-0.0040926164713798,215.6818,216.3318,215.6318,216.2718,85908.0,0.0027355112948797
2021-05-27,177.39,177.82,176.81,177.71,7992951.0,0.0018039348328542,216.1818,217.1118,214.6718,216.2718,107388.0,0.0004163162671418
2021-05-28,177.46,178.43,177.24,178.38,9968324.0,0.0051842668770426,217.2818,218.4918,217.2418,217.3818,73124.0,0.0004602318279763
2021-06-01,178.76,178.85,177.19,177.9,9143250.0,-0.0048109196688296,218.9218,218.9218,215.8818,216.5218,95303.0,-0.0109628186868552
2021-06-02,178.34,178.78,177.97,178.77,6613106.0,0.0024111248177638,216.8318,217.1618,216.2118,216.4118,115847.0,-0.0019369852576973
2021-06-03,175.83,175.83,174.66,175.27,10153899.0,-0.0031848945003696,215.1418,215.5218,213.2218,214.6818,188535.0,-0.0021381247158849
2021-06-04,176.65,177.57,176.61,177.16,8375264.0,0.0028870648174355,215.8818,217.3418,215.8818,217.2518,192699.0,0.0063460653005487
2021-06-07,176.96,177.9,176.63,177.87,7709094.0,0.0051424050632911,217.0818,218.1518,216.8618,218.0218,65917.0,0.0043301649424319
2021-06-08,177.23,177.54,176.37,177.32,5905832.0,0.0005078147040568,218.9118,219.5918,217.2318,219.0318,109575.0,0.0005481659736935
2021-06-09,177.38,177.8,176.78,176.98,6346094.0,-0.0022550456646747,219.5118,219.7818,218.3218,218.3818,73334.0,-0.0051477870437944
2021-06-10,176.7,177.85,176.48,177.74,9896612.0,0.0058856819468026,218.6318,220.5218,218.0818,220.3018,74086.0,0.0076384130762313
2021-06-11,176.33,176.57,175.48,175.74,7836860.0,-0.0033459989791867,220.9218,221.6218,220.3418,221.5618,76199.0,0.0028969526773727
2021-06-14,173.16,175.06,172.95,174.71,7733645.0,0.008951258951259,221.9318,222.8018,221.5518,222.7418,71546.0,0.0036497698842617
2021-06-15,174.78,174.92,173.34,174.05,7550154.0,-0.0041766792539191,222.8218,222.8218,220.8418,221.3218,186997.0,-0.0067318368310461
2021-06-16,173.91,174.47,171.03,171.11,16919749.0,-0.0161002817549306,221.5218,222.3418,219.0118,220.8318,69671.0,-0.0031148175935733
2021-06-17,167.02,167.62,165.44,165.85,27232236.0,-0.0070051490839421,220.2518,223.4418,220.2518,223.1218,81922.0,0.0130305404995555
2021-06-18,166.14,166.72,164.87,164.93,15744310.0,-0.0072830143252677,221.4718,222.8418,221.2418,221.5918,99611.0,0.0005418297047299
2021-06-21,166.52,167.22,166.0,166.95,8370991.0,0.0025822723997116,222.0118,224.3818,220.7418,224.2218,76403.0,0.0099544258458334
2021-06-22,166.35,166.92,166.01,166.25,7223919.0,-0.0006011421701232,224.1418,226.6018,224.0218,226.3918,76508.0,0.0100382882621626
2021-06-23,166.97,168.03,165.97,166.14,8474276.0,-0.0049709528657843,226.5718,227.3518,226.1818,226.7918,57002.0,0.0009709946251033
2021-06-24,167.0,167.23,166.01,166.04,6903352.0,-0.005748502994012,228.1651,229.0751,227.9351,228.5751,88835.0,0.001796944405608
2021-06-25,167.45,167.53,166.29,166.59,7473679.0,-0.0051358614511793,229.3451,229.4851,228.5151,229.1651,111135.0,-0.0007848434520729
2021-06-28,166.68,166.91,166.36,166.58,6508902.0,-0.0005999520038396,230.1351,230.7151,229.5151,230.6251,264653.0,0.0021291841183722
2021-06-29,164.34,165.28,164.01,164.83,7451415.0,0.0029816234635512,230.7551,231.2351,230.1651,230.8251,93380.0,0.0003033519085818
2021-06-30,164.57,166.1,164.29,165.63,7955839.0,0.0064410281339247,230.7651,230.7651,229.7651,229.8651,216192.0,-0.0039000698112495
2021-07-01,166.65,166.88,165.5,166.2,7430497.0,-0.0027002700270028,230.0551,230.7351,228.8451,230.0051,102607.0,-0.0002173392374262
2021-07-02,167.35,167.72,166.4,167.29,7873574.0,-0.0003585300268897,231.0051,231.4451,230.3151,231.0651,95004.0,0.0002597345253416
2021-07-06,169.27,169.65,167.54,168.12,7932050.0,-0.006793879600638,231.4251,232.1951,229.9851,232.1151,152956.0,0.0029815262043746
2021-07-07,168.72,169.23,168.19,168.76,7108909.0,0.0002370791844475,233.0451,233.0451,229.8751,231.6051,77270.0,-0.0061790614777997
2021-07-08,169.82,169.86,167.91,168.65,7244275.0,-0.0068896478624425,228.1651,230.2851,226.8251,229.3351,101456.0,0.0051278657428327
2021-07-09,168.84,169.62,168.66,169.21,4997398.0,0.0021914238332149,230.6351,232.4251,229.5351,232.4251,67610.0,0.0077611777218645
2021-07-12,168.7,169.16,167.64,169.0,7315422.0,0.001778304682869,232.6551,232.8051,231.3051,231.7951,70817.0,-0.0036964588354178
2021-07-13,169.51,169.9,168.93,169.22,7040277.0,-0.0017108135213261,231.4951,231.7251,229.8351,229.8351,133200.0,-0.0071707781287811
2021-07-14,170.91,171.04,170.28,171.04,8830335.0,0.0007606342519454,231.1351,231.1351,227.9351,228.1751,72665.0,-0.0128063630318372
2021-07-15,170.89,171.3,170.34,171.07,6520126.0,0.0010533091462344,227.7051,228.2751,225.2251,226.8451,203805.0,-0.0037768148363826
2021-07-16,170.65,170.95,169.28,169.41,9460348.0,-0.0072663346029886,227.4551,227.9651,225.7451,226.0151,274204.0,-0.0063309198167022
2021-07-19,169.51,169.91,168.89,169.61,6707365.0,0.0005899356970091,223.0751,224.9551,221.9351,223.9351,113650.0,0.0038552039201148
2021-07-20,170.51,170.8,168.92,169.39,6540058.0,-0.0065685297050026,225.2151,229.7551,224.5051,228.8351,100688.0,0.016073522601282
2021-07-21,168.33,169.0,168.14,168.76,4622581.0,0.0025545060298222,229.6751,231.0851,229.3451,231.0351,67905.0,0.0059214081108488
2021-07-22,168.49,169.19,168.06,169.09,4793605.0,0.00356104219835,231.1551,232.0451,230.6651,231.8151,57953.0,0.0028552257769782
2021-07-23,168.5,168.88,167.95,168.56,5831463.0,0.0003560830860534,232.9851,234.8651,232.2451,234.7851,94356.0,0.0077258159427363
2021-07-26,168.58,168.86,168.08,168.16,5229817.0,-0.0024913987424369,234.3651,234.3651,232.8551,233.4851,78349.0,-0.0037548252704861
2021-07-27,168.73,168.91,167.93,168.44,6300183.0,-0.0017187222189296,233.1851,233.1851,229.4951,231.8951,85672.0,-0.0055320858837035
2021-07-28,168.26,169.38,167.72,169.29,7905846.0,0.0061214786639724,232.0751,234.6751,231.7951,234.1951,79090.0,0.0091349739804055
2021-07-29,170.7,171.52,170.67,171.17,8119591.0,0.0027533684827182,234.5151,236.2351,234.5151,235.1451,50962.0,0.0026863941810144
2021-07-30,170.72,170.99,169.38,169.82,7391706.0,-0.0052717900656045,233.7651,235.8251,233.7251,234.3451,52872.0,0.0024811231445584
2021-08-02,169.3,170.25,169.1,169.61,10783240.0,0.0018310691080921,235.7451,236.2351,234.2151,234.7751,65444.0,-0.0041146136229342
2021-08-03,169.42,169.83,169.21,169.49,5402340.0,0.0004131743595798,235.1951,235.9651,233.4651,235.8751,74974.0,0.0028912166962662
2021-08-04,171.28,171.4,168.99,169.53,9796349.0,-0.0102171882297991,235.5851,236.5451,234.5851,236.0951,98634.0,0.0021648228177418
2021-08-05,169.37,169.44,168.2,168.86,7893245.0,-0.0030111590010036,236.3751,237.7651,235.0951,237.7651,66357.0,0.0058804840272938
2021-08-06,165.84,165.93,164.55,164.64,13547643.0,-0.0072358900144718,237.8151,238.0751,235.7451,236.7051,72177.0,-0.0046674916773578
2021-08-09,163.01,163.29,161.26,161.72,11546973.0,-0.0079136249309857,236.5151,236.9651,235.0851,236.5951,116484.0,0.0003382447885991
2021-08-10,161.39,162.11,160.68,161.77,6870766.0,0.0023545448912573,236.9251,237.3051,234.9751,235.0751,72294.0,-0.0078083748830326
2021-08-11,163.15,164.17,162.68,164.0,7382417.0,0.0052099295127183,235.9151,235.9151,233.7951,235.5251,59060.0,-0.0016531370819417
2021-08-12,163.65,164.1,162.93,164.04,5222080.0,0.0023831347387716,235.4651,236.5051,235.0851,236.4651,55008.0,0.0042469138738607
2021-08-13,165.02,166.46,164.89,166.39,7466887.0,0.0083020239970911,236.8151,236.8151,235.6551,236.0651,69115.0,-0.0031670277782117
2021-08-16,166.73,167.39,166.59,167.22,7781796.0,0.0029388832243747,235.5451,235.5451,233.3351,234.9451,73159.0,-0.0025472828770371
2021-08-17,167.29,167.73,166.56,166.97,7106992.0,-0.001912845956124,233.8551,233.9651,232.0851,233.9551,75674.0,0.0004276152198519
2021-08-18,167.24,167.51,166.26,167.1,7697931.0,-0.0008371203061469,233.8951,234.2151,231.6151,231.7251,72616.0,-0.0092776633627639
2021-08-19,167.24,167.29,166.16,166.61,6934268.0,-0.0037670413776608,230.5251,233.1851,229.5151,232.1651,90540.0,0.0071141927711992
2021-08-20,166.8,167.14,166.36,166.7,7154348.0,-0.0005995203836931,232.7051,234.4351,232.3451,234.4351,92977.0,0.0074343020415109
2021-08-23,168.82,168.91,167.96,168.73,8190548.0,-0.0005331121904987,235.6451,237.0451,235.5051,236.7151,61714.0,0.0045407267114826
2021-08-24,169.04,169.27,168.52,168.65,4519173.0,-0.0023071462375768,237.7751,239.0051,237.7751,238.8851,66291.0,0.0046682768717161
2021-08-25,167.88,167.92,166.74,167.48,5588751.0,-0.0023826542768644,239.0951,240.5751,238.8151,240.2451,61717.0,0.0048098016228689
2021-08-26,167.21,168.21,166.83,167.67,4371866.0,0.0027510316368637,240.0951,240.7151,238.5151,238.7651,83791.0,-0.005539471651025
2021-08-27,167.58,170.19,166.87,170.19,10036431.0,0.0155746509129966,239.4351,242.0451,239.4351,241.5051,76800.0,0.0086453489901856
2021-08-30,169.66,169.84,169.09,169.35,3768628.0,-0.0018271837793233,242.3551,243.1951,241.6751,242.2651,64158.0,-0.000371355915349
2021-08-31,169.23,169.92,168.75,169.69,6336002.0,0.0027181941736099,242.2851,242.2851,241.2351,241.6151,67235.0,-0.0027653371998525
2021-09-01,169.94,170.0,169.16,169.7,4764866.0,-0.0014122631517006,242.4351,243.1151,241.3751,242.6951,56466.0,0.0010724519675574
2021-09-02,169.5,169.63,168.82,169.25,4601128.0,-0.0014749262536873,243.3051,244.1451,242.7151,243.8851,67211.0,0.0023838382343813
2021-09-03,170.59,171.55,170.15,171.06,8353646.0,0.0027551439123043,243.7051,244.7651,243.5151,244.5651,67335.0,0.0035288551614226
2021-09-07,169.56,169.78,167.63,167.71,10007697.0,-0.0109105921207831,244.7251,244.7251,242.1451,242.6651,81765.0,-0.0084176081652433
2021-09-08,168.02,168.08,166.7,167.29,6575990.0,-0.0043447208665636,242.3851,242.6351,240.6751,241.4851,116763.0,-0.0037130995263322
2021-09-09,168.17,168.28,166.83,168.03,6641424.0,-0.0008324909317951,241.6251,242.9851,241.2651,241.2751,180075.0,-0.0014485250083703
2021-09-10,167.81,168.08,167.15,167.18,7426272.0,-0.003754245873309,242.9851,243.2551,240.2951,240.4751,84774.0,-0.0103298515011825
2021-09-13,167.45,168.22,167.4,167.74,5474323.0,0.0017318602567931,241.6551,241.6551,238.0851,239.1451,104277.0,-0.010386704025696
2021-09-14,168.22,169.16,167.48,168.82,7922917.0,0.0035667578171441,240.1351,240.3451,238.2451,238.7051,57636.0,-0.0059549811751801
2021-09-15,168.13,168.36,167.45,167.83,5624883.0,-0.0017843335514184,238.6351,240.5651,237.8451,240.1151,58862.0,0.006201937602641
2021-09-16,164.38,164.44,163.23,164.03,11780399.0,-0.0021292127996106,240.0451,241.8851,239.1651,241.2951,66329.0,0.00520735478458
2021-09-17,163.86,164.32,163.4,163.77,8369679.0,-0.0005492493592091,241.0851,241.2451,238.8251,239.7151,114163.0,-0.0056826406940951
2021-09-20,164.29,165.28,164.07,164.94,7566577.0,0.0039564185282123,235.6151,237.1551,232.9151,235.8551,143753.0,0.0010186104371068
2021-09-21,165.81,166.63,165.49,166.04,7181458.0,0.0013871298474156,237.3151,237.9351,235.1151,236.4351,77720.0,-0.0037081500502917
2021-09-22,165.89,167.15,165.03,165.42,9777794.0,-0.002833202724697,237.7151,239.9651,237.0251,239.3051,65138.0,0.0066886790111356
2021-09-23,164.1,164.2,163.27,163.51,8451899.0,-0.0035953686776356,240.4651,242.9551,240.2351,242.2051,73046.0,0.0072359772790312
2021-09-24,163.0,164.0,162.74,163.3,6937521.0,0.001840490797546,241.2447,242.0747,239.9547,241.8547,70541.0,0.0025285529588837
2021-09-27,163.85,164.36,163.51,163.64,4942989.0,-0.0012816600549283,241.1247,241.1247,238.3847,239.2647,74547.0,-0.0077138509659109
2021-09-28,162.73,162.82,161.73,162.05,9282755.0,-0.0041787009156269,236.7847,236.9247,231.9747,231.9747,96605.0,-0.020313812505622
2021-09-29,162.35,162.74,160.97,161.32,8360656.0,-0.0063443178318447,233.5747,234.2847,231.1047,231.1947,82631.0,-0.010189459731726
2021-09-30,162.66,164.95,162.34,164.22,10574824.0,0.0095905569900405,232.6247,233.4347,229.9847,229.9847,137237.0,-0.0113487518737261
2021-10-01,164.27,164.96,163.89,164.59,6654686.0,0.0019480124185791,231.1247,233.5347,228.5147,232.8847,103967.0,0.0076149368717407
2021-10-04,163.69,165.54,163.47,165.36,7651658.0,0.0102022114973426,231.8747,231.8747,226.4547,227.9847,155353.0,-0.0167763020286386
2021-10-05,163.94,164.85,163.49,164.59,5617283.0,0.0039648651945834,228.7347,231.8947,227.7647,230.4347,100631.0,0.0074321910929998
2021-10-06,164.23,165.06,164.15,165.03,6067156.0,0.0048712171953967,228.5147,232.3647,227.7947,231.9947,81286.0,0.0152287795927351
2021-10-07,164.02,164.85,163.96,164.16,4791505.0,0.0008535544445798,234.1947,237.0847,233.9047,235.1847,53590.0,0.0042272519403726
2021-10-08,166.32,166.42,164.14,164.23,8536109.0,-0.0125661375661375,235.9347,235.9347,233.4547,233.4547,69610.0,-0.0105113830225057
2021-10-11,164.04,164.58,163.91,163.92,3820087.0,-0.0007315288953913,233.1747,235.1447,232.0647,232.1547,56093.0,-0.0043744025402413
2021-10-12,164.57,165.44,164.31,164.66,5453049.0,0.00054687974722,233.2447,235.1247,232.4647,233.9747,139781.0,0.0031297602903732
2021-10-13,165.28,167.92,165.28,167.59,11118291.0,0.0139762826718296,235.1047,236.8147,234.7247,236.5247,77857.0,0.0060398622400997
2021-10-14,168.19,168.22,167.71,168.0,5083847.0,-0.0011296747725786,238.9547,241.0947,238.9547,240.7747,82202.0,0.0076165063922157
2021-10-15,165.39,166.09,165.1,165.33,8699223.0,-0.0003627788862686,241.9647,242.4647,240.9747,241.2947,89185.0,-0.0027689989490201
2021-10-18,165.42,165.59,164.81,164.92,4029594.0,-0.003022609116189,240.3547,243.5047,240.3547,243.0947,87359.0,0.0113998186846355
2021-10-19,166.5,166.5,165.2,165.45,6588473.0,-0.0063063063063063,244.0047,245.6647,243.6847,244.9547,69702.0,0.0038933676277546
2021-10-20,166.21,167.11,165.93,166.9,5022036.0,0.0041513747668611,245.7647,246.2847,244.9047,245.8447,59931.0,0.0003255146080783
2021-10-21,166.7,166.94,166.24,166.75,4412389.0,0.0002999400119976,245.3047,248.5747,245.3047,248.5747,64108.0,0.0133303601602415
2021-10-22,168.67,169.54,166.67,167.77,10703927.0,-0.0053358629276099,248.1347,249.5047,247.0547,248.3647,64783.0,0.0009269159049499
2021-10-25,168.66,169.21,168.53,168.93,4881346.0,0.0016008537886873,248.6647,250.4447,247.5747,249.6047,59089.0,0.0037801907548598
2021-10-26,167.88,167.91,166.63,167.68,6658890.0,-0.0011913271384321,250.8047,251.0347,248.3447,248.5347,80645.0,-0.009050867069078
2021-10-27,167.73,168.2,166.86,168.12,5823080.0,0.0023251654444644,248.9647,249.4947,245.5547,245.7047,313312.0,-0.0130942258079157
2021-10-28,168.98,169.25,167.53,168.08,7000717.0,-0.0053260740916083,246.0947,249.2047,246.0947,249.1547,70180.0,0.0124342377141807
2021-10-29,166.29,166.73,165.64,166.65,7531872.0,0.0021648926574058,248.1847,251.0447,248.1347,250.6047,85903.0,0.0097508025273113
2021-11-01,167.38,167.84,166.91,167.52,4975560.0,0.0008364201218784,251.9147,252.0447,250.3347,252.0447,79226.0,0.0005160476939217
2021-11-02,167.43,167.63,166.96,167.16,3760736.0,-0.0016126142268411,252.4747,252.5147,251.2947,252.3747,129546.0,-0.000396079290321
2021-11-03,165.34,165.95,164.38,165.77,9055208.0,0.0026007015846135,252.0247,252.9147,250.6047,252.9147,83543.0,0.003531399898502
2021-11-04,167.51,168.14,167.37,167.65,6656097.0,0.0008357709987464,253.6047,255.3547,252.9847,254.5647,165054.0,0.003785418803358
2021-11-05,168.42,169.94,167.85,169.84,9368948.0,0.0084313026956419,257.0547,257.0547,253.0747,254.0347,178134.0,-0.0117484722123347
2021-11-08,170.43,170.7,170.06,170.45,4966135.0,0.0001173502317666,256.4247,257.0747,255.3147,256.8847,292138.0,0.0017938989496723
2021-11-09,170.73,171.31,170.12,171.29,5781180.0,0.003280032800328,257.5347,258.0547,255.4547,257.4447,107163.0,-0.0003494674698204
2021-11-10,173.67,174.65,172.11,173.15,11461779.0,-0.0029941843726606,255.9847,257.0647,250.9747,252.2247,174621.0,-0.014688377860083
2021-11-11,173.98,174.27,173.74,174.12,5959640.0,0.0008046901942752,254.0047,254.1147,252.9347,253.2547,69641.0,-0.0029527012689135
2021-11-12,173.51,174.67,173.4,174.45,7894848.0,0.0054175551841392,254.2947,256.2347,253.6747,256.1347,74380.0,0.0072356993677021
2021-11-15,174.1,174.59,173.69,174.18,5630808.0,0.0004595060310167,257.2647,257.2647,255.3847,256.1347,76101.0,-0.0043923631963498
2021-11-16,173.97,174.48,172.86,172.92,8667323.0,-0.0060355233660976,256.1947,259.5547,255.8947,259.4747,79715.0,0.0128027628986859
2021-11-17,174.24,174.61,173.89,174.5,6523061.0,0.0014921946740128,259.3547,259.3547,256.5847,257.2747,279434.0,-0.0080199047867649
2021-11-18,173.96,174.36,173.53,173.94,6253445.0,-0.0001149689583812,258.3147,258.3147,255.0447,256.1347,104118.0,-0.0084393183972882
2021-11-19,173.69,174.1,172.24,172.61,8787253.0,-0.0062179745523633,256.6447,257.0547,255.0547,255.1247,611255.0,-0.005922584803037
2021-11-22,169.9,170.44,168.42,168.74,13100511.0,-0.0068275456150676,256.2647,256.2647,249.9747,250.3647,334049.0,-0.0230230695058664
2021-11-23,167.28,167.6,166.53,167.28,8053370.0,0.0,249.8347,251.2947,245.8947,248.6747,232016.0,-0.0046430699978825
2021-11-24,166.58,167.44,166.32,167.12,5359457.0,0.0032416856765517,247.7847,251.6247,246.2847,251.6247,93472.0,0.0154973248953628
2021-11-26,168.6,168.64,166.37,166.85,9605192.0,-0.010379596678529,248.0947,250.0047,246.1847,246.3947,95061.0,-0.0068522221554913
2021-11-29,166.84,167.26,166.38,166.62,7394940.0,-0.0013186286262287,249.6647,251.1747,247.6847,250.0647,117502.0,0.0016021488019731
2021-11-30,167.77,169.01,165.37,165.5,12925270.0,-0.0135304285629135,249.3847,250.0247,243.5747,243.9847,140183.0,-0.0216532930849406
2021-12-01,166.84,167.47,166.06,166.16,7825484.0,-0.0040757612083433,246.9847,247.0847,236.8747,236.9747,166085.0,-0.0405288262795225
2021-12-02,165.89,165.94,164.63,165.24,9604118.0,-0.0039182590873469,237.2847,242.9447,236.6247,241.9647,132767.0,0.0197231427057876
2021-12-03,165.49,166.93,165.0,166.63,9507938.0,0.0068886337543053,243.4947,243.8947,234.6847,237.3947,192518.0,-0.0250518799793178
2021-12-06,166.14,166.8,165.93,166.22,4813624.0,0.0004815216082822,238.1647,239.5247,234.4647,238.1747,147380.0,4.1987750493632785e-05
2021-12-07,166.2,167.08,166.18,166.81,4900713.0,0.0036702767749699,243.3747,246.7947,243.3747,245.8047,171007.0,0.0099846039871852
2021-12-08,166.51,166.96,166.28,166.9,4288935.0,0.0023422016695694,247.1747,249.2947,245.3247,249.2147,168155.0,0.0082532718761264
2021-12-09,166.54,166.58,165.65,165.88,4913771.0,-0.0039630118890356,248.7247,249.1347,243.6847,243.7847,152905.0,-0.0198613165479746
2021-12-10,166.72,166.92,166.18,166.58,6450614.0,-0.0008397312859884,245.8747,246.1147,242.7447,244.0547,136771.0,-0.0074021442629111
2021-12-13,166.9,167.26,166.67,167.0,6610673.0,0.0005991611743558,244.0947,244.3647,241.3847,242.5547,112712.0,-0.0063090267834573
2021-12-14,165.34,166.14,165.16,165.44,8637879.0,0.0006048143220031,239.9647,240.4447,236.2447,238.4147,149287.0,-0.0064592833862646
2021-12-15,165.27,166.4,163.8,166.15,14231184.0,0.005324620318267,238.4347,243.5047,236.6447,243.2047,120727.0,0.020005477390665
2021-12-16,167.01,168.18,166.94,168.16,11186197.0,0.0068858152206455,244.7147,244.7247,237.3747,238.7747,96700.0,-0.0242731638107559
2021-12-17,168.73,169.13,167.78,167.8,9867792.0,-0.005511764357257,237.5047,242.1947,235.4647,239.8047,127831.0,0.0096840188846788
2021-12-20,167.88,168.0,167.06,167.09,6972959.0,-0.0047057421968071,236.1447,237.2547,234.5047,236.8947,219410.0,0.0031760187715413
2021-12-21,167.69,167.78,166.74,167.02,4548504.0,-0.0039954678275388,239.4847,243.8247,238.2847,243.8247,192849.0,0.0181222432998851
2021-12-22,167.58,168.64,167.11,168.59,4672941.0,0.0060269721923856,243.5247,245.9447,242.8847,245.8547,168386.0,0.0095678179667196
2021-12-23,168.69,169.16,168.01,168.97,4551124.0,0.0016598494279447,246.7447,248.5247,246.4047,248.0047,98798.0,0.0051064926622538
2021-12-27,168.96,169.42,168.78,169.37,4763297.0,0.0024266098484848,248.2816,250.9116,247.8316,250.7816,96612.0,0.0100692117337732
2021-12-28,169.33,169.65,168.62,168.64,4545714.0,-0.0040748833638458,251.5316,251.6716,248.3816,248.5916,90680.0,-0.0116883922338187
2021-12-29,167.36,168.69,167.28,168.59,5889714.0,0.0073494263862332,249.1916,249.7116,247.7316,249.2616,114241.0,0.000280908345225
2021-12-30,168.43,169.81,168.37,169.8,5426311.0,0.0081339428842842,250.0116,251.5416,249.3316,249.4116,282069.0,-0.0023998886451668
2021-12-31,170.53,171.04,170.04,170.96,7039330.0,0.0025215504603296,249.2416,250.1016,248.5616,248.6416,189495.0,-0.0024073027937551
2022-01-03,168.86,169.01,168.0,168.33,9014423.0,-0.0031386947767381,249.3216,249.3216,244.0216,245.3916,242544.0,-0.0157627738631549
2022-01-04,168.9,169.72,168.73,169.57,6965598.0,0.00396684428656,246.2516,246.2516,239.2816,241.8316,293985.0,-0.0179491219549435
2022-01-05,170.62,170.93,168.9,169.06,8715585.0,-0.0091431250732622,241.2116,241.2116,232.4216,232.4216,373684.0,-0.036441033515801
2022-01-06,167.16,167.75,166.86,166.99,10902661.0,-0.0010169897104569,232.4416,235.2716,229.4416,232.9416,223126.0,0.0021510779481813
2022-01-07,167.37,168.01,166.86,167.75,8191936.0,0.0022704188325267,232.9216,234.6116,229.2816,229.3616,203782.0,-0.0152841127658405
2022-01-10,167.36,168.3,167.31,168.26,7026475.0,0.0053776290630973,226.9216,228.8016,221.7716,228.7016,421820.0,0.0078441188498582
2022-01-11,168.44,170.31,168.37,170.29,8368980.0,0.0109831393968178,228.6216,232.4916,227.3216,232.1816,178085.0,0.0155715820377427
2022-01-12,170.19,170.75,170.01,170.74,6280745.0,0.0032316822374993,234.0216,235.1916,230.6916,232.1116,200124.0,-0.0081616397802595
2022-01-13,170.09,170.22,169.27,170.16,7034202.0,0.0004115468281497,233.1916,233.1916,225.1716,225.4216,182206.0,-0.0333202396655796
2022-01-14,170.22,170.56,169.48,169.67,7865900.0,-0.0032311126777112,223.6616,225.5016,220.6816,224.4816,405614.0,0.0036662529464154
2022-01-18,169.64,170.01,169.09,169.39,9323046.0,-0.0014737090308889,221.0416,222.0316,217.8816,218.0916,285775.0,-0.0133459041194055
2022-01-19,170.39,172.19,170.2,172.08,15784477.0,0.0099184224426317,219.7916,221.5616,216.7416,216.8016,298256.0,-0.0136037955954639
2022-01-20,172.31,172.6,171.59,171.65,9570477.0,-0.0038303058441181,218.5216,222.2816,214.2216,214.3916,257913.0,-0.0188997334817244
2022-01-21,172.04,172.12,170.74,171.09,10982517.0,-0.0055219716345035,213.8216,215.4616,209.0216,209.0216,570445.0,-0.0224486207193285
2022-01-24,171.78,172.14,170.85,172.03,15735970.0,0.0014553498661078,205.5416,213.3216,199.7816,212.9916,694999.0,0.036245704032663
2022-01-25,171.95,173.15,171.78,172.58,17382097.0,0.0036638557720268,210.2716,210.2716,204.4816,206.5416,512774.0,-0.0177389623705722
2022-01-26,171.39,171.73,169.48,169.79,17799403.0,-0.0093354338059396,210.4316,212.2016,201.9416,204.2316,1223975.0,-0.0294632555186579
2022-01-27,168.02,169.09,167.33,167.6,15875306.0,-0.002499702416379,207.1116,208.3216,200.3816,201.2116,400925.0,-0.0284870572193928
2022-01-28,166.56,167.46,166.37,167.1,9782484.0,0.0032420749279538,201.4516,207.6416,198.7016,207.6416,463865.0,0.0307269835533696
2022-01-31,167.79,168.14,167.46,168.09,8539265.0,0.0017879492222421,207.8116,215.9116,207.8116,215.7016,276311.0,0.0379670817220983
2022-02-01,168.57,168.85,167.87,168.23,9763909.0,-0.0020169662454766,216.6516,218.4316,213.4616,218.1716,384217.0,0.0070158724883638
2022-02-02,168.34,169.12,168.16,168.84,9085285.0,0.0029701793988356,219.8316,219.8316,216.3016,218.5116,412501.0,-0.0060045962454898
2022-02-03,168.31,168.82,167.03,168.6,10650800.0,0.0017230111104509,214.5116,216.5616,211.8416,212.3516,555248.0,-0.0100693855250718
2022-02-04,168.04,169.1,167.99,168.86,9619611.0,0.0048797905260653,212.4516,217.3616,211.5316,215.6016,253533.0,0.014826906457753
2022-02-07,169.45,170.3,169.19,170.11,7796866.0,0.0038949542637947,215.9416,218.7216,214.7216,215.1416,206172.0,-0.0037047053462602
2022-02-08,170.1,170.78,169.95,170.63,5801993.0,0.0031158142269253,214.2716,218.2516,213.4416,217.8016,166536.0,0.0164744184483618
2022-02-09,170.68,171.42,170.55,171.21,8002766.0,0.0031052261542067,220.8516,224.1616,220.4216,224.0716,138145.0,0.0145799260680022
2022-02-10,170.52,171.99,170.46,170.56,10693524.0,0.0002345765892563,220.0816,226.0216,218.7916,220.1516,196251.0,0.00031806384541
2022-02-11,170.75,174.2,170.71,173.81,25741494.0,0.0179209370424597,220.7416,221.9216,213.2816,214.5316,278908.0,-0.0281324408267404
2022-02-14,173.78,175.0,173.68,174.74,13650704.0,0.0055242260329152,214.4216,216.1816,211.5016,213.1716,254376.0,-0.0058296365664653
2022-02-15,173.1,173.34,172.39,173.08,12607006.0,-0.000115540150202,216.3016,218.7116,215.8316,218.3516,147111.0,0.0094775073323543
2022-02-16,173.49,174.86,173.48,174.86,12772069.0,0.0078967087440198,216.9016,218.6916,214.7016,218.1116,141523.0,0.0055785665020452
2022-02-17,176.7,177.53,176.39,177.25,18612546.0,0.0031126202603283,216.2216,216.2216,210.7216,211.1416,155984.0,-0.0234944149890666
2022-02-18,177.07,177.25,176.51,177.12,12760663.0,0.0002823742022929,210.8816,212.1016,207.0516,208.2216,237039.0,-0.0126137130977761
2022-02-22,177.67,178.07,176.82,177.49,14960494.0,-0.0010131142004839,207.0016,209.3516,203.7516,205.3916,423288.0,-0.0077777176601532
2022-02-23,177.39,178.39,177.36,178.29,11772201.0,0.0050735667174023,207.1716,207.5116,199.9716,200.3016,285557.0,-0.0331609158784312
2022-02-24,182.59,182.6,175.27,177.14,32725999.0,-0.029848293992004,194.5716,209.0916,193.7416,208.4916,538185.0,0.0715417871878527
2022-02-25,176.42,176.79,175.79,176.55,11530929.0,0.0007368779049995,208.7916,213.0816,206.4516,212.8216,220341.0,0.0193015427823724
2022-02-28,178.86,178.99,176.5,178.38,16055844.0,-0.0026836632002684,211.4416,214.5816,210.1916,213.1316,158311.0,0.0079927507169828
2022-03-01,179.05,181.76,179.03,181.62,21942127.0,0.014353532532812,213.0116,214.0016,208.9716,210.6116,214017.0,-0.0112669920323586
2022-03-02,180.13,180.71,178.79,179.73,19727192.0,-0.0022206184422361,212.4116,214.4916,209.9216,213.8116,196285.0,0.0065909771406081
2022-03-03,179.96,181.3,179.5,180.8,14826051.0,0.0046677039342076,214.8316,214.8316,208.6116,209.5616,153049.0,-0.0245308418314624
2022-03-04,182.11,183.98,181.36,183.68,22412092.0,0.0086211630333314,208.4816,209.3916,204.2016,206.7716,180163.0,-0.0082021626848603
2022-03-07,184.45,186.64,184.22,186.41,27951785.0,0.0106261859582543,207.2316,207.2316,198.1416,198.2116,241977.0,-0.0435261803701751
2022-03-08,188.35,193.3,188.26,191.51,47347678.0,0.0167772763472258,197.9816,202.0716,195.5716,197.1416,328867.0,-0.0042428185245496
2022-03-09,186.04,187.23,184.76,185.82,26839671.0,-0.0011825413889486,202.2016,205.2716,201.0216,204.3016,219263.0,0.0103856744951572
2022-03-10,186.88,187.38,184.99,186.4,18455213.0,-0.0025684931506848,201.3016,203.0216,199.4816,202.5816,146966.0,0.0063586181133185
2022-03-11,183.74,185.78,183.44,185.09,14824715.0,0.0073473386306737,204.5916,204.5916,197.4916,197.6016,130991.0,-0.0341656255682051
2022-03-14,183.03,183.29,181.95,182.3,13186389.0,-0.0039884171993661,197.7616,198.7916,192.6516,193.7816,193154.0,-0.0201252417051641
2022-03-15,179.1,180.27,178.01,178.89,16962273.0,-0.0011725293132328,194.5316,198.6916,194.0316,198.3216,199878.0,0.0194826958704909
2022-03-16,179.13,180.12,176.87,180.01,17548090.0,0.0049126332830904,200.9516,206.2716,199.4716,206.2116,205321.0,0.0261754571747624
2022-03-17,181.16,182.03,180.65,180.89,10954139.0,-0.0014903952307353,205.3016,210.9316,204.6716,210.8416,140507.0,0.0269846898416767
2022-03-18,179.93,180.93,179.04,179.3,13996452.0,-0.003501361640638,209.9116,215.9516,209.5516,215.7716,600354.0,0.0279165134275571
2022-03-21,179.33,181.29,179.32,180.67,10582224.0,0.0074722578486587,215.0716,215.9116,211.3616,213.5916,184171.0,-0.0068814292542576
2022-03-22,179.6,179.71,178.32,179.36,9621751.0,-0.0013363028953228,213.8716,217.8016,213.4316,217.1916,131308.0,0.0155233326912034
2022-03-23,180.29,181.89,179.76,181.81,12557272.0,0.0084308613899828,215.6313,216.6913,212.8013,213.0813,140966.0,-0.0118257414392066
2022-03-24,182.35,183.51,181.77,183.13,10970070.0,0.0042774883465862,214.2013,216.7013,212.1113,216.7013,116182.0,0.0116712643667428
2022-03-25,181.81,183.13,181.35,182.38,7914035.0,0.0031351410813486,217.4813,217.5413,212.9113,215.5713,190962.0,-0.0087823642768366
2022-03-28,180.38,181.33,178.85,179.06,9489725.0,-0.007317884466127,215.4213,217.8213,213.8913,217.7413,159639.0,0.0107695942787458
2022-03-29,177.02,179.33,176.69,179.14,10458927.0,0.0119760479041914,220.2813,223.9913,219.6513,223.3313,631539.0,0.0138459324509162
2022-03-30,179.76,180.92,179.68,180.58,8361286.0,0.0045616377392079,222.2213,222.9413,218.9913,219.9513,163677.0,-0.0102150423924259
2022-03-31,180.91,181.96,180.56,180.65,9844398.0,-0.0014371787076446,220.1513,221.5213,217.1413,217.1413,115725.0,-0.0136724152889398
2022-04-01,179.55,180.46,178.98,179.5,13034395.0,-0.0002784739626845,217.9713,219.2213,216.6513,218.5913,132780.0,0.0028444111678921
2022-04-04,180.24,180.81,179.58,180.37,7063124.0,0.0007212605415001,219.5913,221.7913,218.9013,221.5313,175732.0,0.0088345940845561
2022-04-05,180.91,181.49,178.93,179.24,10828531.0,-0.00923110939141,221.5213,222.0813,216.3713,216.7813,170587.0,-0.0213974908959093
2022-04-06,179.78,180.31,178.7,179.66,8942121.0,-0.0006674824785849,214.5513,214.5513,210.9013,213.2013,205102.0,-0.0062922014455283
2022-04-07,179.87,180.88,179.8,180.34,10140585.0,0.002612998276533,212.9313,215.0813,210.4713,213.9813,197725.0,0.0049311679400821
2022-04-08,180.52,181.82,180.52,181.47,10655681.0,0.0052625747839573,213.1513,214.4013,211.3613,212.1213,162122.0,-0.0048322482668414
2022-04-11,183.17,183.33,181.11,182.37,10071319.0,-0.0043675274335315,210.3413,211.5813,208.8613,209.1213,175331.0,-0.0058000972704837
2022-04-12,184.04,184.64,182.96,183.77,12024560.0,-0.0014670723755704,211.5813,213.5313,206.8313,207.6013,265100.0,-0.0188107361094765
2022-04-13,184.5,184.94,184.13,184.65,8651635.0,0.0008130081300813,208.0513,212.1413,207.5213,211.8713,135935.0,0.0183608561926793
2022-04-14,184.28,184.41,182.88,184.04,11567178.0,-0.0013023659648361,212.0313,212.5713,208.0113,208.0813,121874.0,-0.0186293250100338
2022-04-18,185.95,186.1,184.39,184.61,8886690.0,-0.0072062382360848,207.2713,207.5813,204.4613,205.9213,183375.0,-0.0065132027444223
2022-04-19,183.19,183.65,181.33,181.82,12585622.0,-0.007478574157978,206.0213,211.9513,205.6213,211.5413,137878.0,0.026793346124891
2022-04-20,181.59,182.72,181.35,182.71,7038625.0,0.0061677405143455,212.6613,212.6613,210.3313,210.8313,101377.0,-0.0086052328279758
2022-04-21,181.77,182.32,180.78,182.06,9639834.0,0.0015954227870385,212.7013,213.7713,203.7513,204.2713,190876.0,-0.0396330440857672
2022-04-22,180.72,181.61,179.74,180.29,9146973.0,-0.0023793714032758,204.2913,204.5013,198.9213,198.9613,283681.0,-0.0260901957156276
2022-04-25,177.17,177.51,176.48,177.05,13073688.0,-0.0006773155726137,197.9413,201.6513,196.9113,201.4913,325470.0,0.0179346099070784
2022-04-26,177.95,178.3,176.92,177.32,9042403.0,-0.0035403203146951,200.5613,200.7613,194.3213,194.4413,327779.0,-0.0305143614446055
2022-04-27,176.46,176.64,175.5,175.98,8854721.0,-0.0027201632097926,194.9613,198.0913,193.5213,194.2813,799173.0,-0.0034878716955621
2022-04-28,175.92,176.97,175.69,176.93,6384762.0,0.0057412460209187,196.3613,200.0313,192.5813,198.8513,285041.0,0.0126807064324793
2022-04-29,178.07,178.62,176.71,176.91,7719702.0,-0.0065142921323075,197.3113,200.3313,191.4913,191.7913,243338.0,-0.0279760966553866
2022-05-02,173.61,174.65,172.98,173.63,14318600.0,0.0001152007372846,191.5413,193.9713,188.5713,193.5013,574492.0,0.0102327800845038
2022-05-03,173.89,175.21,173.85,174.09,7214348.0,0.0011501523951924,193.4013,195.1513,192.5113,193.7013,224887.0,0.001551178818343
2022-05-04,174.32,176.35,173.67,175.8,10491681.0,0.0084901330885728,193.8913,199.3813,189.5613,199.0413,304282.0,0.0265612742810018
2022-05-05,177.56,177.61,174.66,175.13,12794160.0,-0.0136855147555756,196.8713,197.1613,187.8713,190.0413,290129.0,-0.0346927154948435
2022-05-06,175.39,176.56,174.86,175.42,7643269.0,0.0001710473801243,188.4613,188.4613,182.2613,185.2013,493197.0,-0.0172979810709147
2022-05-09,174.27,174.27,172.79,172.88,10742410.0,-0.0079761289952373,181.6813,182.4513,173.8313,174.7513,479539.0,-0.0381437164969647
2022-05-10,173.8,173.96,171.2,171.42,11010440.0,-0.0136939010356733,178.6813,179.7113,171.3313,175.5813,538413.0,-0.017349325307125
2022-05-11,172.51,173.32,172.2,172.82,9179592.0,0.0017969972755202,174.5613,178.2513,170.6813,170.9813,511076.0,-0.0205085548744193
2022-05-12,172.07,172.4,169.9,170.17,11626799.0,-0.0110420177834602,169.9313,175.3613,168.3413,173.3513,655020.0,0.0201257802417801
2022-05-13,168.31,169.62,168.01,168.79,13031057.0,0.0028518804586773,175.9613,181.9113,175.7313,181.0913,304609.0,0.0291541378700884
2022-05-16,168.43,170.43,168.34,170.4,7319277.0,0.0116962536365255,179.9713,181.0713,177.4013,177.6613,253997.0,-0.0128353798633448
2022-05-17,170.44,170.53,169.14,169.33,6441110.0,-0.0065125557380895,181.1713,182.0913,177.6313,181.3313,324071.0,0.0008831420870744
2022-05-18,169.01,170.21,168.81,169.42,7472850.0,0.0024258919590556,179.2413,179.7513,172.8213,173.7013,191583.0,-0.0309080552305746
2022-05-19,171.55,172.52,170.89,171.91,10580267.0,0.0020985135528999,172.4213,178.8413,172.4213,176.5413,287949.0,0.0238949596134584
2022-05-20,171.71,172.24,170.89,172.03,6578056.0,0.0018636072447731,179.0413,179.6413,172.5513,177.5913,321544.0,-0.0080986900787696
2022-05-23,173.13,173.38,172.28,172.83,5518503.0,-0.001732801940738,179.0313,179.3613,175.7613,178.8913,217374.0,-0.0007819861666646
2022-05-24,173.47,174.41,173.35,174.13,6793991.0,0.0038046924540266,176.8813,176.8813,172.2113,174.2613,216238.0,-0.0148121932618089
2022-05-25,172.79,173.16,171.73,173.08,4595917.0,0.0016783378667748,173.7213,178.2113,173.4313,177.0913,261920.0,0.019398887758726
2022-05-26,172.13,172.93,171.76,172.76,6466982.0,0.0036600244001626,177.6513,182.9513,177.2613,182.0013,244037.0,0.0244861703798395
2022-05-27,173.49,173.52,172.64,172.85,3847871.0,-0.0036889734278633,183.9213,188.8413,183.4913,188.8413,234356.0,0.0267505721197054
2022-05-31,172.71,173.07,171.08,171.14,6243967.0,-0.0090903827224829,188.1713,188.3413,184.4913,185.5013,259496.0,-0.0141891988842082
2022-06-01,172.21,172.53,171.39,172.23,6946516.0,0.000116137274258,186.5213,187.4913,181.4813,182.9413,247092.0,-0.0191935183810105
2022-06-02,173.66,174.45,173.49,174.35,5623129.0,0.0039732811240354,183.3413,190.3413,182.8813,190.2213,191048.0,0.0375256420675539
2022-06-03,173.53,173.97,172.25,172.58,5519407.0,-0.0054745577133636,188.3313,188.8513,186.2513,186.8713,153744.0,-0.0077522960867365
2022-06-06,172.81,172.89,171.65,171.82,3766042.0,-0.0057288351368555,189.5613,189.6613,187.0813,187.7413,227668.0,-0.0096011158395727
2022-06-07,172.11,173.05,171.99,172.94,3860035.0,0.004822497240137,185.9913,190.6713,185.6313,190.3913,187715.0,0.023657020516551
2022-06-08,172.89,173.45,172.67,172.78,5140816.0,-0.0006362426976689,189.4113,190.6913,187.6313,188.1913,146541.0,-0.0064410095912968
2022-06-09,172.45,172.59,171.58,172.23,4701143.0,-0.0012757320962597,187.1013,187.9413,183.1913,183.2213,200966.0,-0.0207374294032163
2022-06-10,170.89,174.94,170.46,174.54,16856138.0,0.0213587687986424,179.6913,179.8113,176.2513,176.7113,292184.0,-0.0165839971106003
2022-06-13,171.18,171.34,169.61,169.93,13265243.0,-0.0073022549363243,171.3313,171.9913,166.6913,167.3513,484691.0,-0.0232298476693983
2022-06-14,169.61,169.73,168.3,168.57,7347935.0,-0.0061317139319616,168.6213,169.1013,165.4513,166.9913,330073.0,-0.0096666316770182
2022-06-15,170.4,171.84,169.08,170.77,9000294.0,0.0021713615023474,169.0013,172.9213,167.3013,170.3313,547776.0,0.0078697619485768
2022-06-16,170.56,172.77,170.17,172.69,8823558.0,0.0124882739212007,165.9413,166.0613,161.0813,162.2913,285713.0,-0.0219957298153021
2022-06-17,172.15,172.3,170.97,171.27,7407223.0,-0.0051118210862619,162.9013,165.8813,161.8213,164.2813,690611.0,0.0084713872756079
2022-06-21,171.06,171.91,170.47,170.63,5608485.0,-0.0025137378697533,167.3313,169.6713,167.3313,168.0413,463094.0,0.0042430794477781
2022-06-22,171.61,172.3,171.1,171.31,6558656.0,-0.0017481498747159,166.1413,170.1513,165.2013,168.2413,383878.0,0.0126398433140946
2022-06-23,171.39,172.13,169.9,170.26,6535261.0,-0.0065931501254448,169.6687,172.6987,168.4187,172.2687,281093.0,0.0153239813825413
2022-06-24,170.24,170.74,169.85,170.09,6143081.0,-0.0008811090225564,174.2487,178.1287,173.8287,178.1187,262464.0,0.0222096348494994
2022-06-27,170.6,170.67,169.75,169.9,5719684.0,-0.0041031652989448,178.6887,179.0287,176.0687,177.5487,367768.0,-0.006379810251012
2022-06-28,170.07,170.21,169.51,169.62,2984450.0,-0.0026459693067559,178.4887,179.4887,172.6687,172.9987,246234.0,-0.0307582496819125
2022-06-29,170.58,170.7,169.17,169.49,4785576.0,-0.0063899636534177,172.8887,172.8887,169.8687,171.8387,228416.0,-0.0060732714168133
2022-06-30,169.51,169.96,168.24,168.46,9144391.0,-0.0061943248185946,169.8487,172.0587,167.4487,170.0087,225652.0,0.000942014863817
2022-07-01,167.14,168.68,166.96,168.32,11380332.0,0.0070599497427306,169.9187,172.5987,168.9487,172.3787,186233.0,0.0144775118924521
2022-07-05,167.18,167.33,164.41,164.75,14035426.0,-0.01453523148702,169.6487,174.4387,167.9987,174.4187,424739.0,0.0281169263307058
2022-07-06,164.32,164.57,161.47,162.14,11861144.0,-0.0132667964946446,174.3787,175.5287,172.7187,174.3587,329985.0,-0.0001146929068745
2022-07-07,162.43,163.04,162.06,162.23,4588418.0,-0.0012312996367667,175.5287,178.7987,174.9387,178.3487,182336.0,0.016065748792078
2022-07-08,162.35,163.38,161.84,162.3,4584112.0,-0.0003079765937787,177.1487,179.2587,175.8487,178.0787,169358.0,0.0052498268403889
2022-07-11,161.93,162.44,161.38,161.43,4321663.0,-0.0030877539677638,176.2687,176.6387,174.1887,174.7087,193575.0,-0.0088501248378186
2022-07-12,161.22,161.62,160.72,160.83,5375081.0,-0.0024190547078525,174.6387,176.1287,170.9587,172.0587,383017.0,-0.0147733577952653
2022-07-13,160.1,162.71,160.06,161.6,8456636.0,0.0093691442848219,168.9587,172.7987,168.0887,171.1887,229134.0,0.0131984917024102
2022-07-14,159.02,159.83,158.22,159.33,12213614.0,0.001949440321972,169.4787,170.3487,166.7687,169.8487,208423.0,0.0021831652001107
2022-07-15,159.01,159.25,158.35,159.01,6783785.0,0.0,172.0787,173.6187,170.6487,173.5787,170027.0,0.00871694172492
2022-07-18,160.08,160.43,159.05,159.16,5791779.0,-0.0057471264367817,175.4587,176.4087,172.3187,172.9287,453860.0,-0.0144193476869485
2022-07-19,159.47,159.87,159.33,159.54,3796198.0,0.0004389540352416,175.2587,179.0787,174.6387,178.8187,179178.0,0.0203128289779623
2022-07-20,159.71,159.82,158.03,158.04,4795846.0,-0.0104564523198297,179.0987,183.2087,178.9587,182.4887,174865.0,0.0189281105893006
2022-07-21,158.31,160.31,158.27,160.27,5863333.0,0.0123807719032278,182.0887,185.1987,181.5887,185.1987,204132.0,0.0170795881347937
2022-07-22,160.55,162.13,160.35,160.67,5733753.0,0.0007474307069447,185.0587,185.5587,180.5187,181.5387,141485.0,-0.0190209917177629
2022-07-25,160.64,160.7,159.81,160.23,3713368.0,-0.0025522908366533,181.7987,181.7987,179.6287,181.1987,124852.0,-0.0033003536328917
2022-07-26,160.23,160.5,159.79,160.04,2672764.0,-0.001185795419085,180.5387,180.7387,177.9387,178.4087,143571.0,-0.0117980244678841
2022-07-27,160.02,162.21,159.51,161.67,5709082.0,0.0103112110986125,180.7187,185.2487,180.5687,184.5387,141249.0,0.0211378235899217
2022-07-28,163.31,163.76,162.88,163.64,5606353.0,0.0020206968342415,185.0787,189.0187,183.7587,188.7787,174601.0,0.0199914955097479
2022-07-29,163.89,164.69,163.28,164.1,7537307.0,0.0012813472451034,188.1787,191.0387,187.4987,190.6287,134252.0,0.0130195394058945
2022-08-01,164.98,165.41,164.41,165.03,4666912.0,0.0003030670384289,189.0987,191.5487,187.8487,190.3387,134348.0,0.00655742212929
2022-08-02,165.66,166.46,164.02,164.05,5725388.0,-0.0097187009537606,189.7187,193.2587,189.3387,191.0087,122761.0,0.0067995405829788
2022-08-03,164.77,164.91,163.47,164.45,4417759.0,-0.0019421011106392,192.3987,194.3787,191.5687,193.8087,123236.0,0.0073285318455893
2022-08-04,165.53,167.31,165.34,167.17,5502000.0,0.0099075696248413,193.6787,194.1287,192.5087,193.8887,121873.0,0.0010842699790942
2022-08-05,164.99,165.84,164.87,165.29,6023291.0,0.0018182920176979,191.3887,195.3687,191.0087,195.2987,97548.0,0.0204296282904894
2022-08-08,166.03,166.81,165.93,166.69,3457314.0,0.0039751852074926,196.0387,198.4187,195.5587,195.9187,104954.0,-0.0006121240346931
2022-08-09,167.48,167.8,166.82,167.2,3205505.0,-0.0016718414139001,195.0487,195.1087,192.3387,193.0487,160101.0,-0.0102538494232466
2022-08-10,167.39,167.98,166.62,166.78,4077274.0,-0.0036441842403965,197.4487,199.8787,197.2887,199.7887,176391.0,0.0118511795722129
2022-08-11,167.16,167.66,166.31,166.34,4445977.0,-0.0049054797798515,201.4587,203.0787,198.5787,198.8887,136035.0,-0.0127569571331493
2022-08-12,167.17,167.94,166.83,167.87,5151653.0,0.0041873541903452,200.2787,202.9087,199.3787,202.8787,223109.0,0.0129819097088208
2022-08-15,165.99,166.25,165.44,165.71,5236292.0,-0.0016868486053376,201.3787,203.7587,200.9587,203.3487,161758.0,0.0097825638957844
2022-08-16,165.31,165.72,165.18,165.42,4291529.0,0.0006654164902303,202.5487,203.7987,200.9587,202.7987,141053.0,0.0012342710666619
2022-08-17,165.21,165.23,163.95,164.35,5569071.0,-0.005205496035349,200.4287,201.1787,198.3687,199.6487,129357.0,-0.0038916582305827
2022-08-18,164.6,164.91,163.54,163.92,3646087.0,-0.004131227217497,200.1887,200.5187,199.0787,200.0987,242604.0,-0.0004495758252089
2022-08-19,163.65,163.74,162.62,162.72,8172954.0,-0.0056828597616865,197.9287,198.0087,195.3887,195.8487,80823.0,-0.0105088347470578
2022-08-22,161.66,162.12,161.36,161.64,4458113.0,-0.0001237164419151,192.9587,193.6287,191.3487,191.6487,99669.0,-0.0067890175462417
2022-08-23,161.96,163.43,161.91,162.77,4425075.0,0.0050012348728081,192.0887,193.7787,191.2687,191.5287,98730.0,-0.0029153198496319
2022-08-24,162.44,163.61,162.37,163.25,3202411.0,0.0049864565377985,191.6687,193.9387,191.4487,193.0087,121697.0,0.0069912301799928
2022-08-25,163.97,163.99,163.24,163.75,2857488.0,-0.0013417088491797,194.3587,196.5187,193.8187,196.5187,71863.0,0.0111134721522627
2022-08-26,163.12,163.61,161.55,161.76,6689259.0,-0.0083374203040707,196.5687,196.5687,188.9087,188.9087,137737.0,-0.0389685641712032
2022-08-29,161.88,162.62,161.7,161.86,4702256.0,-0.000123548307388,187.0787,189.0687,186.6387,187.1687,94819.0,0.0004810809568379
2022-08-30,161.27,161.43,160.34,160.51,4856576.0,-0.0047125937868172,187.9787,188.2787,183.9187,185.2387,145988.0,-0.0145761195284359
2022-08-31,159.5,160.57,159.26,159.27,5438641.0,-0.0014420062695924,186.4687,187.4187,183.7187,184.0387,117330.0,-0.0130316777024777
2022-09-01,158.17,158.39,157.32,157.87,7390755.0,-0.0018966934311183,181.6287,182.0887,178.4387,181.9687,158922.0,0.001871950853582
2022-09-02,159.35,160.06,159.14,159.26,5196908.0,-0.0005647944775651,184.4387,184.7487,179.6787,180.4987,91134.0,-0.0213621110970745
2022-09-06,159.17,159.46,158.32,158.33,4863819.0,-0.005277376390023,181.1587,181.5587,178.5787,180.0187,169200.0,-0.0062928250202723
2022-09-07,158.15,160.15,158.08,159.94,3981410.0,0.0113183686373695,180.0487,185.1187,179.5787,184.6587,131745.0,0.0256041837569502
2022-09-08,159.54,159.86,158.71,158.98,4607118.0,-0.0035100915131001,183.2487,187.3587,182.6887,187.3587,139791.0,0.0224285356458189
2022-09-09,159.72,160.24,159.41,159.82,3927788.0,0.0006260956674179,189.0287,191.6587,188.7087,191.2787,76499.0,0.0119029544190908
2022-09-12,161.04,161.62,160.55,160.63,4537530.0,-0.002545951316443,192.0887,192.8987,191.2087,192.8987,125883.0,0.0042168019253605
2022-09-13,158.47,159.27,158.39,158.54,6526388.0,0.0004417239856123,187.2887,187.9387,169.6287,184.4987,218991.0,-0.0148967876866035
2022-09-14,158.68,158.98,157.73,157.93,6091085.0,-0.0047264935719687,185.0487,185.9487,183.5487,185.2987,105034.0,0.0013509957108588
2022-09-15,156.76,157.49,154.62,154.98,13181203.0,-0.011354937484052,184.1487,186.6787,181.9987,182.5887,199849.0,-0.0084714146773775
2022-09-16,154.66,156.56,154.34,155.84,7141210.0,0.0076296392085866,180.0987,180.3087,177.9687,179.7787,149751.0,-0.0017768034971936
2022-09-19,154.87,156.04,154.82,155.96,5582767.0,0.0070381610382902,177.8887,180.7187,177.8687,180.6087,134295.0,0.0152904597087954
2022-09-20,155.03,155.23,154.59,155.07,5943724.0,0.0002580145778235,178.9787,179.0787,176.5687,177.5187,179058.0,-0.0081573952654701
2022-09-21,155.97,157.25,154.01,155.79,7816071.0,-0.0011540680900173,178.8287,180.7087,174.8387,174.9087,263924.0,-0.0219204188142059
2022-09-22,156.26,156.48,155.31,155.7,5975237.0,-0.0035837706386791,174.6287,174.7587,169.9987,170.2487,192591.0,-0.025081787816092
2022-09-23,153.9,154.0,152.64,153.01,9597991.0,-0.0057829759584146,168.002,168.322,164.812,167.362,263501.0,-0.0038094784585898
2022-09-26,153.22,153.51,151.03,151.23,8240501.0,-0.0129878605926119,166.842,169.272,164.862,165.122,213119.0,-0.0103091547691828
2022-09-27,152.25,152.73,151.5,151.54,7151310.0,-0.0046633825944171,167.632,168.362,164.252,165.372,285115.0,-0.0134819127612865
2022-09-28,153.2,154.88,152.93,154.69,8977243.0,0.0097258485639687,166.502,170.972,165.942,170.152,223835.0,0.0219216585986953
2022-09-29,154.14,155.03,153.16,154.66,6317021.0,0.0033735565070715,168.032,168.042,165.002,166.932,185584.0,-0.0065463721195964
2022-09-30,154.94,156.05,154.57,154.67,6832430.0,-0.0017426100425972,166.782,169.802,165.372,165.542,227405.0,-0.0074348550802844
2022-10-03,155.44,158.48,155.23,158.43,10362232.0,0.0192357179619146,167.682,171.512,166.512,170.432,200305.0,0.0164000906477737
2022-10-04,159.18,161.08,158.92,160.7,8024496.0,0.0095489383088326,173.972,177.582,173.592,177.532,271270.0,0.0204630630216356
2022-10-05,159.32,160.08,158.38,159.81,5296309.0,0.0030755711775044,175.012,178.082,173.562,176.892,218249.0,0.0107421205403057
2022-10-06,159.41,159.94,158.95,159.63,5712627.0,0.0013800890784768,176.412,178.442,175.162,175.832,175835.0,-0.0032877582023899
2022-10-07,158.46,158.98,157.68,157.88,5030041.0,-0.0036602297109681,173.682,173.682,169.192,170.052,166897.0,-0.0209002660033854
2022-10-10,155.94,156.35,155.12,155.48,6110794.0,-0.0029498525073746,170.822,170.822,166.152,167.332,284833.0,-0.020430623690157
2022-10-11,155.49,156.81,154.92,155.16,5306673.0,-0.0021223229789697,166.302,167.682,163.502,165.092,245185.0,-0.0072759197123304
2022-10-12,155.51,156.29,155.26,155.99,3998472.0,0.0030866182239085,165.272,165.452,163.222,164.412,201556.0,-0.0052035432499152
2022-10-13,153.48,155.73,152.92,154.91,7083767.0,0.0093171748762054,160.372,167.792,158.552,166.832,322659.0,0.0402813458708501
2022-10-14,154.02,154.2,152.72,152.98,5474648.0,-0.0067523698221011,168.182,168.842,160.702,160.842,185579.0,-0.0436431960614095
2022-10-17,154.92,155.33,153.33,153.42,4348044.0,-0.0096824167312161,164.512,167.482,164.512,166.522,266135.0,0.0122179537055047
2022-10-18,154.08,154.24,153.24,153.75,4528441.0,-0.0021417445482866,170.882,171.802,167.592,169.202,264250.0,-0.00983134560691
2022-10-19,152.09,152.49,151.54,151.69,8257060.0,-0.002630021697679,167.692,168.492,165.202,166.542,118358.0,-0.0068578107482766
2022-10-20,151.92,153.23,151.27,151.45,5019849.0,-0.0030937335439705,166.702,169.072,164.632,165.192,178837.0,-0.0090580796871062
2022-10-21,151.98,154.31,151.83,154.15,6898351.0,0.0142781944992763,164.652,168.312,163.002,168.192,176328.0,0.0214998906785221
2022-10-24,153.45,154.06,153.06,153.65,4673274.0,0.0013033561420659,169.002,169.932,166.522,169.482,162154.0,0.0028402030745197
2022-10-25,153.96,154.79,153.83,154.0,3434053.0,0.0002598077422706,170.062,174.602,170.062,174.422,254559.0,0.0256377086003927
2022-10-26,154.78,155.73,154.78,154.98,4451056.0,0.0012921566093809,173.712,177.702,173.502,174.432,205584.0,0.0041447913788339
2022-10-27,154.71,155.09,154.22,154.74,3654871.0,0.0001939111886755,175.652,176.772,173.812,174.102,130839.0,-0.0088242661626396
2022-10-28,152.96,153.54,152.5,153.16,4645440.0,0.001307531380753,174.192,177.732,173.172,177.562,211723.0,0.0193464682649031
2022-10-31,152.16,152.87,151.89,151.91,6097760.0,-0.0016430073606729,176.392,178.172,175.992,176.852,122293.0,0.0026078280194113
2022-11-01,153.82,153.98,152.87,153.46,4603597.0,-0.0023403978676374,179.732,180.252,176.702,177.142,135027.0,-0.0144103442903879
2022-11-02,154.16,155.42,152.26,152.39,7220403.0,-0.0114815775817333,176.652,177.942,170.452,170.602,185179.0,-0.0342481262595384
2022-11-03,150.7,151.96,150.57,151.81,5378810.0,0.0073656270736563,168.612,171.932,167.852,170.012,200739.0,0.0083030863758214
2022-11-04,154.95,156.6,154.66,156.47,7691954.0,0.009809616005163,173.282,173.282,168.202,171.282,269116.0,-0.0115418797105296
2022-11-07,156.22,156.57,155.81,155.85,4425710.0,-0.0023684547433107,172.512,172.742,170.452,172.442,236633.0,-0.0004057688740493
2022-11-08,155.99,159.87,155.98,159.45,11299635.0,0.0221809090326301,173.032,176.072,171.712,174.092,152606.0,0.00612603449073
2022-11-09,159.36,160.35,158.45,158.65,6040627.0,-0.0044553212851406,172.672,172.932,169.422,169.672,134579.0,-0.017373980726464
2022-11-10,162.01,163.51,161.66,163.48,9939858.0,0.0090735139806184,177.332,182.742,177.332,182.552,223299.0,0.0294363115512146
2022-11-11,163.91,164.58,163.42,164.56,4622422.0,0.0039655908730401,183.562,186.492,182.902,185.512,273463.0,0.0106231137163464
2022-11-14,164.2,165.24,164.15,164.92,6187552.0,0.0043848964677222,184.782,185.692,182.872,182.952,227237.0,-0.0099035620352632
2022-11-15,165.27,166.23,164.56,165.5,9903495.0,0.0013916621286379,186.662,187.332,184.572,186.232,195370.0,-0.0023036290192969
2022-11-16,165.41,165.71,164.83,165.12,3645845.0,-0.0017532192733207,185.192,185.312,182.702,183.062,186618.0,-0.0115015767419758
2022-11-17,163.79,164.11,163.4,163.92,4578129.0,0.0007936992490383,179.982,181.082,178.622,180.512,114842.0,0.0029447389183362
2022-11-18,163.38,163.69,162.68,162.79,4321075.0,-0.0036112131227812,182.572,182.702,179.372,181.142,161111.0,-0.0078325263457704
2022-11-21,162.44,162.5,161.28,161.88,4766512.0,-0.0034474267421817,179.782,180.392,178.732,179.702,130133.0,-0.0004449833687466
2022-11-22,162.3,162.6,161.72,162.07,3203837.0,-0.0014171287738756,180.902,182.132,179.492,182.052,311447.0,0.0063570330897392
2022-11-23,161.69,163.24,161.56,163.08,4167005.0,0.0085966973838828,182.142,184.492,182.142,183.742,252003.0,0.0087843550636316
2022-11-25,162.85,163.43,162.77,163.22,1436508.0,0.002272029474977,183.612,184.002,183.142,183.632,82302.0,0.0001089253425702
2022-11-28,162.93,163.06,161.91,161.93,4053918.0,-0.0061376051064874,181.882,183.072,179.862,180.342,169160.0,-0.0084670280731462
2022-11-29,162.7,163.63,162.6,162.73,2620637.0,0.0001843884449907,180.912,181.252,179.512,180.122,211550.0,-0.0043667639515344
2022-11-30,163.69,164.81,162.4,164.81,4874746.0,0.0068422017227686,180.872,187.392,179.992,187.242,308872.0,0.0352182759078241
2022-12-01,167.48,167.95,166.98,167.84,8625780.0,0.0021495103893002,188.462,189.842,187.102,188.832,211976.0,0.0019632604981375
2022-12-02,166.18,167.47,165.76,167.26,5185941.0,0.0064989770128775,185.582,188.892,185.302,188.122,217139.0,0.0136866721988124
2022-12-05,166.55,166.72,164.32,164.39,5436175.0,-0.0129690783548485,186.822,186.862,182.442,182.992,202005.0,-0.0205007975506097
2022-12-06,165.2,165.54,164.45,164.84,3597758.0,-0.0021791767554478,183.082,183.082,178.172,179.362,463712.0,-0.0203187642695622
2022-12-07,165.47,166.64,165.32,166.33,4610697.0,0.0051973167341512,179.272,180.842,178.732,179.552,267549.0,0.0015618724619572
2022-12-08,166.58,167.05,166.07,166.47,3217874.0,-0.0006603433785569,180.812,182.752,179.802,181.622,255086.0,0.0044797911643032
2022-12-09,167.26,168.09,166.6,167.06,5431272.0,-0.0011957431543703,180.992,182.142,179.812,179.862,278795.0,-0.0062433698727015
2022-12-12,166.44,166.6,165.43,165.68,3504409.0,-0.004566210045662,180.182,183.262,179.972,183.262,183869.0,0.0170938273523438
2022-12-13,169.21,169.79,168.02,168.51,6750199.0,-0.0041368713433013,189.872,190.222,184.372,185.882,209243.0,-0.0210141569057049
2022-12-14,168.43,168.81,167.14,168.1,5642965.0,-0.0019592709137327,185.912,187.072,183.192,184.412,147202.0,-0.0080683334050518
2022-12-15,165.73,166.21,165.1,165.35,8370909.0,-0.0022928860194291,181.582,182.012,178.442,178.952,183664.0,-0.014483814475003
2022-12-16,166.02,166.98,165.84,166.79,5371967.0,0.0046379954222381,177.052,178.042,175.392,176.632,285231.0,-0.0023721844429884
2022-12-19,166.71,167.11,165.99,166.32,3940525.0,-0.0023393917581429,176.742,176.742,173.402,174.092,208412.0,-0.0149936064998697
2022-12-20,168.1,169.53,168.03,169.08,7803118.0,0.0058298631766806,173.942,175.142,172.582,174.472,265607.0,0.0030469926757194
2022-12-21,169.04,169.71,168.68,168.8,3990060.0,-0.0014197823000472,175.932,178.002,174.912,177.482,179836.0,0.008810222131278
2022-12-22,167.76,167.76,166.06,166.76,5672656.0,-0.0059608965188364,175.6799,175.6799,171.1199,174.1599,206173.0,-0.0086520996425886
2022-12-23,166.88,167.8,166.66,167.26,2912300.0,0.0022770853307765,174.0299,175.0899,172.6999,175.0899,221451.0,0.0060909073670673
2022-12-27,167.89,170.61,167.8,168.67,6885715.0,0.0046458991006015,174.9899,175.0599,173.0399,174.0099,227214.0,-0.0056003232186544
2022-12-28,168.05,168.34,167.1,167.91,3662456.0,-0.0008330853912526,174.0399,174.6299,171.4199,171.6399,244291.0,-0.0137899412720874
2022-12-29,168.54,169.35,168.52,168.85,3345874.0,0.0018393259760294,173.2299,176.2999,172.5699,175.8099,193401.0,0.0148935027959954
2022-12-30,169.26,169.9,168.8,169.64,2864455.0,0.0022450667611957,174.0999,175.1799,173.0199,175.1799,230412.0,0.0062033349818122
2023-01-03,171.32,172.09,170.02,171.06,7992927.0,-0.0015176278309595,176.6699,177.5199,172.1699,173.5999,253724.0,-0.0173770404579389
2023-01-04,172.86,173.09,171.85,172.67,7574633.0,-0.0010991553858615,175.1199,176.9999,174.2999,176.0799,167487.0,0.0054819583611
2023-01-05,170.82,171.0,169.79,170.52,4692610.0,-0.0017562346329468,174.5099,174.5899,172.4999,172.8499,172539.0,-0.0095123543134228
2023-01-06,171.76,173.96,171.23,173.71,7888954.0,0.0113530507685143,174.3299,176.8499,172.1099,176.2499,130732.0,0.0110136012238863
2023-01-09,174.51,175.04,173.88,174.1,5134503.0,-0.0023494355624319,177.7899,179.8999,177.1899,177.7199,155670.0,-0.0003937231530024
2023-01-10,174.61,174.98,174.06,174.74,4398411.0,0.0007445163507244,177.1299,179.4799,176.7899,179.3799,197565.0,0.0127025420327115
2023-01-11,174.76,174.79,173.72,174.62,3374201.0,-0.0008010986495764,180.5199,182.9399,180.3299,182.8699,141894.0,0.013017955361154
2023-01-12,176.01,176.71,174.88,176.64,6936919.0,0.0035793420828361,183.2899,184.1699,180.7699,183.6199,169180.0,0.0018004265374142
2023-01-13,176.96,178.83,176.89,178.76,7468768.0,0.0101717902350812,181.9199,184.8899,181.9199,184.8099,108806.0,0.0158861125143537
2023-01-17,178.21,178.24,177.09,177.59,6610834.0,-0.0034790415801582,184.8499,186.1799,184.4399,185.3899,154974.0,0.0029212891107867
2023-01-18,178.92,179.18,176.9,177.08,5384664.0,-0.0102839257768833,186.9199,187.9699,183.0699,183.0699,155113.0,-0.0205970578841526
2023-01-19,178.37,180.03,178.09,179.89,6678687.0,0.0085216123787631,181.6499,182.3699,180.1399,180.6899,107432.0,-0.0052848914312642
2023-01-20,179.06,179.66,178.65,179.29,5754818.0,0.001284485647269,181.3799,185.1299,180.7699,185.0599,166454.0,0.0202889074257952
2023-01-23,178.35,179.69,177.78,179.63,5265507.0,0.0071768993552004,185.5199,188.8499,184.7899,188.3899,227079.0,0.0154700385241691
2023-01-24,179.56,180.32,178.35,180.28,4604628.0,0.0040098017375807,187.2399,187.8399,186.4799,187.1699,96809.0,-0.0003738519407454
2023-01-25,179.35,181.22,179.29,181.11,6925348.0,0.0098132143852802,184.7199,187.2699,182.9299,187.1699,114644.0,0.0132633246336751
2023-01-26,180.15,180.27,178.46,179.47,5860129.0,-0.003774632250902,189.1299,189.6599,187.1299,189.5599,177011.0,0.002273569647105
2023-01-27,179.27,179.72,178.26,179.22,6052728.0,-0.0002789089083505,188.9099,191.7799,188.6299,190.8099,157939.0,0.0100577047576649
2023-01-30,179.29,179.43,178.65,178.76,4210726.0,-0.0029561046349489,189.0799,190.2899,187.3899,187.5899,119823.0,-0.0078802664905154
2023-01-31,178.82,179.7,178.54,179.41,5976888.0,0.0032994072251426,188.1299,191.2099,188.1299,191.2099,98619.0,0.0163716665984514
2023-02-01,179.75,181.73,178.63,181.67,7996005.0,0.0106815020862308,190.8099,196.1199,189.7199,194.9899,334923.0,0.0219066201491642
2023-02-02,181.08,181.11,177.74,177.9,8842396.0,-0.0175612988734261,197.8399,200.3399,197.3799,199.0299,186384.0,0.006014964625437
2023-02-03,174.92,175.43,173.12,173.46,13674441.0,-0.0083466727646923,195.3699,198.1699,194.7099,195.3499,170800.0,-0.0001023699147105
2023-02-06,174.11,174.46,173.28,173.82,8956963.0,-0.0016656136924933,193.7799,195.2699,192.9799,193.5899,99743.0,-0.0009804938489492
2023-02-07,173.72,175.27,173.47,173.98,6794153.0,0.0014966612940363,193.6499,197.0699,191.8599,196.7299,86067.0,0.0159049914304111
2023-02-08,174.94,174.99,173.83,174.41,4075638.0,-0.0030296101520521,196.2199,197.1399,194.2799,194.6399,174726.0,-0.00805219042513
2023-02-09,175.49,175.52,172.87,173.03,5361340.0,-0.0140178927574221,196.9099,196.9299,192.1099,192.6999,137774.0,-0.0213803368951991
2023-02-10,173.63,173.68,172.63,173.36,2971125.0,-0.0015550308126474,191.9199,192.6099,190.9099,192.2199,98425.0,0.0015631521275281
2023-02-13,172.7,172.9,172.07,172.48,3970786.0,-0.0012738853503184,192.7699,194.7699,191.9299,194.3599,97348.0,0.0082481756747293
2023-02-14,171.97,173.51,171.41,172.61,5403099.0,0.0037215793452347,193.5699,196.9099,192.7599,195.7199,119749.0,0.011107098779304
2023-02-15,170.6,170.99,170.16,170.89,5435337.0,0.0016998827667056,195.0399,198.6999,194.8899,198.3499,190609.0,0.0169708864698966
2023-02-16,170.34,171.6,169.96,170.75,4540398.0,0.0024069508042737,196.0699,198.0999,195.3399,195.8299,164169.0,-0.0012240532585571
2023-02-17,169.87,171.47,169.52,171.26,4809799.0,0.0081827279684463,194.7499,194.7499,192.2299,193.5899,130077.0,-0.0059563573588484
2023-02-21,171.2,171.5,170.34,170.62,4035933.0,-0.0033878504672896,191.2999,191.6499,188.5499,188.6499,166255.0,-0.0138525948001018
2023-02-22,170.81,170.96,169.56,169.66,4105675.0,-0.0067326268953808,189.1899,190.0699,187.9299,188.7299,108295.0,-0.0024314194362384
2023-02-23,169.84,170.13,169.08,169.57,5073479.0,-0.0015897315120113,190.4099,190.5399,187.3399,190.0299,161690.0,-0.0019956945515962
2023-02-24,168.42,168.84,168.19,168.35,6496496.0,-0.0004156275976724,187.1899,187.7099,185.9799,187.1399,125871.0,-0.0002671084283926
2023-02-27,168.88,169.23,168.55,169.01,4509151.0,0.0007697773567029,189.1899,189.8599,187.5699,188.1099,102501.0,-0.0057085499807335
2023-02-28,168.78,170.25,168.59,169.78,6761585.0,0.0059248726152387,187.8599,189.1899,187.5199,187.5199,102196.0,-0.0018098593686039
2023-03-01,170.95,171.49,170.47,170.76,6590468.0,-0.0011114360924246,187.6799,188.5899,186.8399,187.4799,223266.0,-0.0010656442165624
2023-03-02,170.52,170.98,170.36,170.66,3952266.0,0.0008210180623972,186.1899,190.3199,186.0599,190.0299,107358.0,0.0206241047446719
2023-03-03,171.45,172.6,170.98,172.49,6894466.0,0.0060659084281132,190.4499,193.7599,190.3499,193.3899,93155.0,0.0154371307099662
2023-03-06,172.32,172.37,171.54,171.62,4264124.0,-0.004062209842154,193.5799,194.4199,191.7799,192.0499,101117.0,-0.0079037131437716
2023-03-07,170.42,170.47,168.52,168.62,8713268.0,-0.0105621405938269,192.1099,192.9199,189.1799,189.4399,116915.0,-0.0138982946740382
2023-03-08,168.61,169.59,168.52,168.54,5718595.0,-0.0004151592432241,189.4599,190.4599,188.8199,189.9799,135774.0,0.0027446441173038
2023-03-09,169.75,170.65,169.71,170.2,5582980.0,0.0026509572901324,190.0299,190.9799,185.1599,185.5199,132489.0,-0.0237331072636463
2023-03-10,171.93,173.88,171.92,173.87,13803437.0,0.0112836619554469,185.1099,185.1099,178.9699,179.8499,169468.0,-0.0284155520585339
2023-03-13,176.66,178.02,176.3,177.86,20554417.0,0.0067927091588362,177.9599,182.1999,176.6299,180.0999,161533.0,0.0120251809536866
2023-03-14,177.35,177.59,176.21,176.83,10019032.0,-0.0029320552579643,183.2699,184.6099,180.9799,182.9399,127370.0,-0.0018006230155634
2023-03-15,178.86,180.13,177.49,178.21,14546095.0,-0.0036341272503634,179.9499,180.4699,177.4599,180.1699,154192.0,0.0012225625021186
2023-03-16,179.51,179.65,177.87,178.57,10764872.0,-0.0052364770764859,179.2299,183.8899,178.6199,183.5699,120854.0,0.0242147097108239
2023-03-17,181.02,184.81,180.77,183.77,24156266.0,0.0151916915257982,182.6999,183.0399,179.8599,180.4599,186662.0,-0.012260543109219
2023-03-20,184.19,184.54,182.74,183.84,11845678.0,-0.0019002117378793,181.1499,182.8099,180.5499,182.3499,138694.0,0.0066243481227424
2023-03-21,182.65,182.73,179.9,180.37,10734493.0,-0.0124828907747057,184.3699,186.3499,184.3399,185.7199,182044.0,0.0073222364388112
2023-03-22,180.4,183.94,180.28,183.44,11969561.0,0.0168514412416851,185.7199,186.7599,181.3999,181.4099,168801.0,-0.0232069907425106
2023-03-23,183.91,186.24,183.6,185.74,11347149.0,0.0099505192757327,182.6404,185.2004,180.3504,181.5904,150417.0,-0.0057490018637717
2023-03-24,185.61,185.99,183.62,183.65,9253075.0,-0.0105597758741447,180.5004,182.1204,179.0604,182.1204,106845.0,0.0089750493627713
2023-03-27,181.15,182.15,180.69,181.95,6925046.0,0.0044162296439413,183.5004,184.0004,182.2304,183.0904,223430.0,-0.0022343275545994
2023-03-28,182.31,183.62,182.12,183.44,6202597.0,0.0061982337776314,182.8404,183.4604,182.1704,183.2604,193031.0,0.0022970853268753
2023-03-29,182.49,183.27,182.24,182.53,4996493.0,0.0002191900926077,185.0904,186.2804,184.6004,186.1504,185941.0,0.0057269312725025
2023-03-30,182.75,184.44,182.55,184.18,6360296.0,0.0078248974008208,188.0004,188.1704,186.4004,187.3204,154806.0,-0.0036170135808222
2023-03-31,184.11,184.42,182.8,183.22,8003334.0,-0.0048340665906252,187.7904,190.8904,187.7904,190.6904,78469.0,0.0154427489371128
2023-04-03,183.85,185.04,183.32,184.54,9206635.0,0.0037530595594234,190.7004,190.8604,188.9304,190.3404,299707.0,-0.0018877778966379
2023-04-04,184.72,188.23,184.66,187.98,13765361.0,0.01764833261152,190.7704,190.9804,187.8804,188.5204,104180.0,-0.0117942825511714
2023-04-05,188.34,188.86,186.78,187.83,11440827.0,-0.0027078687480088,187.7804,187.7804,185.0604,185.7304,134398.0,-0.0109170073127971
2023-04-06,186.89,187.26,185.95,186.49,6648428.0,-0.0021402964310555,185.1204,185.9204,183.8604,185.7004,145083.0,0.0031330960823335
2023-04-10,185.18,185.36,184.19,185.11,6408114.0,-0.0003780105842963,184.6804,187.2104,184.2404,187.1704,148109.0,0.0134827518242326
2023-04-11,185.91,186.51,185.64,186.28,6031494.0,0.0019902103168199,187.7104,189.1104,187.4904,188.4004,275686.0,0.0036758751779336
2023-04-12,187.54,187.66,185.97,187.19,10000948.0,-0.0018662685293803,189.9504,190.2004,187.3304,187.5804,172746.0,-0.0124769413488995
2023-04-13,189.76,190.41,188.99,189.72,14060106.0,-0.0002107925801011,188.4104,190.2004,187.8604,190.0204,93631.0,0.0085451758501653
2023-04-14,188.08,188.49,185.17,186.36,13272541.0,-0.009145044661846,189.4804,191.1304,187.9304,189.1404,139005.0,-0.0017943808436123
2023-04-17,185.89,185.93,184.1,185.53,7468062.0,-0.0019366291893054,189.1904,190.0704,188.7204,190.0704,399552.0,0.0046513988024762
2023-04-18,185.24,186.99,185.04,186.25,8056928.0,0.0054523860937162,191.2104,191.5104,189.6304,190.2204,114119.0,-0.0051775426441238
2023-04-19,184.35,185.58,184.28,185.36,7373518.0,0.0054787089774885,188.9904,190.1804,188.6504,189.8604,165627.0,0.0046034084270947
2023-04-20,186.14,187.03,185.78,186.09,5789908.0,-0.0002686150209518,188.2604,189.6204,187.8304,188.5604,89344.0,0.0015935374619409
2023-04-21,184.98,185.68,183.22,184.25,10698705.0,-0.0039463725808194,188.9004,188.9404,187.7204,188.7604,87162.0,-0.0007411313051745
2023-04-24,184.07,185.03,183.46,184.81,8303396.0,0.0040202097028304,188.7204,189.1504,187.8104,188.8804,108601.0,0.0008478150745759
2023-04-25,184.84,186.22,184.3,185.75,8451933.0,0.004923176801558,187.5704,187.5704,183.8504,183.8604,213400.0,-0.0197792402212716
2023-04-26,186.63,186.65,184.3,184.74,8203595.0,-0.0101269892300272,183.8704,184.3804,182.0304,182.5804,118174.0,-0.0070158111365396
2023-04-27,183.9,184.99,183.38,184.75,9107425.0,0.0046220772158781,183.3804,184.9804,182.0904,184.8104,81349.0,0.00779799804123
2023-04-28,184.79,185.38,184.17,184.8,6700418.0,5.411548243963054e-05,183.8804,186.4704,183.7204,186.3704,65182.0,0.0135414106125502
2023-05-01,186.05,186.22,183.91,183.97,7997658.0,-0.0111797903789304,186.1304,187.4504,185.5504,186.3604,195849.0,0.0012356928261046
2023-05-02,184.65,187.64,184.52,187.52,13554921.0,0.0155429190360141,185.6604,185.6604,181.9404,183.4804,113861.0,-0.011741868486764
2023-05-03,187.61,189.21,186.93,189.11,11133826.0,0.0079953094184744,183.8504,185.2004,182.4704,182.6004,87692.0,-0.0067990061484772
2023-05-04,188.86,191.36,188.81,190.44,14146787.0,0.0083659853860001,182.7704,183.6304,181.6204,182.0204,129451.0,-0.0041035091021303
2023-05-05,186.56,187.58,185.77,187.46,12508113.0,0.0048241852487135,183.3404,185.2004,183.0604,184.7804,104744.0,0.0078542427091901
2023-05-08,187.82,188.67,187.49,187.69,6075441.0,-0.0006921520604834,185.0404,185.3604,184.1804,184.9204,98614.0,-0.0006485070287353
2023-05-09,188.12,189.33,188.07,189.02,7098810.0,0.0047841803104401,183.9504,184.9204,183.3104,184.4004,96381.0,0.0024463116144351
2023-05-10,188.98,189.64,187.82,188.75,9392097.0,-0.0012170600063498,186.0604,186.4604,184.3904,186.0004,100363.0,-0.0003224759271718
2023-05-11,188.44,188.81,186.86,187.13,8245523.0,-0.0069518149012948,185.6204,185.6504,184.1004,185.0404,171922.0,-0.0031246565571455
2023-05-12,187.43,187.92,186.58,186.81,7087462.0,-0.0033079016166035,185.7204,186.1304,183.7604,185.0604,90372.0,-0.0035537291541479
2023-05-15,187.3,187.88,187.03,187.21,5518086.0,-0.0004805125467165,185.3204,187.0704,184.8104,186.6504,97864.0,0.0071767598170518
2023-05-16,186.58,186.82,184.46,184.87,9527806.0,-0.0091649694501018,185.6004,185.6004,183.6004,183.6304,89827.0,-0.0106142012624972
2023-05-17,184.31,184.45,183.48,184.23,7474277.0,-0.0004340513265694,184.5304,186.3704,183.3104,185.8604,102891.0,0.0072074845120371
2023-05-18,182.1,182.28,181.34,181.84,8812591.0,-0.001427786930258,185.8804,188.6604,185.6204,188.3904,137312.0,0.0135033064271434
2023-05-19,182.25,184.34,181.81,183.64,8434976.0,0.0076268861454045,188.7704,189.0204,187.3004,187.8104,104580.0,-0.0050855430724308
2023-05-22,183.22,183.84,182.91,183.21,4834298.0,-5.4579194411040855e-05,187.9304,190.0604,187.5904,189.1704,130604.0,0.0065981874140639
2023-05-23,182.78,183.76,182.48,183.43,6345012.0,0.0035561877667141,188.3104,188.9304,185.7404,185.9504,91102.0,-0.0125324995326863
2023-05-24,183.54,183.54,181.77,181.95,6732940.0,-0.0086629617522066,184.7904,185.2704,183.8904,184.5404,123069.0,-0.001352884132509
2023-05-25,181.18,181.31,180.1,180.2,6919174.0,-0.0054089855392428,185.4904,185.5004,183.7904,185.0504,153000.0,-0.0023720904154608
2023-05-26,181.01,181.3,180.09,180.92,5823674.0,-0.0004972100988895,185.5704,188.0004,185.5704,187.5704,116941.0,0.0107775809072998
2023-05-30,181.72,182.4,181.17,182.04,4906066.0,0.0017609509134932,188.8204,189.2904,186.9004,187.6104,90899.0,-0.0064082058930073
2023-05-31,182.39,183.45,182.1,182.32,8497893.0,-0.0003837929711058,186.5404,186.9404,185.0404,186.7504,102680.0,0.0011257614972413
2023-06-01,182.81,184.21,182.72,183.76,7300542.0,0.0051966522619112,186.9004,189.4804,185.7304,188.6604,281083.0,0.0094167802744136
2023-06-02,183.53,183.56,180.96,181.05,8726111.0,-0.0135127772026371,190.8304,192.7204,190.1804,192.2004,278536.0,0.0071791496533047
2023-06-05,180.79,182.44,180.67,182.14,5748800.0,0.0074672271696443,192.1604,192.5704,190.7204,191.9304,93512.0,-0.0011969167424714
2023-06-06,182.36,182.65,181.52,182.34,4967156.0,-0.0001096731739417,191.3204,193.4104,190.8204,192.9204,287804.0,0.0083629346373935
2023-06-07,181.94,183.0,180.15,180.15,9066528.0,-0.0098384082664614,193.7104,194.4604,191.8904,192.2004,116840.0,-0.00779514161346
2023-06-08,182.0,183.04,181.96,182.53,6394890.0,0.0029120879120879,192.0704,193.1004,191.0904,192.8404,99805.0,0.004008946719536
2023-06-09,182.36,182.79,181.72,182.04,4380811.0,-0.0017547707830665,193.0904,194.0604,192.0204,192.7004,152012.0,-0.0020197793365179
2023-06-12,181.8,181.94,181.04,181.88,4875450.0,0.0004400440044003,192.9604,194.9904,192.7004,194.9204,159155.0,0.0101575245490785
2023-06-13,182.1,182.43,180.17,180.54,5126686.0,-0.0085667215815486,196.4304,197.2704,195.8004,197.1704,155111.0,0.0037672376577149
2023-06-14,181.69,181.96,180.14,180.64,6807003.0,-0.0057790742473444,197.3904,197.9004,195.3004,196.9704,296119.0,-0.0021277630523064
2023-06-15,180.28,182.05,180.18,181.91,6739009.0,0.0090414910139782,196.1404,199.8004,196.0104,199.2904,187305.0,0.0160599244214858
2023-06-16,181.93,182.62,181.41,181.63,8779096.0,-0.0016489858736877,200.4804,200.5004,197.9804,198.4004,109780.0,-0.0103750790600977
2023-06-20,180.06,180.09,179.22,179.75,7586229.0,-0.0017216483394424,197.2304,197.5504,195.6404,196.9204,100452.0,-0.0015717658129781
2023-06-21,179.15,179.95,178.19,179.49,6702339.0,0.0018978509628802,196.3404,196.9104,195.6304,196.2504,117119.0,-0.000458387575863
2023-06-22,178.36,178.99,177.63,177.71,7948565.0,-0.0036443148688046,195.4704,196.0704,194.7004,195.9104,84202.0,0.0022509801995596
2023-06-23,179.6,179.95,178.09,178.2,5419784.0,-0.0077951002227171,194.026,194.956,193.706,194.036,79964.0,5.15394843989512e-05
2023-06-26,179.05,179.08,178.42,178.51,3222050.0,-0.0030159173415248,194.076,195.766,193.606,195.026,91190.0,0.0048949895917064
2023-06-27,179.07,179.29,177.43,177.69,5036916.0,-0.0077064834980733,195.816,198.496,195.436,198.166,126308.0,0.0120010622216774
2023-06-28,177.23,177.69,176.7,177.28,5866741.0,0.0002821192800316,197.816,199.596,197.306,198.966,113307.0,0.0058134832369474
2023-06-29,175.83,177.63,175.79,177.09,6862511.0,0.0071660126258317,199.096,199.916,198.616,199.916,102255.0,0.0041186161449752
2023-06-30,177.69,178.53,177.32,178.27,6420904.0,0.0032641116551297,201.486,202.686,201.486,201.886,87408.0,0.0019852495955054
2023-07-03,178.61,179.34,178.46,178.47,4085711.0,-0.0007838306925704,201.796,201.996,201.116,201.836,60640.0,0.0001982199845389
2023-07-05,179.41,179.42,177.83,177.84,5652091.0,-0.0087509057466138,200.956,201.386,200.046,200.856,183536.0,-0.000497621369852
2023-07-06,177.51,177.8,176.66,177.31,5132954.0,-0.0011266970874879,198.686,199.516,197.056,198.826,192672.0,0.0007046294152581
2023-07-07,178.38,179.65,178.35,178.64,5201148.0,0.0014575625070074,198.586,200.976,198.026,199.396,79320.0,0.0040788373802784
2023-07-10,178.37,178.92,178.26,178.78,3320497.0,0.0022985928126926,199.306,202.466,199.306,202.406,116379.0,0.0155539722838248
2023-07-11,179.43,179.71,179.13,179.45,2819610.0,0.0001114640806998,202.906,205.106,202.756,204.846,122466.0,0.0095610775432958
2023-07-12,181.18,181.95,181.1,181.88,7062010.0,0.003863561099459,206.896,207.126,205.366,205.906,176088.0,-0.0047850127600339
2023-07-13,181.96,182.15,181.49,182.01,4527900.0,0.0002747856671795,207.066,208.326,206.466,208.036,206199.0,0.004684496730511
2023-07-14,181.59,182.17,181.11,181.43,5389968.0,-0.0008811057877636,208.096,208.456,206.496,206.936,109559.0,-0.0055743502998615
2023-07-17,180.99,181.63,180.64,181.56,4152919.0,0.0031493452676943,206.676,209.506,206.486,208.836,201126.0,0.0104511409162168
2023-07-18,182.79,184.23,182.32,183.64,8242597.0,0.004650144975108,208.976,210.206,208.566,210.046,154764.0,0.0051202051910266
2023-07-19,183.45,183.84,182.87,183.67,3911565.0,0.0011992368492777,210.566,211.296,209.206,209.946,217013.0,-0.0029444449721227
2023-07-20,183.73,183.77,182.47,182.74,4972856.0,-0.0053883415881999,208.776,209.006,206.716,207.016,103913.0,-0.0084300877495498
2023-07-21,182.06,182.46,181.68,182.18,3845361.0,0.0006591233659233,208.136,208.456,207.156,207.346,70831.0,-0.0037955951877618
2023-07-24,182.22,182.54,181.34,181.4,4370026.0,-0.0045000548787179,207.586,207.916,206.296,207.046,96912.0,-0.0026013314963437
2023-07-25,181.72,182.47,181.1,182.41,4090149.0,0.0037970504072198,207.076,208.906,207.076,208.316,94750.0,0.005988139620236
2023-07-26,182.66,183.64,182.31,183.3,6158432.0,0.0035037775101281,207.316,208.616,207.096,208.216,92134.0,0.0043411989426769
2023-07-27,181.64,181.64,180.32,180.42,7592752.0,-0.0067165822506055,209.936,209.936,205.276,205.826,109130.0,-0.0195773950156238
2023-07-28,181.48,182.27,181.25,181.86,3829197.0,0.002093894644038,207.926,208.126,206.696,207.406,124433.0,-0.0025008897396188
2023-07-31,182.43,183.09,182.31,182.35,5496890.0,-0.0004385243655101,208.226,209.206,207.946,208.736,85095.0,0.00244926185971
2023-08-01,180.85,181.38,180.19,180.46,6289869.0,-0.0021564832734309,207.646,208.456,207.126,208.316,93088.0,0.0032266453483332
2023-08-02,180.57,180.79,179.41,179.6,6348266.0,-0.0053718779420723,206.216,206.266,203.926,204.476,150873.0,-0.0084377545874229
2023-08-03,179.44,179.95,179.28,179.54,4638874.0,0.0005572893446276,203.546,204.406,202.866,203.696,197421.0,0.0007369341573895
2023-08-04,180.25,180.77,179.85,180.19,5326191.0,-0.0003328710124826,204.446,204.496,201.616,201.796,157208.0,-0.0129618578989073
2023-08-07,180.15,180.15,179.27,179.78,4510408.0,-0.0020538440188731,202.536,203.246,201.796,203.246,90673.0,0.0035055496306829
2023-08-08,178.64,179.33,178.46,178.64,6162879.0,0.0,201.096,201.396,199.396,201.266,102464.0,0.0008453673867207
2023-08-09,178.68,178.92,177.78,177.79,4643998.0,-0.0049809715692859,201.376,201.696,200.016,200.306,87524.0,-0.0053134435086603
2023-08-10,178.22,178.7,177.54,177.6,5934598.0,-0.0034788463696555,201.556,202.956,199.396,200.196,108786.0,-0.0067475044156463
2023-08-11,177.7,178.36,177.49,177.6,5289694.0,-0.0005627462014631,199.216,200.166,198.906,199.426,150678.0,0.0010541321982169
2023-08-14,176.86,177.58,176.58,177.06,9554477.0,0.0011308379509215,198.836,200.586,198.696,200.576,165952.0,0.0087509304150152
2023-08-15,176.75,177.43,176.33,176.59,7582703.0,-0.0009052333804808,199.746,199.746,197.986,198.176,154250.0,-0.0078599821773653
2023-08-16,176.62,176.95,175.56,175.57,6559418.0,-0.0059449665949496,198.086,198.616,196.456,196.526,117622.0,-0.0078753672647234
2023-08-17,176.53,176.56,174.93,175.3,7937672.0,-0.0069676542230781,197.116,197.116,193.966,194.076,131118.0,-0.0154223908764383
2023-08-18,175.83,176.06,175.1,175.33,6253027.0,-0.0028436558039014,192.496,195.046,192.206,194.696,119472.0,0.0114288089103149
2023-08-21,175.9,175.94,174.96,175.81,4206360.0,-0.0005116543490619,195.096,195.666,193.846,195.236,103627.0,0.0007175954401934
2023-08-22,175.83,176.25,175.31,176.1,5892540.0,0.0015355741341067,196.056,196.056,194.906,195.256,128528.0,-0.0040804668054025
2023-08-23,177.32,178.22,177.07,177.89,7949056.0,0.0032145274080757,195.516,197.676,195.226,197.366,163393.0,0.0094621412058349
2023-08-24,177.66,178.49,177.41,177.85,5526428.0,0.001069458516267,197.916,198.306,194.306,194.306,173754.0,-0.0182400614402068
2023-08-25,177.58,178.38,176.63,177.62,6132927.0,0.0002252505912827,194.846,196.546,193.556,195.936,212863.0,0.0055941615429621
2023-08-28,177.65,178.73,177.51,178.13,4740683.0,0.0027019420208274,197.176,197.806,196.626,197.366,136473.0,0.0009636061183918
2023-08-29,178.03,179.88,177.9,179.87,7576640.0,0.0103353367409987,197.186,200.596,196.896,200.566,175122.0,0.0171411763512622
2023-08-30,180.58,180.88,180.29,180.32,6593692.0,-0.0014398050725441,200.666,202.356,200.396,201.956,135029.0,0.0064285927860225
2023-08-31,180.37,180.49,179.94,180.02,4795626.0,-0.0019404557298885,202.556,202.946,201.726,201.786,96750.0,-0.0038014178795
2023-09-01,180.8,181.12,179.51,180.11,4970732.0,-0.0038163716814159,203.376,204.126,202.636,203.156,141347.0,-0.0010817402250019
2023-09-05,179.33,179.44,178.64,178.64,7056834.0,-0.0038476551608767,202.526,202.566,201.286,201.456,91229.0,-0.0052832722712146
2023-09-06,178.33,179.01,177.7,177.83,6427224.0,-0.0028037907250602,201.266,202.306,199.966,201.086,206408.0,-0.0008943388351732
2023-09-07,178.31,178.37,177.9,178.02,3257213.0,-0.0016263810218158,199.426,200.396,198.306,200.106,67947.0,0.003409786086067
2023-09-08,178.36,179.05,177.9,178.08,3293699.0,-0.0015698587127158,200.276,200.666,198.806,199.166,102954.0,-0.0055423515548543
2023-09-11,178.97,179.07,178.26,178.41,3689085.0,-0.0031290160362071,200.216,200.596,199.206,199.866,86897.0,-0.0017481120389978
2023-09-12,177.11,177.7,177.05,177.49,4445435.0,0.0021455592569589,199.186,200.126,198.876,199.016,61848.0,-0.0008534736377055
2023-09-13,177.53,177.75,177.04,177.08,3874788.0,-0.0025347828536021,198.966,199.066,197.326,197.916,88349.0,-0.0052772835559844
2023-09-14,176.5,177.39,176.36,177.17,6184382.0,0.0037960339943342,199.126,199.616,197.986,199.256,83110.0,0.0006528529674678
2023-09-15,178.55,179.11,178.34,178.34,5620888.0,-0.0011761411369364,198.676,198.676,196.456,196.816,84679.0,-0.0093619762829933
2023-09-18,178.82,179.41,178.38,179.39,5049308.0,0.0031875629124258,196.266,197.036,196.096,196.346,68120.0,0.0004076100801973
2023-09-19,179.54,179.65,179.03,179.22,4225102.0,-0.0017823326278266,196.196,196.196,194.606,195.606,179085.0,-0.0030071968847479
2023-09-20,179.34,180.66,179.32,179.35,9330262.0,5.5760008921550715e-05,196.496,196.936,194.316,194.316,68920.0,-0.0110943734223597
2023-09-21,177.86,178.49,177.69,178.05,7573300.0,0.0010682559316316,193.2786,193.2786,189.9486,190.0386,144845.0,-0.0167633664565037
2023-09-22,178.65,178.95,178.51,178.62,3637075.0,-0.0001679261125105,190.9486,191.4486,189.9586,189.9786,100967.0,-0.0050799010833281
2023-09-25,178.41,178.71,177.64,177.7,5582074.0,-0.0039795975561908,189.3686,190.8686,189.0386,190.7886,194793.0,0.0074986032531265
2023-09-26,176.83,177.14,176.16,176.28,7181080.0,-0.0031103319572471,189.8086,190.0686,187.9286,188.0786,164470.0,-0.0091144447617232
2023-09-27,175.27,175.32,173.7,174.1,10919579.0,-0.006675415073886,189.2486,190.4386,188.0886,189.6786,191385.0,0.0022721436248404
2023-09-28,173.91,174.14,172.32,173.23,10061917.0,-0.0039100684261974,189.4786,192.6786,189.4786,191.6286,77239.0,0.0113469278324834
2023-09-29,173.92,174.03,171.27,171.45,10427383.0,-0.014201931922723,193.2686,193.4886,190.9486,191.1986,90732.0,-0.0107104827167992
2023-10-02,170.23,170.46,169.5,169.65,12706027.0,-0.0034071550255535,190.9686,191.1986,188.5786,189.7686,174091.0,-0.0062837555493417
2023-10-03,169.14,170.08,168.75,169.16,11459840.0,0.0001182452406291,188.4386,189.1686,185.6386,186.2386,202835.0,-0.0116748903886996
2023-10-04,169.21,169.41,168.5,169.14,10034600.0,-0.0004136871343302,186.8086,188.1086,185.4286,187.9386,123548.0,0.0060489720494666
2023-10-05,168.74,169.0,168.3,168.83,6970219.0,0.0005333649401446,187.8286,188.0386,185.8286,187.6086,237855.0,-0.0011712806249953
2023-10-06,169.17,170.23,168.5,169.7,9948433.0,0.0031329431932375,186.4586,191.6286,186.3986,190.6186,218190.0,0.0223105826172673
2023-10-09,171.18,172.86,171.08,172.82,10201547.0,0.0095805584764574,189.6386,192.6086,189.1086,192.2086,119810.0,0.0135520932974615
2023-10-10,172.08,172.8,171.9,172.53,5843995.0,0.0026150627615062,192.4786,195.1686,192.4286,193.8686,97610.0,0.0072215820356132
2023-10-11,173.6,174.13,173.26,173.79,7128002.0,0.0010944700460829,194.1986,194.7586,192.8386,194.3086,53427.0,0.0005664304480053
2023-10-12,174.06,174.23,173.24,173.26,5912663.0,-0.0045961162817419,194.6786,194.6786,190.8686,191.8086,95328.0,-0.0147422469649975
2023-10-13,176.89,179.1,176.72,178.83,18802885.0,0.0109672677935441,192.2086,192.3786,189.6086,190.2586,113120.0,-0.0101452276328946
2023-10-16,177.84,178.33,177.54,177.96,8385428.0,0.0006747638326585,191.0686,193.1586,190.5886,192.6686,88771.0,0.0083739557415503
2023-10-17,178.37,179.13,177.98,178.29,8231866.0,-0.0004485059146718,191.2386,194.6086,190.9886,193.4886,119045.0,0.0117654071928993
2023-10-18,180.89,182.02,179.75,180.87,13920793.0,-0.0001105644314223,192.2586,192.2586,189.3886,189.5086,82151.0,-0.0143036514361386
2023-10-19,181.04,183.43,180.82,183.09,13406560.0,0.0113234644277508,189.7086,190.4786,186.7386,187.1386,110507.0,-0.0135470927517255
2023-10-20,183.43,185.23,183.09,183.59,12785521.0,0.0008722673499427,187.0086,187.0286,184.3803,184.5286,147348.0,-0.0132614222019735
2023-10-23,183.5099,183.56,182.705,182.97,9479800.0,-0.0029420756046403,183.8186,185.4461,182.4547,183.5886,137987.0,-0.0012512335530789
2023-10-24,182.07,183.4,181.68,182.95,6593838.0,0.0048333058713681,184.8086,185.7386,183.1586,184.5686,165719.0,-0.0012986408641156
2023-10-25,183.42,184.2993,182.04,183.72,10087016.0,0.0016355904481518,183.3386,183.4886,180.3786,180.6086,137306.0,-0.014890481327991
2023-10-26,183.4,184.49,182.87,184.01,7671379.0,0.0033260632497272,179.9386,180.5884,178.1786,178.6586,292288.0,-0.0071135376178318
2023-10-27,183.76,186.36,183.47,186.15,14102828.0,0.0130060949063997,179.4486,179.4686,176.9435,177.4186,164592.0,-0.0113124315263535
2023-10-30,185.54,185.7,184.73,185.1,8756382.0,-0.0023714562897488,177.9686,178.3986,175.8586,177.3286,128760.0,-0.0035961399932348
2023-10-31,185.08,186.21,183.495,184.09,10104301.0,-0.0053490382537281,178.0086,179.9267,177.8587,179.5286,218740.0,0.0085389132884591
2023-11-01,183.91,185.0,182.67,183.51,9048537.0,-0.0021749768908705,179.3586,180.1286,177.8087,180.0586,180493.0,0.0039027958514396
2023-11-02,184.13,184.28,183.5,184.12,7343286.0,-5.430945527611419e-05,182.3886,184.7786,182.3886,184.5586,251234.0,0.0118976734291508
2023-11-03,184.48,185.47,184.35,184.79,8530274.0,0.0016803989592367,186.0686,189.1186,186.0686,188.3786,149554.0,0.0124147760557127
2023-11-06,184.14,184.23,183.34,183.35,8274657.0,-0.0042902139676332,188.6786,188.8086,185.9472,186.9686,158653.0,-0.0090630309955658
2023-11-07,182.25,182.65,181.75,182.59,6795582.0,0.0018655692729766,187.3886,189.0074,186.9986,188.4786,124003.0,0.0058167892817386
2023-11-08,182.01,182.065,180.5699,180.77,6738170.0,-0.0068128124828305,189.1186,189.3785,187.8386,188.5386,149592.0,-0.0030668585744605
2023-11-09,180.98,182.28,180.89,181.49,6486199.0,0.0028179909382253,189.5086,189.5086,186.7386,186.9486,157224.0,-0.01350862177231
2023-11-10,180.51,180.585,179.245,179.51,7611551.0,-0.005539859287574,187.1586,189.5086,186.5287,189.5086,68767.0,0.0125561956543807
2023-11-13,179.4,180.73,179.11,180.51,5385868.0,0.0061872909698995,188.8586,189.7986,188.3886,189.3986,104707.0,0.0028592820236938
2023-11-14,181.7,182.75,181.62,182.12,6831604.0,0.0023115024766098,193.1286,196.0336,192.5886,195.5686,429105.0,0.0126340686982663
2023-11-15,182.03,182.18,181.31,181.64,4909235.0,-0.00214250398286,196.1086,197.998,195.9386,196.0686,222329.0,-0.0002039686173884
2023-11-16,182.8457,184.32,182.8,183.69,8253259.0,0.0046175545829079,195.7586,196.2486,194.4686,195.3786,135373.0,-0.0019411663140214
2023-11-17,183.96,184.125,183.45,183.67,4871256.0,-0.0015764296586215,196.2286,196.4886,195.6286,196.2886,156295.0,0.0003057658261843
2023-11-20,182.32,183.48,182.225,183.37,5393339.0,0.0057591048705573,196.4286,198.4386,195.9686,198.0886,188666.0,0.0084509078616862
2023-11-21,185.57,186.115,185.065,185.35,7322270.0,-0.0011855364552459,197.6286,198.0686,196.9086,197.6086,189805.0,-0.0001011999275409
2023-11-22,185.47,185.72,184.2715,184.56,4338151.0,-0.0049064538739418,198.5086,199.3286,197.9686,198.4686,150580.0,-0.0002015026049248
2023-11-24,185.47,185.75,185.16,185.52,2411753.0,0.0002695853776891,198.2986,199.2886,198.1486,199.2086,97927.0,0.0045890389543849
2023-11-27,186.56,186.8,185.93,186.77,6320195.0,0.0011256432246998,198.6586,199.6086,198.2686,198.9086,100921.0,0.0012584403594911
2023-11-28,187.9,189.4,187.52,189.26,10901860.0,0.0072378924960084,198.4886,199.8685,198.3418,198.6286,99060.0,0.0007053301801716
2023-11-29,189.16,189.99,189.02,189.54,8407218.0,0.0020088813702685,200.0886,201.3431,199.3386,199.6686,132967.0,-0.0020990701119404
2023-11-30,188.89,189.24,188.28,188.75,7558105.0,-0.0007411721107522,200.1786,200.7086,199.143,200.6786,103620.0,0.0024977694918437
2023-12-01,188.805,192.395,188.685,192.01,16727268.0,0.0169751860385052,200.2886,203.9686,199.9586,203.9386,205908.0,0.0182237031962877
2023-12-04,189.599,190.38,187.26,187.86,18460493.0,-0.0091719893037409,202.5586,204.2136,202.0086,203.4486,142327.0,0.0043937902414411
2023-12-05,187.5501,187.88,186.3,187.15,7027611.0,-0.0021332966498017,202.4586,202.4586,200.7186,201.5586,121898.0,-0.0044453532722244
2023-12-06,188.32,188.46,187.5,187.84,5778598.0,-0.0025488530161426,202.5186,203.1586,200.6286,200.6586,198922.0,-0.0091843415864023
2023-12-07,188.45,188.59,187.26,188.15,5802018.0,-0.0015919342000529,201.2986,201.7286,200.6186,201.4886,91228.0,0.0009438714427223
2023-12-08,185.93,186.78,184.9,185.64,7883018.0,-0.0015597267788953,201.2486,202.9568,201.2486,202.5986,119302.0,0.0067081211993524
2023-12-11,184.5,184.53,183.1513,183.59,8519513.0,-0.0049322493224932,203.0486,205.0886,202.4686,204.9886,135690.0,0.0095543628471213
2023-12-12,183.844,183.98,183.26,183.49,5056897.0,-0.0019255455712451,205.1286,206.6846,204.4886,206.3486,148833.0,0.0059474885510845
2023-12-13,183.82,187.66,183.38,187.63,10635377.0,0.0207267979545207,206.5286,210.9386,206.2486,210.5086,191455.0,0.019270938746498
2023-12-14,188.8649,189.82,188.08,188.73,9107048.0,-0.0007142671825205,212.6186,214.4886,212.0186,213.5486,191439.0,0.0043740293652578
2023-12-15,188.52,188.96,186.82,187.0,8324615.0,-0.0080628050074263,213.6286,213.8609,212.1186,212.8386,184542.0,-0.0036980067275635
2023-12-18,187.5,188.49,187.24,187.85,5357958.0,0.0018666666666666,213.4686,214.0686,212.6586,213.4986,120865.0,0.0001405358914613
2023-12-19,188.23,189.7239,188.13,189.13,6025538.0,0.0047813844764384,214.3886,215.5286,214.1187,215.2686,159729.0,0.0041046958653584
2023-12-20,188.69,188.96,188.085,188.1,6002223.0,-0.003126821771159,214.6486,215.6186,211.3286,211.3286,150867.0,-0.0154671402468965
2023-12-21,189.21,189.62,188.75,189.43,4619935.0,0.0011627292426404,213.5862,214.9462,212.8912,214.9062,155078.0,0.0061801745618397
2023-12-22,191.6,191.88,190.07,190.27,7176292.0,-0.0069415448851773,215.8962,216.4312,214.8762,215.8962,109602.0,0.0
2023-12-26,190.97,191.74,190.4,191.72,4502655.0,0.003927318426978,216.4862,218.0262,216.0262,217.5462,116462.0,0.0048963860052049
2023-12-27,191.77,193.1823,191.54,192.59,5812995.0,0.0042759555717786,217.9262,218.2391,217.2262,218.1862,112098.0,0.0011930644410815
2023-12-28,192.34,192.89,191.44,191.47,6171492.0,-0.0045232400956639,218.1162,218.4862,217.7562,218.1762,126074.0,0.0002750827311313
2023-12-29,190.99,191.64,190.74,191.17,4612200.0,0.0009424577202993,217.9562,218.5482,216.1863,216.5562,85109.0,-0.0064233089033484
2024-01-02,191.44,191.89,190.5,190.72,6025560.0,-0.0037609694943585,215.1562,215.4762,212.4712,213.2962,197501.0,-0.0086448821832697
2024-01-03,188.77,189.86,188.16,189.13,8661568.0,0.0019070826932244,211.6762,211.6762,209.0763,209.1962,155773.0,-0.0117160077514618
2024-01-04,189.08,189.75,188.69,189.32,4416738.0,0.0012693039983074,208.6062,210.4574,208.2662,209.2962,117358.0,0.0033076677490889
2024-01-05,189.68,191.26,189.08,189.35,7481864.0,-0.0017397722479966,208.5362,210.6712,208.1962,209.1962,112664.0,0.0031649181293223
2024-01-08,187.21,188.74,187.11,187.87,6214778.0,0.0035254527001762,209.5562,213.2262,209.5562,213.2162,194174.0,0.0174654818134705
2024-01-09,188.68,188.78,187.73,187.93,4437267.0,-0.0039749841000636,211.9062,213.4262,211.2462,212.6262,153732.0,0.0033977297502385
2024-01-10,188.14,188.44,187.205,187.5,4504724.0,-0.0034017221218241,212.7662,213.7562,211.6062,213.4862,139245.0,0.0033839961422443
2024-01-11,188.02,188.55,186.56,187.87,6831086.0,-0.0007977874694181,213.4962,213.7876,211.0463,213.1662,144872.0,-0.001545694958505
2024-01-12,190.67,191.08,189.16,189.71,6833580.0,-0.0050348770126395,213.9862,214.6888,212.3162,212.6562,211606.0,-0.0062153540742346
2024-01-16,189.15,189.26,187.54,187.91,6548068.0,-0.0065556436690457,211.4162,212.1962,210.4762,211.3962,173454.0,-9.4600129980627e-05
2024-01-17,187.31,187.42,185.45,185.84,8643129.0,-0.0078479525919598,209.6962,209.9962,208.5662,209.9362,142740.0,0.0011445128714779
2024-01-18,186.36,187.4,186.3,187.37,4685177.0,0.0054196179437647,211.3062,212.0162,209.7962,212.0062,107715.0,0.0033127281641523
2024-01-19,188.26,188.3,187.44,187.93,5719597.0,-0.00175289493254,212.7262,214.2462,211.662,213.9162,162736.0,0.0055940453033053
2024-01-22,187.23,187.7601,186.85,187.22,4397513.0,-5.3410244084766896e-05,215.3462,217.1562,215.0062,216.2562,168927.0,0.0042257536933551
2024-01-23,187.45,188.15,187.28,187.95,5040760.0,0.0026673779674579,216.7462,217.0162,215.1718,216.0862,154230.0,-0.0030450360836775
2024-01-24,188.33,188.37,186.32,186.4,6085393.0,-0.0102479689906016,217.9762,217.9762,214.5962,214.7362,150675.0,-0.0148640080889565
2024-01-25,187.34,187.64,186.46,187.14,4651022.0,-0.0010675776662753,216.5862,216.5862,214.5579,215.5462,140394.0,-0.0048017833084471
2024-01-26,187.27,187.38,186.76,187.01,5064767.0,-0.0013883697335399,215.8962,216.2362,214.8162,214.8962,153775.0,-0.0046318554935195
2024-01-29,188.31,188.54,187.1899,188.33,5629675.0,0.00010620784876,214.8962,217.8762,214.6962,217.8762,249801.0,0.0138671600521554
2024-01-30,189.7,189.83,187.975,188.59,4976400.0,-0.0058513442277279,217.4462,218.0062,216.7362,217.2062,110884.0,-0.0011037212883003
2024-01-31,189.37,190.46,188.13,188.45,7886115.0,-0.0048582140782595,216.0462,217.0862,213.2562,213.2562,108200.0,-0.0129139045259763
2024-02-01,189.71,191.36,188.99,190.41,10277989.0,0.0036898423910178,214.4962,216.3962,212.8712,216.3962,200281.0,0.0088579657821444
2024-02-02,188.07,188.87,187.85,188.61,7337573.0,0.0028712713351412,215.8962,217.9362,214.2063,217.2062,136619.0,0.0060677306965106
2024-02-05,186.875,187.82,186.7,187.57,5436016.0,0.0037190635451504,216.2962,216.5362,213.9012,215.3062,98300.0,-0.0045770568322513
2024-02-06,187.94,188.854,187.742,188.55,4866118.0,0.0032457167181015,216.0862,217.6562,215.4662,217.6162,150382.0,0.0070805076862844
2024-02-07,188.45,189.39,188.28,188.5,6276830.0,0.0002653223666755,218.4762,220.0761,217.6262,219.2162,166009.0,0.0033870966265432
2024-02-08,187.91,188.5298,187.8199,188.33,3873151.0,0.0022351125538822,219.5962,221.2362,219.5812,220.8862,341689.0,0.0058744185919428
2024-02-09,187.56,187.77,187.14,187.6,4412448.0,0.0002132650885049,221.2862,222.0262,220.6358,221.4862,119511.0,0.0009038069251493
2024-02-12,186.6,187.27,186.36,187.11,4706155.0,0.0027331189710611,221.5362,222.8362,221.0862,221.3462,126636.0,-0.0008576476440419
2024-02-13,185.35,185.38,184.33,184.53,9525794.0,-0.0044240625842999,216.6962,218.9962,215.8762,217.7662,313230.0,0.0049377884799087
2024-02-14,184.27,184.88,183.78,184.42,7031445.0,0.0008140229011774,219.5562,221.4362,218.9109,221.1662,212756.0,0.0073329744275042
2024-02-15,185.6,186.02,185.095,185.66,6228797.0,0.0003232758620689,221.9862,223.1362,221.3562,222.8562,133520.0,0.0039191625425364
2024-02-16,185.076,186.67,184.835,186.34,6518462.0,0.0068296267479306,222.3562,223.5762,221.3862,221.4662,123668.0,-0.0040025868403939
2024-02-20,187.96,188.03,187.4,187.47,5531026.0,-0.0026069376463077,220.3962,220.3962,218.5462,219.6362,162938.0,-0.003448335316126
2024-02-21,187.88,188.04,187.1,187.48,5789501.0,-0.0021290185224611,218.5762,219.3662,217.7189,219.3362,159321.0,0.0034770482788153
2024-02-22,187.56,187.64,187.05,187.56,4550384.0,0.0,222.1862,223.9212,221.6912,223.4962,116624.0,0.0058959557344244
2024-02-23,187.56,189.18,187.46,188.62,6827218.0,0.0056515248453828,223.9562,224.4698,222.8262,223.6962,824363.0,-0.0011609412911988
2024-02-26,187.79,188.36,187.53,188.2,4491736.0,0.0021832898450396,224.1362,224.7662,223.6967,223.8062,118656.0,-0.0014723190631411
2024-02-27,188.58,188.72,187.88,188.0,5165370.0,-0.0030756177749496,224.9762,225.0762,224.1862,224.7162,282340.0,-0.0011556778005852
2024-02-28,188.34,188.52,188.0301,188.34,2824016.0,0.0,223.9862,225.3561,223.7412,224.8862,180254.0,0.0040181046868066
2024-02-29,189.64,189.918,189.23,189.31,6848520.0,-0.0017401392111368,226.1862,226.8562,225.0812,226.2062,315566.0,8.84227242863703e-05
2024-03-01,190.27,193.4,189.44,192.89,13410826.0,0.0137699059231616,226.7662,228.6062,225.7211,228.5662,195959.0,0.0079376908904413
2024-03-04,194.15,196.3299,193.88,196.01,12216268.0,0.0095802214782383,228.9962,229.5862,227.788,228.9362,161312.0,-0.0002620130814396
2024-03-05,197.44,198.14,196.65,197.19,9672188.0,-0.0012662074554294,228.0062,228.0062,224.6302,225.7262,234513.0,-0.0099997280775698
2024-03-06,198.08,199.3,197.44,198.81,10459290.0,0.0036853796445879,228.1362,228.6662,226.5862,227.7362,202117.0,-0.0017533385758157
2024-03-07,199.54,200.11,198.91,199.94,8403597.0,0.0020046106043901,229.5762,230.9172,229.2363,230.3262,171587.0,0.0032668891635979
2024-03-08,200.89,203.3,200.4459,201.63,13539952.0,0.0036836079446463,230.9162,231.6962,228.0862,228.7462,188048.0,-0.0093973484753344
2024-03-11,201.71,202.41,201.46,202.0,7329449.0,0.0014377076000197,227.9862,228.8262,227.0662,228.4762,116876.0,0.0021492528933769
2024-03-12,200.42,200.6277,199.16,199.79,9436586.0,-0.0031433988623889,229.2262,230.0762,227.8762,229.9262,109351.0,0.0030537521452608
2024-03-13,200.44,201.86,200.35,201.19,5929782.0,0.0037417681101576,229.7262,230.605,229.1026,229.4462,187249.0,-0.0012188422565645
2024-03-14,200.37,200.47,199.34,200.35,6865044.0,-9.981534161805775e-05,229.7062,229.7062,225.7262,227.3262,143027.0,-0.0103610612164582
2024-03-15,199.94,200.634,199.57,199.71,4556404.0,-0.001150345103531,226.2662,227.2861,225.6499,226.2262,207406.0,-0.0001767829220625
2024-03-18,199.66,200.145,199.51,200.03,7206822.0,0.0018531503556045,227.6262,227.9862,226.6112,226.7262,128444.0,-0.003953850655153
2024-03-19,199.62,199.81,198.935,199.8,4657474.0,0.0009017132551848,225.8762,227.7662,225.3562,227.6662,169736.0,0.0079246950320573
2024-03-20,199.16,202.66,199.12,202.18,9593754.0,0.0151636874874473,227.7462,230.2162,227.3762,230.1562,350106.0,0.0105819548251519
2024-03-21,203.88,203.92,200.6,201.97,7396538.0,-0.0093682558367667,231.9747,232.9847,231.2247,231.8747,150021.0,-0.0004310814929387
2024-03-22,201.32,201.86,199.715,200.35,6918411.0,-0.0048181998807868,232.0147,232.0147,230.0246,230.6047,196330.0,-0.0060772011428586
2024-03-25,201.19,201.95,200.965,200.99,4034640.0,-0.0009940851931009,230.9547,231.3846,230.3947,230.9747,130136.0,8.659706860267504e-05
2024-03-26,202.65,202.76,201.07,201.64,5752676.0,-0.0049839624969159,232.0847,232.3347,230.6947,230.8147,245368.0,-0.0054721401281515
2024-03-27,202.32,203.22,202.32,203.1,6040980.0,0.0038552787663108,232.7647,233.2547,231.4747,233.1847,127699.0,0.0018043973162596
2024-03-28,204.54,206.05,203.87,205.72,9194473.0,0.0057690427300283,233.5747,233.8647,232.9647,233.1847,162615.0,-0.0016697013846106
2024-04-01,208.68,208.73,206.29,207.82,13677114.0,-0.0041211424190148,233.3247,233.6021,231.3277,231.8747,201134.0,-0.0062145156513648
2024-04-02,209.07,211.03,208.36,210.89,13421070.0,0.0087052183479217,229.5147,229.5147,228.2247,229.4647,173820.0,-0.0002178509698943
2024-04-03,210.57,212.83,210.3,212.74,11416226.0,0.0103053616374603,228.5347,230.8046,228.1447,230.0247,174778.0,0.0065197976499849
2024-04-04,212.0,213.45,211.02,211.52,12307274.0,-0.0022641509433961,232.1647,232.4647,226.6397,226.8747,161614.0,-0.0227855483628648
2024-04-05,212.49,215.74,212.22,215.14,13382720.0,0.0124711751141229,227.1947,230.3847,227.0447,229.5847,154372.0,0.010519611593052
2024-04-08,215.98,216.81,214.61,216.48,10331406.0,0.0023150291693675,230.4147,231.0647,229.7147,230.6647,175253.0,0.00108500021917
2024-04-09,217.81,218.86,216.45,217.67,13079306.0,-0.0006427620403104,231.3847,231.7747,228.8635,231.3047,146414.0,-0.0003457445544152
2024-04-10,215.37,217.78,214.68,215.61,13317492.0,0.0011143613316618,227.3147,229.2447,227.1847,228.2947,157840.0,0.004311203806881
2024-04-11,216.85,219.84,215.89,219.8,11415224.0,0.013603873645377,229.1647,229.9507,227.2847,229.2747,118688.0,0.000480004119308
2024-04-12,221.87,225.09,216.02,216.89,30898775.0,-0.0224455762383378,227.5447,227.9435,224.3747,225.1847,197263.0,-0.010371588527441
2024-04-15,217.94,221.03,215.16,220.95,13238952.0,0.0138111406809213,227.3147,227.4047,220.6348,221.3047,289179.0,-0.026439117223831
2024-04-16,220.18,221.99,218.78,221.22,10746123.0,0.0047234081206285,220.9647,221.8597,219.6197,220.9547,144028.0,-4.5256097467110834e-05
2024-04-17,221.05,221.76,218.52,219.59,11521054.0,-0.0066048405338159,221.8747,221.8747,218.7953,219.3247,199555.0,-0.0114929732862736
2024-04-18,221.31,221.46,219.31,220.34,6496885.0,-0.0043829921829108,219.9247,220.9042,217.7447,218.2447,240692.0,-0.0076389782502829
2024-04-19,220.49,222.36,220.08,221.03,8688967.0,0.0024490906617079,218.3347,219.0647,215.1847,216.1447,161804.0,-0.0100304715649871
2024-04-22,216.35,216.96,215.14,215.57,13404253.0,-0.0036052692396579,217.4547,219.3446,215.8947,218.1947,121711.0,0.0034030076149193
2024-04-23,213.96,215.86,213.87,215.04,10730332.0,0.0050476724621423,218.9747,222.1047,218.8047,221.6647,243569.0,0.0122845241938908
2024-04-24,214.76,216.35,214.36,214.64,5741072.0,-0.0005587632706276,222.7547,223.9547,220.4947,221.9247,203960.0,-0.0037260717731208
2024-04-25,214.47,217.05,214.34,215.92,6606512.0,0.0067608523336596,220.7047,223.1347,219.0047,222.5247,181479.0,0.0082463128333922
2024-04-26,216.77,217.07,215.53,216.62,6268504.0,-0.0006919776721871,223.2847,225.0347,222.4497,224.1847,122296.0,0.0040307284825158
2024-04-29,216.02,217.22,215.25,216.18,6409870.0,0.0007406721599851,224.9147,225.6847,224.1641,225.5147,101546.0,0.0026676780130422
2024-04-30,213.38,214.13,211.8,211.87,11248615.0,-0.0070765769987814,224.4747,225.0147,221.0847,221.2347,107895.0,-0.0144336978733015
2024-05-01,212.96,215.5,212.41,213.79,10373880.0,0.0038974455296768,220.7947,224.7147,219.6947,220.7447,319323.0,-0.0002264547110959
2024-05-02,211.9,213.71,211.49,213.13,6286967.0,0.0058046248230296,222.5347,223.7797,219.6747,223.1447,113484.0,0.0027411455382015
2024-05-03,212.89,213.225,210.71,212.96,8679576.0,0.0003288083047584,225.8147,225.9598,223.9491,224.7147,101333.0,-0.0048712506316019
2024-05-06,215.14,215.91,214.47,215.2,6840375.0,0.0002788881658455,226.3147,227.5847,225.8547,227.5847,159564.0,0.0056116549212225
2024-05-07,214.52,214.93,213.88,214.21,5660733.0,-0.0014450867052023,227.2747,227.8904,226.7247,227.1947,124423.0,-0.0003519969446664
2024-05-08,213.62,214.8,213.5,213.58,4462736.0,-0.0001872483849826,226.2047,226.6807,225.8247,226.4647,173111.0,0.0011494014050105
2024-05-09,214.48,216.95,214.44,216.95,7732469.0,0.0115162252890712,226.1247,227.5947,225.7347,227.5947,147105.0,0.0065008378120567
2024-05-10,219.22,219.6,218.08,218.71,8700908.0,-0.002326430070249,228.5347,228.9435,227.3447,227.7547,398858.0,-0.0034130484342201
2024-05-13,217.06,217.31,215.8,216.26,4896265.0,-0.0036856168801253,228.6847,228.9647,227.0847,227.3347,116536.0,-0.0059033245337357
2024-05-14,217.31,218.3795,216.98,218.09,4662531.0,0.0035893424140628,227.7247,228.7747,227.2147,228.2947,104435.0,0.002503022289633
2024-05-15,219.06,221.19,217.65,220.89,9297417.0,0.0083538756505066,230.2147,231.9247,229.6047,231.7647,140904.0,0.0067328454699027
2024-05-16,220.14,220.585,219.41,220.03,4301554.0,-0.0004996820205323,231.8647,232.1313,230.8947,230.9747,115983.0,-0.0038384454382231
2024-05-17,222.18,223.8501,221.67,223.66,10481931.0,0.0066612656404716,231.3447,231.8847,230.2624,231.2747,118108.0,-0.0003025787925982
2024-05-20,223.79,225.66,223.02,224.56,5990755.0,0.0034407256803253,231.5747,232.5147,231.2947,232.3647,112551.0,0.0034114262050214
2024-05-21,224.77,225.21,223.7,224.23,4002594.0,-0.0024024558437514,231.7547,231.8747,230.9847,231.7247,106237.0,-0.0001294472129367
2024-05-22,223.09,223.24,219.7407,220.11,8902857.0,-0.0133578376440001,231.8047,233.0647,230.9547,232.0847,97756.0,0.0012079133857078
2024-05-23,218.78,219.23,215.66,215.72,9537896.0,-0.0139866532589816,232.8947,232.8947,228.4047,228.8547,105664.0,-0.0173468953995088
2024-05-24,216.96,217.21,215.74,215.92,4212257.0,-0.0047935103244838,230.1347,231.7597,229.3797,231.0547,86943.0,0.0039976587624551
2024-05-28,218.43,218.59,217.21,218.19,3809639.0,-0.0010987501716797,231.4347,231.4347,228.6447,229.4547,89011.0,-0.008555328997769
2024-05-29,216.92,217.16,216.12,216.16,4184963.0,-0.003503595795685,227.3647,227.3647,226.2447,226.4647,138457.0,-0.0039583981154506
2024-05-30,216.69,217.51,216.41,216.57,3071230.0,-0.0005537865152983,226.4547,226.8597,225.2747,226.0747,105585.0,-0.0016780398022209
2024-05-31,217.77,217.96,214.65,215.3,5616894.0,-0.0113422418147586,226.5547,226.5547,222.4447,226.3847,171224.0,-0.0007503706610367
2024-06-03,215.92,217.82,215.54,217.22,6172500.0,0.0060207484253427,226.9247,226.9247,222.3447,224.7047,154791.0,-0.0097829808742723
2024-06-04,216.24,216.24,214.2,215.27,5509338.0,-0.0044857565667776,224.0447,225.2647,223.6647,224.5947,122150.0,0.0024548672653268
2024-06-05,216.69,218.0795,215.93,217.82,5479212.0,0.0052148230190594,226.1947,227.7465,224.8947,227.7447,269093.0,0.0068525036174586
2024-06-06,218.36,219.97,218.1,219.43,5283842.0,0.0049001648653599,227.5747,227.7047,226.2897,226.5447,135920.0,-0.0045259864123736
2024-06-07,215.07,215.19,211.54,211.6,12195051.0,-0.0161342818617194,225.6347,226.9047,225.1847,225.1847,114740.0,-0.0019943740922828
2024-06-10,213.13,214.02,212.76,213.54,4219641.0,0.0019237085346971,224.7747,227.3447,224.1547,227.0547,84995.0,0.0101434903483354
2024-06-11,213.95,214.38,213.24,214.15,4004085.0,0.000934797849965,226.2647,227.3447,224.9697,227.2047,109440.0,0.0041544262096562
2024-06-12,216.47,216.55,214.2,214.72,5911797.0,-0.0080842610985355,230.0447,230.8847,229.0047,229.4647,173188.0,-0.0025212491311471
2024-06-13,214.44,214.96,212.26,212.97,5861096.0,-0.0068550643536653,229.3947,229.5497,227.387,228.5947,109685.0,-0.0034874388989807
2024-06-14,215.34,216.04,214.98,215.73,7076426.0,0.0018110894399553,227.3447,227.4246,225.4647,226.9847,108925.0,-0.001583498537683
2024-06-17,214.9,215.24,213.6,214.61,3877661.0,-0.0013494648673801,226.6047,228.8847,225.561,228.4747,110080.0,0.0082522560211681
2024-06-18,214.38,215.83,214.04,215.47,4921301.0,0.0050844295176789,228.8947,229.3947,228.2447,229.0947,101310.0,0.0008737642243354
2024-06-20,216.32,218.7413,216.15,218.16,7290516.0,0.0085059171597633,228.9847,229.5747,227.4647,228.0147,158821.0,-0.0042360908829279
2024-06-21,217.83,217.9,214.255,214.78,8935285.0,-0.0140017444796401,228.3847,228.5235,226.3947,228.4347,87781.0,0.0002189288511882
2024-06-24,215.55,215.94,215.2,215.63,4626836.0,0.0003711435861748,228.4347,229.6247,228.0527,228.3947,109889.0,-0.0001751047454698
2024-06-25,214.96,215.31,214.12,214.56,3847677.0,-0.0018608113137328,228.8747,228.8747,227.6397,228.5547,87260.0,-0.0013981449238382
2024-06-26,212.39,213.11,212.1204,212.58,4690267.0,0.0008945807241396,228.1847,228.1847,226.4267,226.8047,97551.0,-0.0060477323852124
2024-06-27,214.71,215.5,214.45,214.99,4977779.0,0.0013040845791998,227.0521,228.1821,226.5821,228.1021,117224.0,0.004624489269203
2024-06-28,215.64,215.8148,214.82,215.01,3955073.0,-0.0029215358931552,229.1721,229.6421,226.3921,227.3421,200148.0,-0.0079852652220755
2024-07-01,215.25,216.0,214.485,215.57,3797820.0,0.0014866434378629,228.2521,228.3021,225.4321,226.1621,192003.0,-0.0091565422618236
2024-07-02,215.33,216.08,214.6204,215.56,4921658.0,0.0010681279895973,225.9821,227.4921,225.8721,227.4521,143395.0,0.0065049399930348
2024-07-03,217.34,218.7397,217.33,217.99,4912503.0,0.0029907058065703,227.9421,228.5071,227.3921,228.2021,84539.0,0.0011406405398563
2024-07-05,219.58,221.28,219.58,220.93,5950257.0,0.006148100919938,228.1721,228.9121,226.9921,228.7621,108600.0,0.0025857674974284
2024-07-08,219.64,220.04,217.41,218.19,5790800.0,-0.0066017118921871,229.2921,229.8721,228.4529,228.9721,102305.0,-0.0013955997611779
2024-07-09,218.57,219.29,217.265,218.56,3904241.0,-4.575193301912845e-05,229.3321,229.3321,227.8949,227.9121,90217.0,-0.0061918937645449
2024-07-10,220.14,220.71,219.16,219.36,5556017.0,-0.0035431997819568,228.7821,229.4979,227.1362,229.4721,129052.0,0.0030159702179497
2024-07-11,222.65,224.1489,221.48,223.25,9323973.0,0.0026948124859644,230.7621,232.1321,230.3922,231.0521,122746.0,0.0012567054988665
2024-07-12,222.03,223.62,221.86,223.11,5179250.0,0.0048642075395217,232.1921,234.4921,231.5871,233.2521,162633.0,0.0045651854649663
2024-07-15,223.39,225.59,223.02,223.83,5719339.0,0.00196964949192,233.8921,235.0206,232.5721,233.7421,144319.0,-0.0006413213614312
2024-07-16,225.45,228.29,225.3,228.29,11070630.0,0.0125970281658904,234.6321,237.3921,234.1871,237.3921,221285.0,0.0117630963538236
2024-07-17,228.79,229.65,226.67,227.23,8620454.0,-0.0068184798286638,235.0821,235.5821,231.9821,231.9821,310966.0,-0.0131868823700315
2024-07-18,227.71,228.32,225.57,225.78,5485425.0,-0.008475692767116,232.7821,234.4321,229.5994,230.2621,106081.0,-0.0108255746468478
2024-07-19,221.52,222.68,221.41,221.73,8665937.0,0.0009479956663054,230.5521,230.9551,229.0821,229.5521,108863.0,-0.0043374144065484
2024-07-22,221.58,221.92,220.4,221.8,5334005.0,0.0009928693925444,231.4421,232.8921,229.7321,232.8221,115624.0,0.0059626144076639
2024-07-23,222.34,222.75,221.86,222.58,4435689.0,0.0010794279032113,232.9121,234.0421,232.1821,232.3121,110742.0,-0.0025760791302814
2024-07-24,223.47,224.88,221.74,221.8,6838776.0,-0.0074730388866513,231.0921,231.1321,226.3871,226.4921,124233.0,-0.0199054835712687
2024-07-25,219.02,219.2607,217.52,218.33,9776661.0,-0.0031503972239977,226.3721,229.9721,225.1221,226.3821,227266.0,4.417505514159795e-05
2024-07-26,219.96,221.04,219.7,220.63,6328679.0,0.0030460083651572,227.4321,229.0721,226.7821,227.9921,159076.0,0.0024622733554322
2024-07-29,221.26,221.55,219.045,220.32,4664458.0,-0.0042483955527433,229.4721,229.485,227.5521,228.6021,410430.0,-0.0037913105776257
2024-07-30,221.41,222.92,220.355,222.52,4939486.0,0.0050133236981166,229.5721,230.9121,227.0821,228.2221,150179.0,-0.0058805055143895
2024-07-31,223.73,226.6,223.64,226.55,7316529.0,0.0126044786126135,231.9121,233.3021,230.5321,231.2321,161031.0,-0.0029321454119901
2024-08-01,226.74,227.57,225.05,225.77,7217090.0,-0.0042780276969215,230.6221,231.5021,224.4871,225.9421,329717.0,-0.0202929381009017
2024-08-02,227.95,228.76,222.865,225.34,11109350.0,-0.0114498793595086,222.9021,223.0521,218.1621,220.5821,313517.0,-0.0104081567647859
2024-08-05,220.56,223.1,220.241,222.48,8938911.0,0.0087051142546245,213.4221,218.9021,211.5921,215.8321,352016.0,0.0112921763959777
2024-08-06,221.5,222.14,220.11,220.7,14361873.0,-0.0036117381489842,217.7921,222.3312,216.7621,219.1221,349287.0,0.0061067412454353
2024-08-07,221.94,222.31,220.35,220.55,5287817.0,-0.0062629539515183,222.0521,223.1421,216.7321,216.8221,374395.0,-0.0235530310228995
2024-08-08,222.73,224.25,222.515,224.01,6327038.0,0.0057468684056929,218.9821,223.2021,218.5221,223.1121,138632.0,0.0188599890128005
2024-08-09,224.82,225.28,223.82,224.56,4441017.0,-0.0011564807401476,223.1421,224.422,221.7421,223.8521,99444.0,0.0031818289780369
2024-08-12,226.14,228.535,225.965,228.41,5561253.0,0.0100380295392235,224.1221,224.1321,222.1061,223.0521,610290.0,-0.0047741833580891
2024-08-13,228.07,228.87,227.59,228.06,6740172.0,-4.384618757395057e-05,224.2421,226.4721,223.9121,226.0921,238498.0,0.0082500119290712
2024-08-14,226.55,227.48,225.35,226.2,5462093.0,-0.0015449128227765,226.5921,226.9171,225.1021,226.2521,611941.0,-0.0015004936182681
2024-08-15,226.51,227.5,225.12,226.91,5273080.0,0.0017659264491634,228.9921,230.5321,228.8221,230.2521,188694.0,0.005502373225976
2024-08-16,229.99,232.02,229.005,231.99,11924533.0,0.0086960302621853,229.8621,231.1021,229.2821,230.9221,108118.0,0.0046114605235051
2024-08-19,230.15,231.78,229.74,231.61,5164783.0,0.0063436888985444,231.1421,233.0521,230.6421,233.0521,545057.0,0.008263315077608
2024-08-20,233.71,234.01,231.13,232.46,9073380.0,-0.0053485088357365,232.7421,233.1271,230.9621,231.4821,83155.0,-0.0054137175869771
2024-08-21,231.69,232.87,230.48,232.15,5337007.0,0.0019854115412836,232.2921,233.8621,232.1871,233.8621,662789.0,0.0067587317864016
2024-08-22,230.35,230.38,228.26,229.37,5765314.0,-0.0042543954851312,234.3221,234.6411,231.5521,231.9921,123520.0,-0.0099435776651029
2024-08-23,231.04,232.73,230.5199,232.02,5417962.0,0.0042416897506926,233.3721,235.3721,232.9721,235.0821,203711.0,0.0073273540410357
2024-08-26,233.45,233.5,232.06,232.76,3151383.0,-0.0029556650246305,235.5621,236.1521,233.7321,233.9221,186377.0,-0.006962070723601
2024-08-27,231.69,233.47,231.5701,233.39,4435599.0,0.0073373904786567,233.0721,234.5321,232.3921,234.2821,96122.0,0.0051915265705333
2024-08-28,232.0,232.02,230.73,231.75,4961482.0,-0.0010775862068965,233.7721,234.1371,231.6671,232.6821,95764.0,-0.0046626607708961
2024-08-29,231.95,233.61,231.92,232.95,5523962.0,0.0043112739814615,234.1621,236.2721,233.6121,234.1521,90991.0,-4.270545916704422e-05
2024-08-30,232.53,232.86,230.5501,231.29,5742816.0,-0.0053326452500752,235.3221,235.6271,232.8521,235.6021,78245.0,0.0011898584960783
2024-09-03,230.38,230.54,228.52,230.29,6417701.0,-0.0003906589113638,233.9021,234.2821,228.6521,229.5921,100471.0,-0.0184265126307117
2024-09-04,229.79,231.06,229.375,230.43,4695830.0,0.0027851516602115,228.5821,230.6421,227.8021,228.9721,154586.0,0.0017061703431721
2024-09-05,232.72,232.89,231.33,232.35,4838112.0,-0.0015898934341698,228.5821,228.7771,226.5521,227.9321,116803.0,-0.0028436172386201
2024-09-06,231.83,232.76,229.62,230.63,6315823.0,-0.0051762067031877,228.1721,229.1844,223.8521,224.4521,150903.0,-0.0163034832041253
2024-09-09,231.26,231.62,230.39,231.6,3548775.0,0.0014702066937646,226.1621,228.7121,226.0721,227.6821,125459.0,0.0067208431474591
2024-09-10,232.39,232.74,231.12,232.62,4378227.0,0.0009897155643531,228.3621,228.4821,225.9721,228.3521,106936.0,-4.3790103524143914e-05
2024-09-11,231.72,232.87,231.09,232.25,4636961.0,0.0022872432245813,228.2621,230.7321,224.5321,230.3921,147104.0,0.0093313782708561
2024-09-12,234.63,236.45,234.42,236.33,9944917.0,0.007245450283425,230.5921,231.9121,228.9801,231.6721,197912.0,0.0046835949713802
2024-09-13,238.13,238.98,237.7575,238.68,7455050.0,0.0023096627892328,232.2821,234.2761,232.2821,233.7121,194917.0,0.0061563073521376
2024-09-16,238.73,239.278,238.05,238.66,4713538.0,-0.0002932182800653,233.9921,235.0171,233.1821,234.6421,113404.0,0.002777871560621
2024-09-17,238.08,238.6,236.61,237.34,5256931.0,-0.0031081989247312,235.3721,236.2401,234.1171,234.8621,128811.0,-0.0021667818743172
2024-09-18,238.19,240.2896,235.3,235.51,11081108.0,-0.0112515218942861,234.9021,237.8221,233.9489,234.3221,176521.0,-0.0024691137286554
2024-09-19,238.24,239.515,237.39,239.17,6107585.0,0.0039036265950301,239.1821,239.1821,237.1421,238.4621,141523.0,-0.0030102587108316
2024-09-20,241.11,242.625,240.47,242.21,7737397.0,0.004562233005682,238.2121,238.7121,236.5082,238.6921,109928.0,0.0020150109923048
2024-09-23,242.97,243.46,242.585,242.68,5426107.0,-0.0011935629913157,239.5221,240.1421,239.0621,239.9921,96598.0,0.0019622406450177
2024-09-24,243.39,246.19,243.15,246.07,8386201.0,0.0110111343933604,240.6421,240.6821,239.5121,240.6321,114144.0,-4.155548842031758e-05
2024-09-25,246.19,246.47,244.79,245.73,7393250.0,-0.001868475567651,240.8721,241.3121,239.1521,239.4721,123748.0,-0.0058122132036046
2024-09-26,246.44,247.37,245.19,246.98,7041024.0,0.00219120272683,241.6933,242.1933,239.5395,240.5833,135142.0,-0.0045925973123788
2024-09-27,246.31,246.75,244.19,245.02,8329444.0,-0.0052373025861718,241.5133,242.1733,240.5433,241.0533,119791.0,-0.0019046570106076
2024-09-30,243.97,244.08,242.5,243.06,6919317.0,-0.0037299667991966,240.6533,241.7133,239.2633,241.6533,118517.0,0.0041553554428715
2024-10-01,245.2,246.98,245.06,245.61,10605475.0,0.0016721044045678,241.6533,241.6533,238.3075,239.6633,172255.0,-0.0082349382358941
2024-10-02,245.61,246.07,243.99,245.66,6798743.0,0.000203574773014,239.4233,240.8833,238.4683,240.5933,113569.0,0.0048867424348423
2024-10-03,244.72,245.91,243.69,245.49,5674088.0,0.0031464530892448,239.9133,241.0433,239.1433,240.2733,120769.0,0.0015005420708231
2024-10-04,245.0,246.69,244.045,245.0,5951544.0,0.0,242.4333,242.5233,240.4882,242.5233,124154.0,0.0003712361296901
2024-10-07,244.58,244.82,243.81,244.17,3848640.0,-0.001676343118816,241.6233,242.1433,239.9733,240.8933,105746.0,-0.0030212318100116
2024-10-08,243.79,244.04,240.63,242.37,7669807.0,-0.0058246851798678,241.2133,242.8933,241.1133,242.6833,106691.0,0.0060941913236127
2024-10-09,241.16,241.84,240.64,241.05,4120250.0,-0.0004561287112289,242.5533,244.8883,242.4721,244.7533,96121.0,0.0090701713808881
2024-10-10,241.77,243.02,241.5101,242.82,4792355.0,0.0043429705918847,243.7033,245.1667,243.0933,244.3433,84920.0,0.0026261441679287
2024-10-11,244.5,245.92,244.47,245.47,5789546.0,0.0039672801635991,244.4933,247.9533,244.4833,247.9133,248285.0,0.0139881133757039
2024-10-14,245.16,245.86,244.26,245.07,3922854.0,-0.000367107195301,248.4333,249.9797,247.8833,249.8033,91590.0,0.0055145586360604
2024-10-15,244.99,246.55,244.53,245.92,5640781.0,0.0037960733091145,249.9133,250.4057,247.8133,248.1233,201790.0,-0.0071624839494336
2024-10-16,247.62,248.09,246.36,247.15,5431926.0,-0.0018980696228091,249.0333,249.5433,247.9133,249.3933,123894.0,0.0014455898066644
2024-10-17,247.75,249.06,247.62,248.63,5176128.0,0.0035519677093844,250.7033,250.7033,248.3933,248.6033,88512.0,-0.0083764354118993
2024-10-18,250.0,251.37,249.9,251.27,7833552.0,0.00508,249.1933,249.9133,247.9297,249.7933,65912.0,0.0024077693902684
2024-10-21,252.74,253.14,250.73,251.22,9258538.0,-0.0060140856215874,249.2033,249.8033,247.1742,248.3833,119807.0,-0.003290486121171
2024-10-22,253.06,253.94,252.52,253.93,5756097.0,0.0034379198609025,247.1033,247.5433,246.2657,246.8633,91096.0,-0.0009712537226333
2024-10-23,253.08,253.18,250.2,250.87,8080869.0,-0.0087324166271535,245.8933,247.0333,243.6233,245.0333,199650.0,-0.0034974519435869
2024-10-24,253.27,253.32,251.4,252.8,5962187.0,-0.0018557270896671,246.4533,247.2533,245.4529,246.1233,106174.0,-0.0013389960694379
2024-10-25,252.0,253.5499,251.77,253.32,4424445.0,0.0052380952380952,247.6633,248.3648,245.7483,246.0033,115549.0,-0.0067026483132543
2024-10-28,253.01,253.63,252.95,253.33,4028940.0,0.0012647721433936,247.3133,247.9733,246.6643,246.8333,92408.0,-0.0019408580128929
2024-10-29,254.49,256.29,254.23,256.09,8875133.0,0.0062870839718651,246.9533,248.2333,246.1833,247.7433,153641.0,0.0031989853952143
2024-10-30,256.76,257.71,255.9101,257.5,6386134.0,0.0028820688580776,246.5833,248.5432,246.4673,246.5233,83077.0,-0.0002433254806793
2024-10-31,255.52,255.6,252.2,253.51,9930742.0,-0.0078663118346901,245.5733,245.5733,242.0033,242.0033,190307.0,-0.0145374110296192
2024-11-01,254.33,254.86,252.435,252.47,6472975.0,-0.0073133330712067,244.0833,245.4472,242.9433,243.2833,201841.0,-0.0032775695838265
2024-11-04,253.32,253.58,252.27,252.83,4581235.0,-0.0019343123322279,242.4333,244.1733,242.2833,243.1133,186735.0,0.002804895202103
2024-11-05,253.78,253.9893,252.41,253.4,6029884.0,-0.0014973599180392,244.1533,247.8433,244.1533,247.8133,195661.0,0.014990581736966
2024-11-06,245.635,247.35,244.9506,245.7,14600122.0,0.0002646202699126,255.1533,255.4933,251.6333,255.3433,289249.0,0.0007446503729326
2024-11-07,248.29,250.24,248.12,249.65,8821438.0,0.0054774658665271,257.2833,258.3733,256.1833,257.7833,250308.0,0.001943383033411
2024-11-08,249.07,249.35,247.78,247.96,6267466.0,-0.0044565784719154,257.5933,260.6533,257.2633,260.5433,194622.0,0.011452161216926
2024-11-11,242.73,242.73,241.06,242.14,11653839.0,-0.0024306842994273,261.7533,263.4532,260.9833,262.8033,177166.0,0.0040114107443915
2024-11-12,241.29,241.66,239.39,240.05,10145510.0,-0.005139044303535,261.9333,262.5433,260.1033,261.5833,155958.0,-0.0013362180371871
2024-11-13,241.31,241.47,237.59,237.63,8431654.0,-0.0152500932410592,262.2533,263.6121,260.6061,260.8633,165177.0,-0.0053002192918069
2024-11-14,236.57,237.9886,236.1326,237.01,8262359.0,0.0018599146130109,261.3633,261.3633,257.6196,257.7933,343053.0,-0.0136591480135122
2024-11-15,237.57,237.88,236.33,236.59,7299230.0,-0.0041250999705349,257.0033,257.1633,254.7333,255.5433,232368.0,-0.0056808609072336
2024-11-18,240.46,241.495,240.45,241.09,6512777.0,0.0026199783747816,256.0333,257.7332,254.4783,257.0233,136976.0,0.0038666845289265
2024-11-19,242.75,243.31,242.03,243.25,6579091.0,0.0020597322348094,255.1733,259.3033,254.3833,259.3033,174815.0,0.0161850789247933
2024-11-20,243.74,245.21,243.51,244.62,6630563.0,0.0036104045294165,259.8833,260.3079,257.0833,260.0633,159371.0,0.0006926185714896
2024-11-21,246.23,246.81,245.69,246.66,7646273.0,0.0017463347276936,262.4633,264.5195,260.5333,263.3533,155894.0,0.0033909502776197
2024-11-22,248.2,250.39,247.86,249.84,7502453.0,0.006607574536664,264.5433,267.2523,264.5433,266.8533,183302.0,0.0087320298794186
2024-11-25,244.27,244.3999,241.48,242.48,10733028.0,-0.0073279567691489,269.8133,270.2783,268.1332,268.5633,159388.0,-0.0046328331479582
2024-11-26,242.71,243.09,241.58,242.95,4945834.0,0.0009888344114374,268.1233,269.0133,267.7833,268.5833,160414.0,0.001715628593263
2024-11-27,244.85,245.1835,243.2,243.49,6930493.0,-0.0055544210741269,269.4133,270.03,267.0833,268.3533,109675.0,-0.0039344753952384
2024-11-29,245.25,245.81,244.73,245.59,2644396.0,0.0013863404689092,269.0033,269.9703,268.4733,269.1533,69714.0,0.0005576139772262
2024-12-02,244.46,244.5805,243.14,243.44,4764759.0,-0.0041724617524339,269.6733,269.8833,268.9033,268.9433,251677.0,-0.0027069791484732
2024-12-03,244.96,245.18,243.3,243.93,3557442.0,-0.0042047681254082,268.4633,269.8001,268.2433,269.4733,206112.0,0.0037621529646696
2024-12-04,244.93,245.34,244.365,244.67,4608366.0,-0.0010615277834484,271.0533,272.7533,270.6433,272.6633,155604.0,0.0059397911776023
2024-12-05,244.16,244.38,242.15,242.86,4806205.0,-0.0053243774574049,272.6633,273.3133,270.8633,271.0633,235206.0,-0.0058680431139796
2024-12-06,242.79,243.86,242.435,242.95,3540399.0,0.0006590057251122,272.7233,273.619,272.7233,273.0733,147398.0,0.0012833520274946
2024-12-09,246.28,247.11,245.2595,245.36,4711475.0,-0.0037355855124248,274.0933,274.0933,268.6033,269.0733,190285.0,-0.0183149314485249
2024-12-10,247.86,248.86,247.83,248.59,4641790.0,0.0029452110062131,269.0733,269.0733,265.5833,266.0133,150449.0,-0.01137236582002
2024-12-11,249.35,251.26,248.97,250.96,11033652.0,0.0064567876478845,268.2033,269.0833,267.4596,268.4033,156961.0,0.0007457029797917
2024-12-12,247.81,248.24,246.87,247.28,10149559.0,-0.0021387353214156,268.3633,268.8233,266.9233,267.1733,116082.0,-0.0044342874006989
2024-12-13,245.67,245.94,244.27,244.29,6602577.0,-0.0056172914885822,267.2633,267.6971,265.2433,266.1933,121302.0,-0.0040035425739336
2024-12-16,245.41,245.54,244.29,244.88,3309935.0,-0.0021596511959577,266.5933,267.9002,266.1033,266.6033,135631.0,3.751032002676326e-05
2024-12-17,243.8,244.55,243.23,243.94,4421339.0,0.000574241181296,265.3733,265.5583,263.8683,263.9933,148156.0,-0.0052002217253958
2024-12-18,243.57,243.7095,238.82,239.26,8015726.0,-0.0176951184464425,264.3733,264.6232,253.6133,253.8833,232327.0,-0.0396787421422661
2024-12-19,239.67,240.05,238.73,239.6,8113349.0,-0.0002920682605248,256.3533,257.7055,253.2433,253.4033,230129.0,-0.0115075561734527
2024-12-20,241.41,242.955,241.17,242.1,9527383.0,0.0028582080278364,252.2233,259.3233,251.2233,258.1633,205908.0,0.0235505601583993
2024-12-23,241.6,241.67,240.65,240.96,5835356.0,-0.0026490066225165,257.2583,257.7183,254.7683,257.2683,169081.0,3.887143777281784e-05
2024-12-24,241.49,241.66,240.82,241.44,2321944.0,-0.0002070479108866,257.9483,259.9683,257.2283,259.9683,83138.0,0.0078310266049436
2024-12-26,242.39,243.56,242.195,243.07,4651778.0,0.002805396262222,258.9883,260.1233,258.1983,259.5283,159952.0,0.0020850362738394
2024-12-27,241.2,241.95,241.05,241.4,4728368.0,0.0008291873963516,258.0683,258.4014,254.8783,256.4283,158210.0,-0.0063549068211789
2024-12-30,241.08,241.08,239.58,240.63,3522520.0,-0.0018666002986561,253.9083,255.0043,251.1583,253.7783,203416.0,-0.0005119958662241
2024-12-31,241.05,242.52,241.05,242.13,2522038.0,0.0044803982576228,255.0383,255.0383,251.8984,252.4383,196288.0,-0.0101945472503541
2025-01-02,244.22,245.53,244.08,245.42,6241770.0,0.0049136024895585,254.7983,255.5683,251.5983,253.4783,279427.0,-0.0051805683161937
2025-01-03,244.56,244.82,243.36,243.49,4875144.0,-0.0043752044488059,255.0283,258.3483,254.5883,258.0883,131171.0,0.0119986683830774
2025-01-06,242.33,243.79,242.05,243.19,3758802.0,0.0035488796269549,259.7183,260.7983,258.9983,259.1983,186596.0,-0.0020021692734011
2025-01-07,245.52,245.77,243.81,244.56,5090332.0,-0.0039100684261974,260.0383,260.4183,255.2884,256.5283,309876.0,-0.0134980116390546
2025-01-08,245.72,246.45,244.51,245.86,6303334.0,0.000569754191763,255.7483,257.5183,254.2683,257.0583,179885.0,0.0051222236863352
2025-01-10,248.01,249.04,247.55,248.21,12379913.0,0.0008064190960042,255.3683,256.5023,253.9144,254.8283,304858.0,-0.0021145929232406
2025-01-13,246.34,246.79,245.151,245.74,8448484.0,-0.002435658033612,252.4483,254.8483,251.4983,254.8483,190658.0,0.0095068970557536
2025-01-14,245.62,247.04,245.52,247.03,4914758.0,0.0057405748717531,256.3883,258.0373,255.2322,257.0083,254520.0,0.0024182070710715
2025-01-15,248.21,248.9,247.0102,248.88,6344961.0,0.0026993271826275,261.8583,262.287,259.6583,260.3783,156553.0,-0.0056519117400516
2025-01-16,250.56,251.39,250.27,250.6,9235997.0,0.0001596424010216,261.1983,263.8083,260.4683,263.3383,148475.0,0.0081930089131513
2025-01-17,249.7,250.81,249.15,249.27,8312790.0,-0.0017220664797756,265.4783,265.9382,264.3483,264.9183,215418.0,-0.0021094002786668
2025-01-21,251.95,253.3598,251.83,253.13,7668119.0,0.0046834689422504,267.7083,269.7083,266.6278,269.3183,205466.0,0.0060140085309271
2025-01-22,254.29,254.68,253.7801,254.43,5213777.0,0.0005505525187778,270.6483,271.2944,269.4883,270.2083,187501.0,-0.0016257260806736
2025-01-23,253.19,254.54,252.82,254.07,6511474.0,0.0034756506971049,270.2783,271.8783,269.2355,271.7383,259831.0,0.005401839511348
2025-01-24,255.96,257.07,255.61,255.65,7341236.0,-0.0012111267385529,272.0483,272.8782,270.9684,271.2583,149831.0,-0.0029038961096245
2025-01-27,253.86,254.26,251.92,252.99,5799688.0,-0.0034270857953202,265.0683,267.2783,263.4083,265.3683,243720.0,0.0011317837704469
2025-01-28,254.225,255.25,253.891,255.18,5331990.0,0.0037565148982201,266.3483,268.8283,264.3983,268.0783,160533.0,0.0064952545219925
2025-01-29,254.55,254.82,253.3,254.2,5671505.0,-0.0013749754468671,267.6283,268.6183,266.1883,267.4783,180816.0,-0.0005604788432315
2025-01-30,257.2,258.29,256.45,258.05,12981164.0,0.0033048211508554,269.5983,272.5055,269.5684,271.5883,173634.0,0.0073813521821169
2025-01-31,259.08,259.99,257.86,258.56,8965427.0,-0.0020071020534197,272.5383,273.0836,269.0313,269.1483,173711.0,-0.0124386187189102
2025-02-03,259.75,261.3897,259.5236,259.94,11521093.0,0.0007314725697786,264.3083,270.2182,263.917,268.9883,379922.0,0.017706594912078
2025-02-04,261.83,262.54,261.35,262.5,9850247.0,0.0025589122713211,269.4183,271.1644,268.9983,270.4183,260296.0,0.0037117003559149
2025-02-05,264.45,265.99,263.89,264.13,12681052.0,-0.001210058612214,270.7383,272.5168,269.3284,272.4783,276337.0,0.0064268705240448
2025-02-06,263.66,263.72,261.49,263.43,8731413.0,-0.0008723355837063,272.6683,273.1783,270.5583,272.7983,300724.0,0.0004767697601811
2025-02-07,265.22,266.345,263.26,263.9,9154013.0,-0.0049770002262274,274.6683,276.0383,272.9523,273.1883,284497.0,-0.0053883174723838
2025-02-10,268.0,268.66,267.24,268.37,13250301.0,0.0013805970149253,275.1883,275.6883,273.7783,275.6683,174323.0,0.0017442602029227
2025-02-11,267.7,268.36,266.711,267.39,7169450.0,-0.0011580127007844,273.8083,273.8867,271.8783,272.9083,150401.0,-0.0032869712130712
2025-02-12,267.15,268.43,266.3451,267.67,9328456.0,0.0019464720194648,269.7383,272.5889,269.4883,272.4383,291591.0,0.0100097019963425
2025-02-13,268.4,270.39,268.22,270.31,8347527.0,0.0071162444113264,271.7483,272.6783,270.12,272.4283,253865.0,0.0025023155618637
2025-02-14,270.07,270.21,265.45,266.29,11546228.0,-0.0139963713111414,273.1183,273.1183,271.0236,271.4583,188838.0,-0.0060779523012554
2025-02-18,269.68,271.0099,269.6,270.7,8185829.0,0.0037822604568376,272.5583,273.0083,271.4983,273.0083,205069.0,0.0016510229187665
2025-02-19,270.68,271.33,269.24,270.85,9342405.0,0.0006280478794148,273.0083,273.0382,271.1883,271.7283,217104.0,-0.0046885021444404
2025-02-20,270.23,271.84,270.17,270.99,7356378.0,0.0028124190504384,270.5083,270.5083,265.7283,267.8083,170638.0,-0.0099812094490263
2025-02-21,270.795,271.51,269.51,270.74,8917376.0,-0.000203105670341,268.5183,268.5183,259.7994,260.5983,293051.0,-0.0294951964167805
2025-02-24,271.45,272.32,270.375,272.21,5374346.0,0.0027997789648185,261.1283,261.1283,256.5883,258.6483,240398.0,-0.0094972471386671
2025-02-25,271.46,271.6796,266.45,268.62,10079710.0,-0.0104619465114564,258.0383,258.7283,253.9983,256.7983,285065.0,-0.0048054881775302
2025-02-26,267.08,269.08,266.6612,269.03,7275850.0,0.0073011831660925,258.7383,261.5783,258.0728,258.5983,174920.0,-0.000541087268487
2025-02-27,266.49,266.67,264.4475,264.93,9374623.0,-0.0058538781943037,260.2983,260.2983,254.4683,254.5983,210828.0,-0.0218979532328869
2025-02-28,262.555,263.4,261.25,263.27,11504316.0,0.0027232389404123,254.7183,258.7183,253.7012,258.7183,659342.0,0.0157036223938366
2025-03-03,265.07,266.88,265.07,266.74,7725609.0,0.006300222582714,260.0483,260.6983,252.0383,253.2883,222606.0,-0.0259951708970987
2025-03-04,269.01,269.4,267.52,269.06,8481319.0,0.0001858666964053,251.0583,255.3083,246.5183,251.0583,484928.0,0.0
2025-03-05,267.97,270.26,267.96,269.62,6990329.0,0.0061574056797401,250.9783,254.8583,249.3503,254.4883,195178.0,0.0139852728303603
2025-03-06,268.25,269.51,268.16,268.25,6136284.0,0.0,250.5683,252.6983,246.5383,247.2083,280634.0,-0.0134095174848533
2025-03-07,269.09,270.34,267.64,268.39,10430994.0,-0.0026013601397301,246.8283,249.2483,242.4383,248.7583,326578.0,0.007819200634611
2025-03-10,267.62,268.44,265.64,266.04,7593511.0,-0.0059038935804498,244.9083,245.5183,238.8883,240.8583,392584.0,-0.0165368017335467
2025-03-11,268.47,269.73,268.4401,269.16,8436204.0,0.0025701195664319,240.9983,243.1783,237.8083,240.1283,423388.0,-0.0036099839708413
2025-03-12,268.47,271.23,268.36,270.33,7235678.0,0.0069281483964687,243.5883,244.4983,239.0984,241.1583,209994.0,-0.0099758485937132
2025-03-13,271.57,275.345,271.55,275.13,13741441.0,0.0131089590160916,240.9883,240.9883,235.2505,236.2383,308349.0,-0.0197105004682799
2025-03-14,276.27,276.3,274.66,275.24,13364834.0,-0.0037282368697287,239.1583,242.5983,238.7736,242.4283,239323.0,0.0136729521827175
2025-03-17,275.54,276.79,275.39,276.73,8583349.0,0.0043187921898816,242.3483,247.8282,242.3483,246.5283,298009.0,0.0172479031212515
2025-03-18,279.9,280.215,278.97,279.96,9596404.0,0.00021436227224,245.4683,245.4683,242.2183,243.4483,210745.0,-0.0082291684914101
2025-03-19,279.85,281.479,279.06,281.11,8821976.0,0.0045024120064319,244.2783,249.4783,244.0283,247.5283,269797.0,0.0133044973704172
2025-03-20,279.49,280.9,279.43,280.75,5863282.0,0.0045082113850226,246.1083,249.0583,245.9083,246.3183,156829.0,0.0008532828839985
2025-03-21,279.46,279.46,276.59,278.49,9359340.0,-0.0034709797466541,244.5883,247.0083,243.0122,246.5983,573795.0,0.0082178910438479
2025-03-24,278.91,279.089,276.86,277.25,7869955.0,-0.0059517407048869,250.0783,253.2653,250.0783,252.9783,196467.0,0.0115963680175368
2025-03-25,278.78,279.96,278.27,278.47,5090025.0,-0.0011119879474852,253.6883,254.1483,251.8083,252.9583,199250.0,-0.0028775469739833
2025-03-26,278.93,279.02,277.78,278.24,3741778.0,-0.0024737389309145,253.0383,253.6782,248.6883,249.5683,150575.0,-0.0137133390478832
2025-03-27,280.55,282.065,279.5868,281.97,8476290.0,0.0050614863660667,248.5099,250.3933,246.6399,248.0399,190716.0,-0.0018912727420517
2025-03-28,283.82,284.64,282.86,284.06,9563573.0,0.0008456063702346,246.9199,247.1999,242.2599,243.2499,189505.0,-0.0148631195784544
2025-03-31,287.53,288.39,285.85,288.14,13925086.0,0.0021215177546691,240.3499,244.7549,238.1193,243.7799,197722.0,0.0142708609406536
2025-04-01,288.54,289.13,285.91,287.57,15923340.0,-0.0033617522700493,243.4599,245.9499,241.4949,245.3699,186535.0,0.0078452344718781
2025-04-02,288.28,289.03,287.36,288.16,11074747.0,-0.0004162619675313,242.1699,249.6099,242.1699,248.0399,399742.0,0.0242391808395674
2025-04-03,282.78,289.09,282.45,286.42,20524361.0,0.0128721974679964,238.2099,240.1699,234.3541,234.4899,300645.0,-0.0156164794158429
2025-04-04,283.64,284.03,278.02,279.72,21516616.0,-0.0138203356367224,228.0799,228.4724,219.3599,219.6999,593956.0,-0.0367415103216021
2025-04-07,278.855,280.14,272.58,273.71,19806990.0,-0.0184504491581647,213.1699,228.1349,208.7799,219.6099,791142.0,0.0302106441856941
2025-04-08,277.8665,278.32,274.24,275.2,12639486.0,-0.0095963349306231,226.8099,227.6989,212.4499,215.4199,510806.0,-0.0502182664866039
2025-04-09,282.22,285.87,281.04,285.38,25342175.0,0.0111969385585712,213.7499,237.3179,212.8399,236.5499,531231.0,0.1066667165692241
2025-04-10,288.805,292.86,287.231,292.35,19837799.0,0.0122747182354876,231.1099,232.0899,221.5599,228.4199,417853.0,-0.0116394840722963
2025-04-11,297.96,299.275,296.81,297.93,21080132.0,-0.0001006846556583,227.8399,232.9199,225.1999,232.1999,286478.0,0.0191362443540398
2025-04-14,295.54,296.58,294.53,296.23,12427461.0,0.0023347093456046,235.9199,236.6799,232.0399,234.7499,449539.0,-0.0049593103421967
2025-04-15,296.93,298.02,296.09,297.78,7924124.0,0.0028626275553159,234.7499,237.3099,234.5299,235.1799,214606.0,0.0018317366695364
2025-04-16,304.65,308.0599,303.8,307.47,20778054.0,0.0092565238798623,233.1399,235.9498,230.1199,232.3499,432265.0,-0.0033885233715894
2025-04-17,306.31,307.13,302.73,306.12,18287800.0,-0.0006202866377199,233.1999,235.4699,232.1127,233.6499,226287.0,0.0019296749269617
2025-04-21,315.015,316.41,313.945,315.59,20372203.0,0.0018253099058774,231.2599,231.6949,224.5599,226.9399,263734.0,-0.0186802813630897
2025-04-22,317.49,317.63,310.36,311.11,35242251.0,-0.0200951211061765,230.2899,234.9059,229.797,233.8499,202913.0,0.0154587760904842
2025-04-23,304.18,304.74,300.59,303.65,25421444.0,-0.0017423893747124,240.8399,244.6156,237.5599,238.7499,482891.0,-0.0086779640748895
2025-04-24,306.98,308.495,304.71,308.07,10844783.0,0.0035507199166068,239.1999,244.831,238.5799,244.2699,199551.0,0.0211956610349753
2025-04-25,301.78,305.37,301.01,304.73,10691590.0,0.0097753330240574,243.8599,245.6675,243.3849,245.2499,190604.0,0.0056999941359772
2025-04-28,304.15,309.11,302.97,309.07,9375454.0,0.0161762288344567,245.4899,247.2726,243.3199,246.0699,177542.0,0.0023626226577956
2025-04-29,305.81,306.95,304.0,306.06,6851827.0,0.0008175010627513,245.4499,248.4387,244.9801,247.7299,186199.0,0.009289064693039
2025-04-30,304.605,306.065,303.44,303.77,8331893.0,-0.002741255068039,243.4299,248.0499,241.6499,248.0399,197431.0,0.0189376900701186
2025-05-01,297.41,297.94,295.32,297.46,14968803.0,0.0001681180861435,250.0099,252.2799,248.6899,249.3499,222605.0,-0.0026398954601397
2025-05-02,300.17,300.85,297.03,297.98,8678203.0,-0.0072958656761168,251.6599,253.8573,251.4199,253.0399,188496.0,0.0054835911482123
2025-05-05,305.92,307.65,304.675,306.88,8923893.0,0.0031380753138074,251.1399,254.5299,251.1399,253.2499,287979.0,0.0084016916467673
2025-05-06,313.12,315.62,311.4,315.48,11445105.0,0.0075370464997445,250.2599,252.9999,249.7549,251.3499,234057.0,0.0043554720512555
2025-05-07,312.1,313.26,310.08,310.75,7909974.0,-0.0043255366869593,251.7399,253.8699,251.0099,252.7399,152230.0,0.0039723540050663
2025-05-08,309.76,310.48,303.05,304.63,11927534.0,-0.0165612086776859,255.1999,258.0199,254.2699,255.5699,160469.0,0.0014498438283086
2025-05-09,307.79,308.57,306.0101,306.84,6913129.0,-0.0030865200298906,256.2899,257.0699,254.3999,255.3599,148554.0,-0.0036287032770311
2025-05-12,298.33,299.47,296.82,298.19,14375756.0,-0.0004692789863573,263.2099,263.9199,260.7949,263.9199,236223.0,0.0026974669265858
2025-05-13,299.02,300.3,297.24,299.46,10233603.0,0.0014714734800347,264.2899,268.2898,264.2899,267.1799,297279.0,0.0109349619489809
2025-05-14,293.67,294.8,291.96,293.16,14800397.0,-0.001736643170906,267.2299,268.0498,266.1499,266.9599,297931.0,-0.0010103659807528
2025-05-15,294.1,297.9,293.75,297.84,13497676.0,0.0127167630057801,266.1299,267.9199,265.1499,267.9199,188715.0,0.006726038675098
2025-05-16,292.62,294.575,291.78,294.24,14172852.0,0.0055361902809104,268.4499,270.7989,267.7099,270.7899,236299.0,0.0087167102688433
2025-05-19,297.845,298.58,296.482,298.03,11656245.0,0.0006211284392887,267.0899,271.4699,267.0899,271.1099,191333.0,0.0150511120038608
2025-05-20,298.35,303.6825,298.3,303.58,12850843.0,0.0175297469415115,269.8299,270.7799,268.5399,269.6999,150078.0,-0.0004817850060352
2025-05-21,304.55,306.46,303.67,305.82,12414518.0,0.0041700870136266,267.4499,268.3499,263.5593,263.8799,315959.0,-0.0133482943908372
2025-05-22,305.09,305.28,302.1,303.11,9704143.0,-0.0064898882297025,263.8599,266.1899,263.2149,264.8499,163790.0,0.0037519911134659
2025-05-23,308.86,310.25,307.47,309.75,13339334.0,0.0028815644628633,261.2699,264.3624,260.7,263.5299,207330.0,0.0086500588089174
2025-05-27,303.81,304.875,302.74,304.5,9578388.0,0.002271156314802,266.8399,268.5699,265.5909,268.0699,149947.0,0.0046095055499571
2025-05-28,304.64,304.99,303.06,303.81,8803289.0,-0.0027245273109243,268.2399,268.6798,266.1499,266.6599,220419.0,-0.0058902497354047
2025-05-29,305.74,306.89,304.46,305.61,9502399.0,-0.000425197880552,268.7299,268.8299,265.051,266.7299,184411.0,-0.0074424170886827
2025-05-30,303.64,304.02,301.5,303.6,9553064.0,-0.0001317349492819,266.0099,268.0399,264.0499,267.3999,294946.0,0.0052253694317391
2025-06-02,309.21,311.72,308.72,311.67,13593204.0,0.0079557582225673,267.0499,269.2099,264.1799,269.2099,195493.0,0.0080883759926516
2025-06-03,309.56,309.56,307.15,308.91,9315077.0,-0.0020997544902441,270.2999,272.1884,269.2107,272.1099,166446.0,0.0066962658883706
2025-06-04,309.41,311.88,308.74,310.9,7462308.0,0.0048156168191071,272.2599,273.0598,271.2799,271.8199,145529.0,-0.0016161028487852
2025-06-05,311.24,312.2,307.6501,309.33,10855614.0,-0.0061367433491839,272.5699,273.7699,270.7334,271.7699,371480.0,-0.0029350269417129
2025-06-06,309.09,309.2,305.1,305.18,7787507.0,-0.0126500372059916,274.0399,274.399,272.5599,273.7099,135315.0,-0.0012042042052999
2025-06-09,305.39,307.61,305.06,306.62,7159007.0,0.0040276367922984,274.4799,274.4799,271.7706,272.7899,136160.0,-0.0061570992994386
2025-06-10,308.31,308.6,305.87,306.71,7071608.0,-0.0051895819143071,273.5199,273.6399,271.0799,272.8799,125393.0,-0.0023398663132005
2025-06-11,307.5,308.615,305.85,308.37,9248764.0,0.0028292682926829,272.9699,273.6699,271.1599,271.7899,141870.0,-0.0043228209410634
2025-06-12,311.74,313.1,311.15,312.2,11531407.0,0.0014755886315518,270.6999,273.1379,270.6999,272.5199,114702.0,0.0067233124208763
2025-06-13,317.26,317.6,315.0375,316.29,16592921.0,-0.0030574292378489,269.2199,271.6799,268.5399,269.3999,163354.0,0.0006685984208448
2025-06-16,314.8,314.87,311.65,311.78,12848387.0,-0.0095933926302415,271.3099,273.2998,271.3099,272.4899,154305.0,0.004349269967664
2025-06-17,312.66,313.0,310.12,311.94,8234092.0,-0.0023028209556707,270.8699,271.8849,269.3999,270.1799,129362.0,-0.0025473483764715
2025-06-18,312.89,312.98,309.86,310.26,9370760.0,-0.0084055099236153,270.3099,272.7699,270.0149,271.2099,284777.0,0.0033295117936856
2025-06-20,309.33,310.89,309.25,310.13,8794612.0,0.0025862347654608,272.7299,273.4999,270.8499,271.4699,175834.0,-0.0046199554944287
2025-06-23,310.34,312.67,310.31,311.08,12687717.0,0.0023844815363794,271.2299,274.1199,269.7199,274.1199,263171.0,0.0106551674428224
2025-06-24,305.07,306.34,303.54,306.19,12035177.0,0.0036712885567247,275.7599,278.9799,275.1749,278.3299,270848.0,0.0093197016680089
2025-06-25,305.31,307.36,305.12,307.12,6733121.0,0.0059284006419704,279.1599,279.2592,276.5299,276.9199,191441.0,-0.0080240750910141
2025-06-26,305.77,307.28,304.855,306.78,6787447.0,0.003303136344311,278.0799,279.3499,277.0099,279.0799,158545.0,0.0035960887500319
2025-06-27,300.03,302.36,299.89,301.22,13301009.0,0.0039662700396628,280.1799,282.4999,279.1699,281.4799,176007.0,0.0046398760225127
2025-06-30,302.385,304.92,301.95,304.83,8191951.0,0.0080857185376258,282.1663,284.1763,281.5913,283.9563,257232.0,0.0063437767018953
2025-07-01,308.555,309.0,307.36,307.55,9335630.0,-0.0032571178558117,283.1063,284.1863,281.3263,282.5663,193505.0,-0.0019074107499549
2025-07-02,308.035,309.395,306.96,309.25,8316232.0,0.0039443569724218,282.3763,283.4683,281.5463,283.3363,269820.0,0.0033997187441013
2025-07-03,307.05,307.57,306.15,307.14,5046097.0,0.0002931118710306,284.5463,286.7163,284.3163,286.2563,127258.0,0.0060095668086354
2025-07-07,305.07,307.705,304.53,307.37,7351599.0,0.007539253286131,285.2663,286.6263,283.9763,285.8863,171449.0,0.0021734077947517
2025-07-08,306.3,306.445,302.77,304.16,11840484.0,-0.006986614430297,286.2363,286.3463,283.2163,284.1063,190663.0,-0.0074414041824885
2025-07-09,303.58,305.54,303.23,305.52,10643848.0,0.0063904078002503,285.3863,286.4063,284.0563,286.4063,195983.0,0.0035741028914141
2025-07-10,306.11,306.51,304.82,306.2,7059476.0,0.0002940119564861,286.2363,286.2363,283.9141,285.0963,223973.0,-0.0039827233652756
2025-07-11,308.855,310.28,308.5153,309.14,9187211.0,0.0009227631089021,283.7263,284.5663,282.8463,282.8463,143441.0,-0.0031015806430351
2025-07-14,309.07,309.38,307.73,308.01,5772822.0,-0.0034296437700197,283.1663,285.9862,282.8464,285.3663,183881.0,0.0077692861050204
2025-07-15,307.73,308.74,305.79,306.73,8149008.0,-0.0032496019237643,286.2163,286.2163,282.6263,282.6963,224102.0,-0.0122983911118967
2025-07-16,307.11,311.09,305.73,308.26,17693098.0,0.0037445866301975,283.9863,284.2363,279.9864,283.8163,213783.0,-0.0005986204264079
2025-07-17,305.5,307.665,305.12,307.59,6642139.0,0.0068412438625203,284.2063,287.0063,284.2063,286.1863,292784.0,0.0069667702651208
2025-07-18,309.24,309.37,308.32,308.39,5574209.0,-0.0027486741689303,288.4663,289.2462,287.3695,288.5263,193022.0,0.00020799656667
2025-07-21,311.88,313.31,311.61,313.13,10995037.0,0.0040079517763242,289.5563,289.6763,286.8963,286.9063,191573.0,-0.0091519334927267
2025-07-22,314.48,316.24,313.62,316.1,13691814.0,0.0051513609768506,286.7663,287.7263,285.0463,287.0963,163697.0,0.001150762833708
2025-07-23,314.0,314.96,311.42,312.18,10547495.0,-0.005796178343949,289.1363,289.6263,288.0738,289.6263,502543.0,0.0016947024638553
2025-07-24,309.29,310.99,309.06,310.27,7698588.0,0.0031685473180508,290.2663,291.1463,289.6163,290.0263,143094.0,-0.0008268269516647
2025-07-25,307.82,308.31,306.2,307.4,9376364.0,-0.0013644337599896,291.2463,292.9363,290.5713,292.5063,141190.0,0.0043262352174087
2025-07-28,306.44,306.58,304.05,305.41,9275440.0,-0.0033611800026105,293.2463,293.2463,291.7563,292.5963,132206.0,-0.0022165667563411
2025-07-29,305.8,307.03,304.985,306.25,5741105.0,0.001471550032701,292.8363,293.0363,290.0463,291.7463,242768.0,-0.0037222161323578
2025-07-30,304.42,304.65,300.955,300.96,13459529.0,-0.0113658760922411,291.8663,293.6763,290.5063,291.7563,137962.0,-0.000376884895584
2025-07-31,304.59,304.61,302.86,302.96,8980940.0,-0.0053514560556813,293.3463,295.0663,290.3863,290.7463,184392.0,-0.0088632445679388
2025-08-01,308.61,309.55,307.45,309.11,12843081.0,0.0016201678493891,286.4463,287.1163,281.7963,285.3563,261888.0,-0.0038052507572973
2025-08-04,310.8,311.74,310.37,310.91,7638773.0,0.0003539253539253,288.0163,291.4863,287.9563,291.4863,155052.0,0.0120479292317831
2025-08-05,310.37,312.24,310.22,311.16,6997643.0,0.0025453490994619,291.0163,291.0163,286.5263,287.8963,115257.0,-0.010721048958426
2025-08-06,310.32,311.24,309.84,310.5,7418153.0,0.0005800464037123,287.3963,288.6945,285.9213,288.5463,133685.0,0.0040014433032018
2025-08-07,311.72,313.135,310.7,313.12,10891445.0,0.0044912100603104,290.5763,290.5763,285.1363,287.4763,149063.0,-0.0106684543784197
2025-08-08,312.35,313.53,311.0,313.05,19886725.0,0.0022410757163438,287.0963,287.3263,284.0363,284.0363,174622.0,-0.0106584445706893
2025-08-11,308.62,309.66,307.63,308.55,10326654.0,-0.0002268161493098,284.3863,285.6006,283.0563,283.6863,193943.0,-0.0024614406530834
2025-08-12,308.22,309.305,306.71,308.27,9701684.0,0.0001622217896306,284.9163,286.6063,283.9763,286.5863,165661.0,0.0058613705147793
2025-08-13,309.1,310.39,308.45,309.21,4718434.0,0.0003558718861208,287.8263,287.8263,284.4563,287.3563,453465.0,-0.0016329293049315
2025-08-14,307.925,308.34,306.52,307.25,5817658.0,-0.0021920922302509,286.0063,286.0402,284.2063,284.9463,169377.0,-0.0037062120659579
2025-08-15,307.34,308.0,306.87,307.43,5989959.0,0.0002928352964144,285.1463,285.2462,283.9963,284.4363,127367.0,-0.0024899498958954
2025-08-18,307.79,307.89,306.625,306.95,6150137.0,-0.0027291335001138,284.6463,286.6547,284.1863,286.5163,139659.0,0.0065695566743709
2025-08-19,306.76,307.4788,305.19,305.27,5029913.0,-0.0048572173686269,286.1763,287.1226,284.0964,284.9463,127193.0,-0.0042980498385087
2025-08-20,307.54,308.47,307.4,308.36,6515400.0,0.0026663198283149,284.4163,284.5962,281.2463,284.0063,131429.0,-0.0014415488845047
2025-08-21,307.86,308.15,307.0314,307.29,4808927.0,-0.001851490937439,283.2163,283.9863,282.0063,283.0763,109804.0,-0.0004943218310527
2025-08-22,306.52,311.025,306.43,310.58,8526489.0,0.0132454652224977,284.3763,289.2763,284.1363,287.6663,101696.0,0.0115691778815603
2025-08-25,309.67,310.84,309.67,309.83,4044380.0,0.0005166790454353,287.6563,287.9963,285.8243,285.8663,112838.0,-0.0062227039699807
2025-08-26,310.62,312.21,310.305,312.08,11698445.0,0.0047002768656235,285.8363,287.5443,285.8363,287.3263,135780.0,0.0052127738849124
2025-08-27,311.39,312.91,310.77,312.71,4319945.0,0.004239057130929,288.0463,289.2068,287.8763,288.4963,129621.0,0.0015622488468001
2025-08-28,313.32,315.08,313.07,315.03,9610178.0,0.0054576790501722,289.4763,291.2163,289.4263,290.6663,160001.0,0.0041108719435753
2025-08-29,314.72,318.09,314.64,318.07,15642558.0,0.0106443823080832,290.5963,290.6881,287.6463,288.7063,145688.0,-0.006503868080908
2025-09-02,320.82,325.92,320.24,325.59,21247269.0,0.0148681503646904,284.7063,286.7363,283.5663,286.7363,193520.0,0.0071301548297316
2025-09-03,327.76,329.45,326.7301,328.14,16062213.0,0.001159384915792,286.7163,286.9024,284.7463,286.3263,512135.0,-0.0013602296067575
2025-09-04,327.03,327.56,325.35,326.69,11703127.0,-0.0010396599700332,286.7863,288.7063,285.6863,288.6563,948154.0,0.0065205346280488
2025-09-05,329.53,331.44,328.93,331.05,16065150.0,0.00461263010955,289.3063,289.8563,284.3163,287.1463,209248.0,-0.0074661353727866
2025-09-08,333.66,335.67,333.23,334.82,18617307.0,0.0034765929389197,288.3363,289.6463,287.4963,289.4963,157691.0,0.0040230799937435
2025-09-09,337.03,338.31,333.85,334.06,21641744.0,-0.0088122719045781,289.3863,290.7263,288.0963,290.3263,146750.0,0.0032482532863511
2025-09-10,335.73,336.5,326.19,335.26,11945662.0,-0.0013999344711524,291.6163,292.7363,288.9963,290.0063,134020.0,-0.0055209533897796
2025-09-11,333.37,335.1619,332.97,334.76,9082647.0,0.0041695413504514,290.9563,294.1526,290.9563,293.4763,132740.0,0.0086610944667635
2025-09-12,335.88,336.39,335.23,335.42,9619554.0,-0.0013695367393115,292.9263,293.6663,290.9863,291.0263,121195.0,-0.0064862731683704
2025-09-15,336.31,339.28,336.23,338.91,10569700.0,0.0077309625048319,291.8663,293.3245,291.4863,291.4863,150250.0,-0.0013019660029266
2025-09-16,340.09,340.88,338.62,339.59,12161337.0,-0.0014701990649533,291.8763,291.8763,289.5763,290.3463,137266.0,-0.0052419466739849
2025-09-17,338.53,341.24,335.52,336.97,16535306.0,-0.0046081588042417,290.7263,292.3963,287.2395,290.0763,233994.0,-0.0022357798382876
2025-09-18,336.22,336.32,333.81,335.62,14913228.0,-0.0017845458330855,291.3763,293.4962,290.7163,292.4963,119337.0,0.0038438266942095
2025-09-19,336.51,339.23,336.3119,339.18,14982356.0,0.0079343853080146,293.0563,293.3363,290.7784,292.4563,131278.0,-0.0020473881639808
2025-09-22,342.75,345.07,341.84,345.05,12386055.0,0.0067104303428154,291.2363,294.1163,290.4563,293.7563,144976.0,0.0086527675293223
2025-09-23,348.23,348.75,345.32,346.46,18383982.0,-0.0050828475432904,293.6663,293.9063,291.5963,291.6863,137334.0,-0.0067423466703532
2025-09-24,346.7,346.8299,342.14,343.32,12709061.0,-0.0097490625901355,292.3863,293.1763,289.9363,289.9763,105552.0,-0.008242520254882
2025-09-25,344.39,345.83,342.47,344.75,12639493.0,0.001045326519353,287.9063,288.6013,285.8063,288.3263,152551.0,0.0014588079524484
2025-09-26,345.83,348.25,345.314,346.74,11698173.0,0.0026313506636209,289.0163,290.8763,288.5713,290.8763,162432.0,0.0064356231811147
2025-09-29,351.79,352.8305,351.28,352.46,15719581.0,0.001904545325336,292.97,293.82,291.6665,293.28,209445.0,0.0010581288186501
2025-09-30,351.13,355.57,350.865,355.47,13312195.0,0.0123600945518754,292.84,293.96,291.24,293.79,197842.0,0.0032440923371125
2025-10-01,356.17,356.9722,354.79,356.03,15573605.0,-0.000393070724654,292.68,294.4199,292.365,293.88,154969.0,0.0041000410004099
2025-10-02,358.26,358.67,351.4,354.79,16162043.0,-0.0096857031206385,295.22,296.19,293.82,296.08,184660.0,0.0029130817695276
2025-10-03,357.12,358.14,355.8,357.64,14463940.0,0.0014560931899641,296.73,297.95,295.34,295.95,102085.0,-0.002628652310181
2025-10-06,362.16,365.3,361.37,364.38,17093657.0,0.0061298873426109,298.3,298.3,295.2456,296.88,144690.0,-0.004760308414348
2025-10-07,366.508,367.27,364.55,366.26,16836709.0,-0.0006766564440612,297.0,297.3199,292.1,294.1,165378.0,-0.0097643097643096
2025-10-08,371.65,373.57,370.5,372.3,28052249.0,0.0017489573523477,295.19,297.464,294.55,297.11,153366.0,0.0065042853755209
2025-10-09,373.135,373.22,362.83,365.43,33674685.0,-0.0206493628311468,297.42,297.42,294.89,295.71,109613.0,-0.0057494452289692
2025-10-10,367.54,370.31,365.44,369.12,24192570.0,0.0042988518256515,296.54,297.195,287.56,287.68,205830.0,-0.0298779254063533
2025-10-13,376.5,378.86,375.5797,378.09,18514308.0,0.004223107569721,290.5,292.4,289.91,291.32,125103.0,0.0028227194492254
2025-10-14,378.21,382.38,377.9,380.79,18409632.0,0.0068216070437059,288.44,294.535,287.5,292.52,111859.0,0.0141450561641935
2025-10-15,385.93,387.755,384.59,387.39,20598293.0,0.0037830694685564,294.74,296.32,290.84,292.51,115146.0,-0.007565990364389
2025-10-16,391.15,396.87,390.4,396.45,33621414.0,0.0135497890834718,293.72,294.69,288.7765,289.14,114889.0,-0.0155930818466568
2025-10-17,397.14,397.28,385.22,388.99,62024955.0,-0.0205217303721608,288.15,290.14,286.94,289.01,116553.0,0.0029845566545202
2025-10-20,397.45,403.3,394.2,403.15,34522999.0,0.0143414265945401,291.7,293.1522,291.07,292.59,105023.0,0.0030510798765854
2025-10-21,386.54,388.89,375.65,377.24,54101416.0,-0.0240596057329125,292.5,294.13,291.1501,293.5,117445.0,0.0034188034188034
2025-10-22,372.75,378.47,368.93,377.28,30524126.0,0.0121529175050301,293.63,293.63,287.85,289.59,174941.0,-0.0137588121104792
2025-10-23,381.46,382.25,378.65,378.79,13695476.0,-0.0069994232684946,290.3,293.62,290.06,293.21,113169.0,0.0100241129865655
2025-10-24,378.51,380.77,376.81,377.52,13263691.0,-0.002615518744551,296.35,297.11,295.28,295.5,98069.0,-0.0028682301332884
2025-10-27,371.13,371.59,365.34,367.01,23657603.0,-0.011101231374451,298.14,298.66,297.38,298.12,109472.0,-6.708257865426247e-05
2025-10-28,361.81,365.3,360.12,364.38,19257448.0,0.0071031756999529,297.73,297.73,295.06,295.06,160235.0,-0.0089678567829913
2025-10-29,369.65,370.08,361.3601,363.0,18891807.0,-0.0179899905315838,294.56,295.31,291.87,293.07,170400.0,-0.005058392178164
2025-10-30,365.09,370.36,364.5,370.13,14812739.0,0.013804815251034,290.57,293.4551,289.14,289.54,179766.0,-0.0035447568572115
2025-10-31,370.47,370.6625,365.5,368.12,11077903.0,-0.0063432936540071,290.92,292.9599,290.147,291.9,98531.0,0.0033686236766119
